ID вопроса,Вопрос,Ответ на вопрос
1,Как просрочка по «беспроцентному» займу скажется на переплате/ПСК?,"
Согласно предоставленной информации, просрочка по займу, даже если он был изначально заявлен как ""беспроцентный"", повлияет на переплату и полную стоимость кредита (ПСК).

Вот как это происходит:

*   **Начисление штрафов и пеней:** За просрочку будут начисляться пени и штрафы, которые включаются в общую сумму переплаты.
*   **Увеличение долга:** Просрочка приводит к росту общей суммы долга, что, в свою очередь, увеличивает ПСК.
*   **Влияние на кредитную историю:** Информация о просрочке передается в бюро кредитных историй, что ухудшает кредитный рейтинг заемщика.
*   **Требование полной суммы долга:** При длительной просрочке (более 60 дней за последние полгода) кредитор может потребовать немедленно вернуть всю сумму долга с процентами. Для краткосрочных займов (менее двух месяцев) банк может потребовать вернуть всю сумму при просрочке в 10 дней.

Важно помнить, что даже если кредитор не напоминает о просрочке, это не означает, что долг будет забыт. Напротив, просрочка будет иметь негативные последствия для заемщика.

**Рекомендация:** Если у вас возникли трудности с погашением займа, рекомендуется как можно скорее связаться с кредитором для обсуждения возможных вариантов решения проблемы, например, реструктуризации долга или оформления кредитных каникул. В сложных ситуациях рекомендуется обратиться за консультацией к юристу или финансовому специалисту."
2,"Как действовать вкладчику при отзыве лицензии, учитывая лимит безопасной суммы?","
Если у вашего банка отозвана лицензия, вам следует действовать следующим образом:

**1. АСВ (Агентство по страхованию вкладов):**

*   Все российские банки, привлекающие средства физических лиц, обязаны быть участниками системы страхования вкладов. Это означает, что в случае отзыва лицензии вы можете рассчитывать на компенсацию от АСВ.
*   Гарантированная сумма компенсации составляет **до 1,4 млн рублей** по всем вашим счетам и вкладам в одном банке, включая начисленные проценты.
*   АСВ пересчитывает валютные сбережения в рубли по курсу на день отзыва лицензии у банка.

**2. Повышенная страховая выплата (до 10 млн рублей):**

В некоторых случаях вы можете рассчитывать на повышенную выплату:

*   **Счет эскроу:** Если деньги находились на счете эскроу для сделки с недвижимостью (купли-продажи или долевого строительства), вы можете получить до 10 млн рублей. Важно учитывать, что защита действует в определенный период, связанный с этапами сделки.
*   **Особые поступления:** Если на счет поступили деньги в качестве наследства, от продажи имущества, субсидий, социальных выплат, страховых возмещений, компенсаций ущерба или по решению суда – в пределах трех месяцев до отзыва лицензии.

**3. Что делать для получения выплаты:**

*   Вкладчики любого российского банка, входящего в ССВ, автоматически получают право на выплату страхового возмещения при наступлении страхового случая (отзыв лицензии или введение моратория).
*   Вам не нужно подавать никаких заявлений. АСВ самостоятельно определяет вкладчиков и начинает выплаты.
*   Информацию о порядке и сроках выплат АСВ публикует на своем сайте и в СМИ.

**4. Если сумма вкладов превышает 1,4 млн рублей:**

*   Безопаснее всего хранить крупные суммы в разных банках, чтобы в каждом из них у вас было не более 1,4 млн рублей с учетом будущих процентов. Это гарантирует вам быстрый возврат средств в случае отзыва лицензии у банка.

**Важно:**

*   Если у вас сложная ситуация или вы не уверены в своих правах, рекомендуется обратиться за консультацией к юристу или финансовому специалисту.
*   В случае отзыва лицензии у брокера, есть риск неполного возврата денег и ценных бумаг. Необходимо действовать согласно рекомендациям, описанным в статье «У моего брокера аннулировали лицензию. Что делать?».
*   Отзыв лицензии происходит в исключительных случаях, когда у банка возникают серьезные финансовые проблемы или признаки недобросовестной деятельности. Это делается для защиты интересов вкладчиков.
"
3,Как действовать при оспаривании незаконной продажи долга с учетом установленных сроков ответа на претензии?,"Если вы узнали о продаже своего долга уже новому кредитору, и вы считаете, что продажа была произведена с нарушениями (например, без вашего согласия), вот как вам следует действовать с учетом сроков ответа на претензии:

**1. Проверка информации и сбор доказательств:**

*   Свяжитесь с новым кредитором и запросите информацию о долге: название организации, номер кредитного договора, дату и сумму займа, а также документы, подтверждающие право требования долга.
*   Если договора под рукой нет, запросите у нового кредитора полные данные заемщика (ФИО, паспортные данные), чтобы убедиться, что речь идет именно о вашем долге.
*   Параллельно свяжитесь с прежним кредитором и запросите подтверждение (или опровержение) информации о продаже вашего долга, а также сведения о новом кредиторе, которому был переуступлен долг.

**2. Подготовка и отправка претензии:**

*   Если выяснится, что ваш долг был продан без вашего согласия, составьте письменную претензию прежнему кредитору. В претензии укажите:
    *   Ваши ФИО, паспортные данные, адрес.
    *   Номер кредитного договора и дату его заключения.
    *   Описание ситуации (узнали о продаже долга, не давали согласия на продажу).
    *   Ваши требования: прекратить действия нового кредитора, вернуть ваши данные из базы нового кредитора.
*   Претензию отправьте заказным письмом с уведомлением о вручении по адресу прежнего кредитора. Сохраните копию претензии и подтверждение отправки и получения.

**3. Сроки ответа на претензию:**

*   Согласно законодательству, кредитор обязан рассмотреть вашу претензию в течение **15 рабочих дней** со дня ее получения. Если для рассмотрения претензии потребуется дополнительная информация, кредитор может запросить ее у вас, увеличив срок рассмотрения до **25 рабочих дней**.

**4. Действия в случае отсутствия ответа или неудовлетворительного ответа:**

*   Если в течение указанных сроков вы не получили ответа на претензию, или ответ кажется вам формальным и не решает проблему, вы имеете право:
    *   Обратиться с жалобой в Банк России. Банк России осуществляет надзор за деятельностью кредитных организаций и может провести проверку в отношении кредитора.
    *   Обратиться в суд с иском к прежнему кредитору о признании незаконной продажи долга и защите ваших прав.

**Важно!**

*   Не игнорируйте письма и звонки от нового кредитора, особенно если вы оспариваете законность продажи долга. Ведите записи всех контактов.
*   Если у вас возникли трудности с составлением претензии, или вы не уверены в своих правах, рекомендуется обратиться за консультацией к юристу, специализирующемуся на кредитных спорах.

**Внимание!**

Помните, что срок исковой давности по кредиту составляет три года, но кредиторы обычно подают в суд гораздо раньше. Не стоит полагаться на срок исковой давности и ждать, пока долг ""обнулится"". Лучше принять активные меры для защиты своих прав и решения проблемы с долгом.
"
4,Как изменился лимит социального вычета на спорт по сравнению с 2022 годом?,"В 2022 году максимальная сумма расходов на спорт и фитнес, с которых рассчитывался налоговый вычет, составляла 120 000 рублей в год, что позволяло вернуть до 15 600 рублей (120 000 * 13%).

С 2024 года лимит социального вычета увеличен до 150 000 рублей в год, что позволяет вернуть до 19 500 рублей (150 000 * 13%). Таким образом, лимит на спорт увеличился на 30 000 рублей, а максимальная сумма возврата - на 3 900 рублей.

Важно помнить, что этот лимит является общим для всех социальных расходов (лечение, обучение, страхование и т.д.), а не только для спорта.
"
5,Чем отличаются сроки обращения за наследством по закону от сроков для налогового имущественного вычета?,"
Сроки обращения за наследством по закону и сроки для получения налогового имущественного вычета – это совершенно разные вещи, регулируемые разными нормами права.

**Сроки обращения за наследством:**

*   **Шесть месяцев** со дня смерти наследодателя – это предельный срок, в течение которого необходимо обратиться к нотариусу с заявлением о принятии наследства. Если этого не сделать, право на наследство будет утеряно, и имущество отойдет государству.
*   Однако, если все наследники известны и успели подать заявления (или отказаться от наследства), нотариус может выдать свидетельства о праве на наследство и раньше, чем через шесть месяцев.

**Сроки для получения налогового имущественного вычета:**

*   В отношении имущественного вычета (например, при покупке жилья) **ограничения по срокам обращения нет**. Вы можете обратиться за вычетом в любое время после покупки жилья.
*   Однако, вычет можно получить только с тех доходов, с которых был уплачен НДФЛ за **последние три года**. То есть, если вы купили жилье в 2024 году, вы можете вернуть часть уплаченного НДФЛ за 2021, 2022 и 2023 годы.
*   Для вычета по процентам по ипотеке также действует правило трехлетнего периода.

Таким образом, сроки для вступления в наследство – это жесткий срок, пропуск которого может привести к потере права на наследство. Сроки для получения налогового вычета более гибкие и связаны с периодом, за который можно вернуть уплаченный НДФЛ.

Если у вас возникли вопросы, связанные с конкретной ситуацией, рекомендуется обратиться к юристу или финансовому специалисту."
6,Почему при высокой долговой нагрузке банк может отказать в новом кредите?,"

Здравствуйте!

Банк может отказать в выдаче нового кредита при высокой долговой нагрузке (ПДН) по нескольким причинам, которые связаны с оценкой рисков. Вот основные из них:

*   **Высокий риск неплатежеспособности:** Если большая часть вашего дохода уже уходит на погашение существующих кредитов и займов, банк опасается, что вы не сможете вовремя и в полном объеме выплачивать новый кредит.
*   **Превышение допустимого ПДН:** В идеале, расходы на все кредиты и займы не должны превышать 30% вашего дохода. Если ПДН превышает 50%, банк может отказать, так как это указывает на высокий риск возникновения проблем с выплатами даже при небольших финансовых трудностях (например, потеря работы). Если кредиты ""съедают"" более 80% дохода, вероятность просрочки очень высока.
*   **Законодательные требования:** С 1 января текущего года банки и МФО обязаны рассчитывать ПДН заемщика и предупреждать его о рисках, если на погашение долгов уходит более 50% дохода.
*   **Оценка финансовой устойчивости:** Банк оценивает вашу способность справляться с финансовыми трудностями. Высокая долговая нагрузка говорит о том, что у вас мало ""финансовой подушки безопасности"" для непредвиденных обстоятельств.

**Что можно сделать в такой ситуации?**

*   **Уменьшить долговую нагрузку:** Постарайтесь досрочно погасить часть существующих кредитов, чтобы снизить ежемесячный платеж.
*   **Увеличить доход:** Если это возможно, найдите дополнительный источник дохода.
*   **Обратиться в МФО:** Микрофинансовые организации (МФО) могут быть более лояльными, но важно помнить, что ставки по займам в МФО обычно выше, чем в банках.
*   **Проверить кредитную историю:** Убедитесь, что в вашей кредитной истории нет ошибок.
*   **Обратиться за консультацией:** Если ситуация сложная, рекомендуется обратиться к финансовому консультанту или юристу для получения индивидуальных рекомендаций.

**Важно:** Прежде чем брать на себя новые долговые обязательства, тщательно оцените свои финансовые возможности и убедитесь, что сможете своевременно выполнять платежи. Внимательно читайте условия договора перед подписанием и обращайтесь только в проверенные финансовые организации. Вы можете проверить организацию в справочнике Банка России."
7,Что сделать первым делом при обнаружении мошеннического списания с карты?,"
Первым делом при обнаружении мошеннического списания с карты необходимо **немедленно заблокировать карту**. Номер телефона для блокировки указан на оборотной стороне карты, рекомендуется его заранее записать и хранить отдельно от карты и телефона.

Далее, как можно скорее, **сообщите в банк по горячей линии о краже денег** и **напишите заявление о несогласии с операцией** в отделении банка. Сделать это нужно не позднее следующего дня после получения уведомления от банка о списании.

Важно помнить, что если вы соблюдали правила использования карты (не сообщали ПИН-код и данные карты третьим лицам), у вас есть высокие шансы вернуть украденные деньги.

Также, рекомендуется обратиться в полицию и подать заявление о случившемся. Расследованием преступлений в интернете занимается Бюро специальных технических мероприятий (БСТМ) МВД России.
"
8,"Куда обращаться, если заемные деньги ушли мошенникам?","
Если заемные деньги ушли мошенникам, вот что можно предпринять, основываясь на предоставленной информации:

**1. Немедленно обратитесь в полицию и прокуратуру.** Это самый важный шаг, который может помочь вернуть потерянные средства через суд, если преступников удастся найти. Соберите все имеющиеся документы: договоры, квитанции, переписку.

**2. Обратитесь к кредитору (банк или МФО):**

*   **Напишите заявление:** Укажите, что вы не заключали договор и не получали деньги. Подчеркните, что подпись подделана или идентификация была проведена не вами. Если паспорт был украден, приложите копию справки из полиции.
*   **Потребуйте расследование:** Попросите кредитора провести внутреннее расследование и прекратить требовать возврат долга. Кредитор должен изучить записи с камер, сканы документов, переписку и другие доказательства.
*   **В случае онлайн-займов:** МФО должны проверить данные заемщика, фотографии и действия посредников.

**3. Пожалуйтесь в Банк России:** Если кредитор формально подходит к проверке и не учитывает ваши доказательства (например, справку об утере паспорта или подтверждение вашего нахождения в отпуске в момент оформления кредита), обратитесь в Банк России. Регулятор запросит отчет о реакции компании на ваше заявление.

**4. Обратитесь в общественные организации:**

*   Федеральный общественно-государственный фонд по защите прав вкладчиков и акционеров (Федфонд).
*   Союз защиты прав потребителей финансовых услуг (ФинПотребСоюз).

**5. Если банк или МФО выдали деньги досрочно или без периода охлаждения:** Они нарушили закон. В этом случае, во время следствия, банк или МФО не смогут требовать у вас возврата кредита или займа. Решение о признании кредитного договора недействительным примет суд.

**6. Для предотвращения подобных ситуаций в будущем:** Установите самозапрет на кредиты и займы, чтобы мошенники не могли брать кредиты на ваше имя.

**Важно:**

*   Сохраняйте все документы, связанные с инцидентом.
*   Не замалчивайте случаи мошенничества, чтобы помочь полиции быстрее поймать преступников.
*   Если вам нужна юридическая консультация, обратитесь к юристу или финансовому специалисту для получения конкретных рекомендаций по вашей ситуации.

**Помните:** Банк России не выплачивает компенсации пострадавшим от мошенничества, но проводит расследование и передает информацию в полицию и прокуратуру.
"
9,Как с помощью госгарантий повысить шанс одобрения и какую долю кредита они покрывают?,"Государственные гарантии значительно повышают шансы на одобрение кредита, особенно для начинающих предпринимателей или компаний с ограниченным залогом. Это связано с тем, что Корпорация МСП или региональные гарантийные организации (РГО) берут на себя часть риска невозврата кредита.

**Какую долю кредита покрывают гарантии:**

*   **Зонтичный механизм поручительств Корпорации МСП:** покрывает до 50% суммы кредита, но не более 1 млрд рублей на срок до 10 лет.
*   **Поручительства РГО:** обычно покрывают до 70% суммы кредита (в некоторых регионах – до 100%), но лимиты по сумме поручительства меньше – до 25 млн рублей (в некоторых регионах до 100 млн рублей).
*   **Совместные поручительства:** При одновременном использовании поручительств РГО и Корпорации МСП покрытие может достигать 70-90% от размера кредита.

**Кто может получить государственную гарантию:**

*   Малые и средние предприятия.
*   Самозанятые.

**Важно:**

*   Поручительство Корпорации МСП для заемщика бесплатно, комиссию оплачивает банк.
*   Услуги РГО платные – от 0,5 до 3% годовых.
*   Вы можете обратиться в Корпорацию МСП через сервис поддержки предпринимателей, если банк или РГО необоснованно отказали вам в поддержке.

Подробную информацию о действующих программах и их условиях можно найти в статье «Как малому бизнесу получить кредит под госгарантию».

Для получения более конкретной консультации, соответствующей вашей ситуации, рекомендуется обратиться к финансовому специалисту или юристу."
10,Почему вклад безопаснее инвестиций в ценные бумаги?,"Вклад в банке считается более безопасным инструментом, чем инвестиции в ценные бумаги, по следующим причинам:

*   **Гарантированная доходность (для депозитов):** Процентная ставка по вкладу фиксируется заранее, и вы точно знаете, какой доход получите в конце срока.
*   **Страхование вкладов:** Вклады в банках застрахованы государством в пределах 1,4 млн рублей. Это значит, что даже если банк обанкротится, вы получите свои деньги обратно (в пределах этой суммы).
*   **Низкий риск:** Вклады не подвержены колебаниям рынка, как ценные бумаги.

В то время как инвестиции в ценные бумаги (акции, облигации, паи фондов) могут принести более высокую доходность, они сопряжены с риском потери части или всей суммы вложений. Цена ценных бумаг может падать из-за различных факторов, таких как экономическая ситуация, изменения в компании-эмитенте, политические риски и т.д.

**Важно помнить:**

*   Прежде чем инвестировать, необходимо сформировать финансовую подушку безопасности – сумму, достаточную для покрытия 3-6 месяцев ваших расходов.
*   Инвестировать следует только те деньги, которыми вы готовы рискнуть.
*   Если вы новичок в инвестициях, стоит обратиться к финансовому советнику за помощью в выборе подходящих инструментов.
*   Не стоит соблазняться на ""особо выгодные бумаги"", предлагаемые сотрудниками банка, так как они могут быть высокорискованными.

В целом, вклад – это более консервативный инструмент, подходящий для тех, кто хочет сохранить свои сбережения и получить небольшой гарантированный доход. Инвестиции в ценные бумаги – это более рискованный, но потенциально более прибыльный способ приумножить свой капитал.
"
11,"Каковы сроки блокировки перевода, а также решения финомбудсмена?","
## Сроки блокировки перевода и решения финомбудсмена:

**Сроки блокировки перевода:**

Согласно предоставленной информации, банк может заблокировать перевод в следующих случаях:

*   **Защита от мошенников:** Банк может заблокировать перевод на **два дня**, если реквизиты получателя оказались в базе счетов, замеченных в преступных схемах, или если операция выглядит подозрительной.
*   **Неуплата налогов:** Банк может приостановить операции по счетам по распоряжению налоговой инспекции. Сроки снятия блокировки зависят от устранения нарушений и обычно занимают **один-два дня** после подтверждения уплаты налогов и подачи соответствующих документов в ФНС.
*   **Подозрение в отмывании доходов:** В этом случае банк может приостановить операцию и потребовать объяснений. В случае неоднократных сомнительных операций, банк может расторгнуть договор обслуживания и ограничить доступ к счету и ДБО.

**Сроки рассмотрения дела финансовым омбудсменом:**

*   **Принятие решения об обращении:** В течение **трех рабочих дней** после получения заявления, омбудсмен сообщает, будет ли он рассматривать претензию.
*   **Сроки вынесения решения:**
    *   **15 рабочих дней** – при обращении, не касающемся перевода пенсионных накоплений.
    *   **20 рабочих дней** – при оспаривании перевода пенсионных накоплений.
    *   **30 рабочих дней** – если заявление подается через посредника.
*   **При проведении экспертизы:** Срок может быть продлен **на 10 рабочих дней** при необходимости проведения независимой экспертизы.
*   **Вступление решения в силу:** Решение вступает в силу через **10 дней** после его подписания.

**Важно:** Если вы не согласны с решением финансового омбудсмена, вы можете оспорить его в суде в течение **30 календарных дней** после вступления решения в силу. Банк может обжаловать решение в течение **10 рабочих дней**.
"
12,Почему иностранные депозитарные расписки и многие ETF могут быть заблокированы и кому они доступны?,"
Иностранные депозитарные расписки и многие ETF могут быть заблокированы из-за международных санкций против российских бирж и депозитариев. В результате инвесторы могут потерять возможность продать или купить эти активы. Даже расписки, выпущенные на акции отечественных компаний, считаются иностранными бумагами и также могут быть заблокированы.

В настоящее время приобрести расписки могут только **квалифицированные инвесторы**. Для неквалифицированных инвесторов российские брокеры ввели временное ограничение на покупку иностранных бумаг, в том числе расписок.

Что касается ETF, то иностранные фонды, торгующиеся на российских биржах и включающие активы из недружественных стран, также подвержены риску блокировки из-за санкций. Неквалифицированные инвесторы могут вкладываться в ETF из дружественных стран, но пока таких фондов на российских биржах нет. Покупка ETF на зарубежных биржах также сопряжена с риском блокировки активов.

В связи с этим, российские эмитенты сворачивают программы депозитарных расписок и конвертируют их в акции, чтобы инвесторы могли свободно ими распоряжаться.
"
13,Какие приемы помогут сократить импульсные покупки?,"Чтобы сократить импульсные покупки, можно использовать следующие приемы:

*   **Опция «отложить»:** Выберите понравившийся товар, посмотрите на него, потрогайте, а затем отложите покупку на несколько часов или даже на день. Это поможет вам понять, действительно ли вам нужна эта вещь.
*   **Составляйте списки покупок:** Это поможет вам покупать только то, что вам действительно необходимо, и избежать спонтанных трат.
*   **Внимательно читайте ценники:** Обращайте внимание на стоимость товара за единицу веса или объема, не поддавайтесь на уловки маркетологов с красными ярлыками скидок.
*   **Трезво оценивайте маркетинговые акции:** Подумайте, нужна ли вам эта вещь, даже со скидкой. Возможно, она вам не нужна и по полной цене.
*   **Не набирайте лишнего:** В магазинах товары расставлены определенным образом, чтобы вы покупали больше, чем планировали. Придерживайтесь своего списка покупок.
*   **Сделайте паузу:** Перед тем, как купить понравившуюся вещь, отложите покупку на несколько часов, дней или недель. Подумайте, действительно ли она вам нужна.
*   **Составьте список необходимых товаров и строго его придерживайтесь.**
*   **Заранее посчитайте, сколько примерно вы собираетесь потратить.**
*   **Не ходите по магазинам на голодный желудок.**
*   **Перед шопингом одежды и обуви проведите ревизию гардероба.**
*   **Не берите на входе корзинку или тележку, когда заскочили в магазин всего за парой продуктов.**
*   **Не ленитесь заглядывать на нижние или верхние полки.**
*   **Перед оплатой еще раз сверьтесь со своим списком.**

Также полезно помнить о **эффекте дефицита**, когда продавцы создают видимость нехватки товара, чтобы стимулировать покупку. Не поддавайтесь на этот прием и не спешите с покупкой.

В целом, важно пересмотреть свое финансовое поведение и перестать тратить деньги на то, что вам действительно не нужно.
"
14,Чем отличаются госгарантии по деньгам на эскроу от гарантий по накоплениям в НПФ?,"Государственные гарантии по деньгам на эскроу и накоплениям в НПФ существенно отличаются.

**Гарантии по деньгам на эскроу:**

*   Деньги на счетах эскроу, используемых для сделок с недвижимостью, застрахованы государственной системой страхования вкладов.
*   Максимальный размер возмещения составляет до 10 млн рублей, но эта сумма действует не постоянно. Она начинает действовать с даты подачи документов в Росреестр и заканчивается через 3 рабочих дня после регистрации права собственности покупателем. После этого лимит страховой выплаты снижается до стандартного – 1,4 млн рублей.
*   Гарантия распространяется на случаи проблем у банка, через который открыт эскроу-счет.

**Гарантии по накоплениям в НПФ:**

*   С 1 января 2023 года государство гарантирует сохранность не только обязательных пенсионных накоплений, но и отчислений на дополнительные пенсии в НПФ.
*   Все НПФ, предлагающие индивидуальные пенсионные планы, делают взносы в специальный гарантийный фонд, управляемый Агентством по страхованию вкладов (АСВ).
*   В случае потери НПФ лицензии или его банкротства, АСВ выплатит компенсации клиентам.
*   Размер и порядок выплат зависят от того, получает ли человек уже пенсию или только копит на нее.

Таким образом, гарантии по эскроу связаны со страхованием вкладов и защищают от рисков, связанных с банкротством банка, а гарантии по НПФ направлены на защиту пенсионных накоплений в случае проблем у самого НПФ.
"
15,Как распознать мошенников при возврате денег за отмененный рейс?,"Мошенники активно используют ситуацию с отменой авиарейсов, чтобы обмануть людей, предлагая ""компенсации"" в обмен на данные банковской карты. Вот на что следует обратить внимание, чтобы не стать жертвой:

*   **СМС или звонки с предложениями компенсации:** Мошенники могут рассылать СМС или звонить, предлагая компенсацию за отмененный рейс в обмен на предоставление полных реквизитов банковской карты. Будьте бдительны: банки и авиакомпании *никогда* не запрашивают полные данные карты по телефону или в сообщении.
*   **Слишком хорошие предложения:** Если предлагаемая компенсация кажется слишком заманчивой, это должно насторожить.
*   **Давление и спешка:** Мошенники могут торопить вас с принятием решения, чтобы вы не успели обдумать предложение или проверить информацию.
*   **Перевод денег:** Мошенники могут попросить вас перевести ""небольшую сумму"" для оформления компенсации. Ни в коем случае этого делать нельзя.

**Что делать, если вам предлагают компенсацию:**

1.  **Не сообщайте данные карты:** Никому не сообщайте секретные данные банковской карты, включая трехзначный код с обратной стороны, пароли и коды из сообщений от банка.
2.  **Свяжитесь с авиакомпанией напрямую:** Для получения информации о компенсации за отмененный рейс обращайтесь напрямую в авиакомпанию, а не через сомнительные предложения. Найдите официальный номер телефона или сайт авиакомпании.
3.  **Проверьте информацию:** Всегда перепроверяйте информацию, прежде чем совершать какие-либо действия.
4.  **Не переходите по подозрительным ссылкам:** Не переходите по ссылкам в СМС или электронных письмах от неизвестных отправителей.
5.  **Сообщите родителям:** Расскажите о случившемся родителям и попросите их помочь разобраться в ситуации.

Помните, мошенники постоянно изобретают новые схемы обмана. Будьте бдительны и не поддавайтесь на уговоры незнакомых людей. Если вы сомневаетесь в подлинности предложения, лучше перестраховаться и обратиться в банк или авиакомпанию напрямую.
"
16,Какие документы подойдут для подтверждения дохода при заявке на кредит?,"Для подтверждения дохода при заявке на кредит можно предоставить следующие документы:

*   **Справка об официальном доходе** (легко заказать на работе или на Госуслугах).
*   **Выписки с банковских и брокерских счетов**.
*   **Свидетельства о праве собственности** на квартиру, машину и другие активы.
*   **Договоры подряда**, если вы работаете внештатно.
*   **Договор аренды** с указанием ежемесячной платы, если вы сдаете квартиру.
*   **Выплаты по прежним кредитам** (кредитор может сделать вывод о вашем доходе, исходя из среднего размера выплат).
*   **Приказ о сокращении или копия трудовой книжки** с соответствующей записью.
*   **Справка от работодателя** о снижении зарплаты.
*   **Документ из центра занятости** о том, что вы встали на биржу труда.
*   **Иск в суд на работодателя**, если он задерживает зарплату.
*   **Свидетельство о смерти созаемщика** по кредиту (или близкого родственника, который помогал вам оплачивать кредит).
*   **Больничный лист** сроком больше месяца.
*   **Выписка из медицинской карты**, которая подтверждает необходимость дорогостоящего лечения.
*   **Справка об инвалидности**.
*   **Документы о повреждении имущества**, которое приносило доход, например, дома, который вы сдавали в аренду.
*   **Свидетельство о рождении ребенка**.

Лучше всего заранее обратиться в банк или МФО и обсудить, какие документы в вашем конкретном случае будут наиболее подходящими для подтверждения дохода.

Важно помнить, что кредитор будет ориентироваться на предоставленные документы, поэтому лучше предоставить максимально полную информацию. Если нет справок о доходе, кредитор может использовать другие способы расчета, и невозможно заранее узнать, какой именно метод будет выбран.  Поэтому рекомендуется оценить свою платежеспособность (ПДН) всеми возможными способами и учитывать наихудший сценарий.
"
17,Зачем частному клиенту следить за рейтингом страховщика на фоне возможной приостановки лицензии?,"Кредитный рейтинг страховщика — важный индикатор его финансовой устойчивости и надежности. Отслеживание этого рейтинга особенно актуально на фоне возможной приостановки или отзыва лицензии, поскольку он помогает оценить риски, связанные с выплатами по страховому полису. 

**Вот почему важно следить за рейтингом:**

*   **Оценка способности выплачивать страховые возмещения:** Высокий кредитный рейтинг говорит о том, что компания финансово стабильна и, скорее всего, сможет выполнить свои обязательства перед клиентами, даже если ее лицензия будет приостановлена или ограничена. Низкий рейтинг, наоборот, сигнализирует о финансовых проблемах и повышенном риске невыплаты.
*   **Предупреждение о потенциальных проблемах:** Снижение рейтинга может быть первым ""звонком"" о том, что у страховщика возникли трудности. Это дает вам время предпринять меры, например, обратиться в другую компанию или расторгнуть договор (если это возможно) до наступления страхового случая.
*   **Принятие обоснованного решения:** Информация о рейтинге поможет вам принять взвешенное решение о выборе страховщика и оценке рисков, связанных с конкретным полисом.
*   **Понимание перспектив:** Рейтинг позволяет понять, в каком направлении движется компания. Если рейтинг стабильно высокий, можно быть уверенным в надежности страховщика. Если рейтинг снижается, это повод задуматься о пересмотре сотрудничества.

В случае приостановки или отзыва лицензии у страховщика, информация о его кредитном рейтинге позволит вам понять, насколько вероятно получить страховую выплату и стоит ли ожидать задержек или проблем.

**Где можно узнать кредитный рейтинг страховщика:**

*   На сайтах рейтинговых агентств, аккредитованных Банком России. (В России это, например, АКРА, Эксперт РА)
*   На сайте Банка России.
*   На сайте страховой компании (часто публикуют информацию о своем рейтинге).

**Важно помнить:** Кредитный рейтинг — не единственное, на что стоит обращать внимание при выборе страховщика. Также важно учитывать репутацию компании, отзывы клиентов, условия страхования и другие факторы.

В случае возникновения проблем или сомнений, связанных с деятельностью страховой компании, рекомендуется обратиться за консультацией к юристу или финансовому специалисту."
18,Чем для вкладчика отличается санация от отзыва лицензии?,"Санация и отзыв лицензии – это совершенно разные сценарии развития событий для банка, и для вкладчика они имеют разные последствия.

**Санация** – это процедура финансового оздоровления банка. Это означает, что банк испытывает финансовые трудности, но Банк России решил ему помочь. В этом случае вы как клиент *никаких потерь не понесете* – можете не беспокоиться. Все условия по вашим вкладам и кредитам останутся прежними, вы даже можете не заметить, что банку оказывают помощь.

**Отзыв лицензии** – это крайняя мера, к которой прибегают, когда банк находится в очень тяжелом финансовом состоянии и не может выполнять свои обязательства перед клиентами. В этом случае Агентство по страхованию вкладов (АСВ) начинает выплаты вкладчикам в пределах 1,4 млн рублей (в некоторых случаях – до 10 млн рублей, например, по счетам эскроу или для денег, поступивших на счет не ранее чем за три месяца до отзыва лицензии). На возврат остальной суммы можно рассчитывать только в ходе длительной процедуры банкротства.

Таким образом, **при санации банк продолжает работать и выполнять свои обязательства**, а **при отзыве лицензии банк прекращает свою деятельность, и вкладчикам приходится ждать выплат от АСВ**.
"
19,Какие лимиты действуют на выплаты клиентам МФО по сравнению с гарантиями для клиентов НПФ?,"
В отношении МФО, лимиты на займы составляют:

*   Не более 1 млн рублей, если МФО является микрофинансовой компанией (МФК).
*   Не более 500 000 рублей, если МФО работает как микрокредитная компания (МКК), индивидуальный предприниматель или юридическое лицо.
*   Инвестиции в МФО ограничены суммой от 1,5 млн рублей.

В отношении НПФ, государство гарантирует выплаты по дополнительным пенсионным отчислениям. Если НПФ обанкротится:

*   Если выплаты уже начались, их продолжит начислять новый НПФ, но с ограничением максимальной суммы ежемесячных платежей до четырех размеров социальной пенсии по старости.
*   Если вы еще копите, АСВ выплатит компенсацию, учитывающую взносы и инвестиционный доход, но с максимальным размером возмещения 2,8 млн рублей.
*   Если на счете больше 2,8 млн рублей, придется дождаться ликвидации фонда и распределения активов, что может занять больше года. В этом случае, возмещение будет зависеть от остатка активов фонда после выплаты компенсаций другим кредиторам.

Таким образом, лимиты и гарантии существенно различаются. В МФО лимиты касаются суммы займа или инвестиций, а в НПФ – максимальной суммы компенсации в случае банкротства фонда. Гарантии в НПФ предоставляются государством через АСВ, в то время как в МФО таких гарантий нет."
20,Какие банковские инструменты подходят для безопасных расчетов и для возврата денег при споре?,"
Для безопасных расчетов и возможности возврата денег при споре можно рассмотреть несколько банковских инструментов, учитывая информацию из предоставленных документов:

**1. Банковская ячейка:**

*   **Как работает:** Покупатель и продавец арендуют банковскую ячейку, куда покупатель помещает деньги. Доступ к ячейке открывается только при предоставлении документов, подтверждающих сделку.
*   **Преимущества:** Деньги защищены от кражи, и при отзыве лицензии у банка их можно забрать полностью.
*   **Недостатки:** Ячейки есть не во всех отделениях, аренда стоит денег (около 4000-7500 рублей), возможны дополнительные расходы на проверку подлинности купюр. Существует риск ограбления (хотя ячейки хорошо защищены).
*   **Возврат денег:**  При споре, деньги остаются в ячейке до разрешения ситуации.

**2. Эскроу-счета (для договоров долевого строительства):**

*   **Как работает:** Деньги покупателя замораживаются на специальном эскроу-счете до выполнения застройщиком своих обязательств (например, сдачи дома в эксплуатацию).
*   **Преимущества:** Защита от рисков невыполнения застройщиком своих обязательств.
*   **Недостатки:**  Применяется только для расчетов по договорам долевого строительства.
*   **Возврат денег:** Если застройщик не выполняет свои обязательства, деньги возвращаются покупателю с эскроу-счета.

**3. Обычный счет физического лица (с картой ""Мир""):**

*   **Как работает:**  При запросе возмещения через банк-агент, можно указать номер карты ""Мир"" для перевода денег.
*   **Преимущества:** Удобство и распространенность.
*   **Недостатки:**  Зависит от надежности банка и соблюдения правил безопасности.
*   **Возврат денег:**  При мошеннических операциях, при соблюдении определенных условий (не нарушены правила безопасности, своевременное оспаривание списания), возможен возврат денег.

**4. Банковские переводы с проверкой реквизитов:**

*   **Как работает:** С 25 июля банки обязаны проверять реквизиты получателя перед переводом денег, чтобы убедиться, что они не засветились в мошеннических схемах.
*   **Преимущества:**  Дополнительная защита от мошенничества. Банк обязан вернуть деньги, если перевод был осуществлен на мошеннический счет и проверка не была проведена.
*   **Недостатки:**  Если клиент настаивает на переводе, несмотря на предупреждение банка, банк не несет ответственности.

**Важно помнить:**

*   **Соблюдение правил безопасности:** Не сообщайте мошенникам конфиденциальные данные карты, логины и пароли от онлайн-банка.
*   **Своевременное оспаривание списаний:**  Не позднее следующего дня после получения уведомления об операции, которую вы не совершали.
*   **В случае отказа банка в возврате денег:** Обращайтесь в Банк России, ФССП или прокуратуру.

**Рекомендация:**

Для конкретной ситуации, особенно если речь идет о крупных суммах или сложных сделках, рекомендуется обратиться к юристу или финансовому специалисту для получения индивидуальной консультации. Они смогут оценить все риски и подобрать наиболее подходящий инструмент для безопасных расчетов и защиты ваших интересов."
21,Как безопасно настроить автоплатеж?,"Чтобы автоплатеж упростил, а не усложнил вашу жизнь, следуйте этим рекомендациям:

*   **Внимательно изучайте условия автоплатежа.** Проверьте наличие комиссий и узнайте, как банк будет уведомлять вас о сбоях в оплате и каким способом.
*   **Назначайте дату автоплатежа с запасом.** Учитывайте, что перечисление денег может занять 2-3 дня, а в случае технических проблем – и больше.
*   **Контролируйте платежи.** Регулярно проверяйте в личном кабинете банка или компании, проходил ли автоплатеж. Вовремя отключайте услугу, если она больше не нужна.
*   **Обновляйте реквизиты получателя**, если они изменились.
*   **Используйте отдельную дебетовую или предоплаченную карту/счет** для автоплатежей. Пополняйте ее на сумму, необходимую для ежемесячных счетов, и избегайте использования кредитных карт или карт с овердрафтом, чтобы не рисковать большими суммами в случае сбоев или кражи данных.
*   **Подключите СМС или push-уведомления** по всем банковским картам, чтобы оперативно узнавать о любых платежах, включая несанкционированные.

**Где настроить автоплатеж?**

Автоплатеж можно настроить через:

*   портал Госуслуги;
*   личный кабинет или мобильное приложение своего банка;
*   сайт компании-поставщика услуг.

**Новые возможности (СБП):**

С 1 апреля все крупные банки предлагают настроить автоплатежи через Систему быстрых платежей (СБП). Это позволяет:

*   оплачивать разовые покупки (например, такси);
*   подписаться на регулярные списания (например, онлайн-кинотеатр, интернет).

СБП – более безопасный способ оплаты, так как он не требует предоставления реквизитов карты компаниям.  Управлять автоплатежами и подписками можно в мобильном приложении банка.

**Общие рекомендации по безопасности онлайн-платежей:**

*   Вводите реквизиты карты только на проверенных сайтах.
*   Не используйте одинаковые пароли для разных онлайн-сервисов.
*   Будьте внимательны к фишинговым сайтам, маскирующимся под настоящие.

**Важно!** Если у вас возникли проблемы с автоплатежом или вы подозреваете мошеннические действия, обратитесь в свой банк или к юристу/финансовому специалисту для консультации."
22,Как мошенники крадут реквизиты при оплате онлайн?,"

Мошенники используют различные способы кражи реквизитов при оплате онлайн. Вот основные из них:

*   **Фишинг:** Создание сайтов-дубликатов известных онлайн-магазинов и сервисов, отличающихся от настоящих всего на несколько символов. На этих поддельных сайтах выманиваются личные данные и реквизиты карт. Важно внимательно проверять адрес сайта перед оплатой и сохранять часто используемые сайты в закладках.
*   **Вредоносные программы и вирусы:** Рассылка сообщений со ссылками на вредоносные программы или файлы, содержащие вирусы. Они могут получить удаленный доступ к вашим устройствам и украсть секретные данные.
*   **Социальная инженерия:** Выманивание конфиденциальной информации под предлогом различных ситуаций, например, как в случае с продажей холодильника через интернет.
*   **Запрос конфиденциальных данных:** Мошенники могут запрашивать номер карты, имя и фамилию владельца, срок действия, CVV/CVC код (три цифры на обратной стороне), ПИН-код и коды из SMS для подтверждения платежей.

**Важно помнить:**

*   Банк не компенсирует убытки, если вы сами сообщили мошенникам конфиденциальную информацию или установили шпионскую программу.
*   Мошенники предпочитают быстрые переводы по номеру карты или электронного кошелька, так как их сложнее отменить.

**Рекомендации для защиты:**

*   Будьте внимательны при вводе реквизитов на сайтах.
*   Используйте отдельные дебетовые карты для онлайн-покупок с ограниченной суммой.
*   Рассмотрите использование виртуальных карт для онлайн-платежей.
*   Не переходите по подозрительным ссылкам и не открывайте вложения от неизвестных отправителей.
*   Не сообщайте никому свои конфиденциальные данные, включая CVV/CVC код и коды из SMS.

Если вы стали жертвой мошенников или подозреваете попытку мошенничества, немедленно обратитесь в свой банк и в правоохранительные органы. Для получения более подробной консультации по конкретной ситуации, рекомендуется обратиться к юристу или финансовому специалисту."
23,"Чем отличаются ОСАГО, каско, ДСАГО по выплатам?","Различия между ОСАГО, каско и ДСАГО заключаются в следующем:

**ОСАГО (Обязательное страхование автогражданской ответственности)** — это обязательное страхование, которое покрывает ущерб, нанесенный вами другим участникам дорожного движения (их имуществу или здоровью) в случае ДТП по вашей вине. Выплаты производятся пострадавшей стороне, а не вам.  Полис ОСАГО обязателен для управления транспортным средством.

**Каско** — это добровольное страхование, которое защищает *вас* как владельца автомобиля. Оно покрывает ущерб, нанесенный *вашему* автомобилю независимо от того, кто виноват в ДТП (даже если виновник вы сами). Вы можете получить денежную выплату или ремонт за счет страховой компании. Тарифы каско устанавливаются каждой страховой компанией самостоятельно.

**ДСАГО (Добровольное страхование автогражданской ответственности)** — это тоже добровольное страхование, которое дополняет ОСАГО. Оно начинает действовать, когда выплат по ОСАГО недостаточно для полного возмещения ущерба пострадавшей стороне. Вы сами выбираете размер максимального покрытия (например, до 30 миллионов рублей). ДСАГО позволяет вам защититься от больших финансовых рисков в случае серьезного ДТП, где ущерб пострадавшим превышает лимиты ОСАГО.

**Ключевые отличия по выплатам:**

*   **ОСАГО:** Выплаты получает пострадавшая сторона.
*   **Каско:** Выплаты получает владелец застрахованного автомобиля.
*   **ДСАГО:** Выплаты получает пострадавшая сторона (если выплаты по ОСАГО недостаточны).

Если у вас есть конкретная ситуация или вам нужна консультация по выбору оптимального вида страхования для ваших нужд, я рекомендую обратиться к юристу или финансовому специалисту. Они смогут учесть все ваши обстоятельства и предоставить квалифицированный совет."
24,Какие базовые меры кибербезопасности соблюдать при онлайн‑оплате услуг?,"
При онлайн-оплате услуг важно соблюдать ряд базовых мер кибербезопасности, чтобы защитить свои финансовые данные. Вот основные рекомендации:

1.  **Используйте только личные устройства:** Оплачивайте услуги и заходите в свой интернет-банк только с личного компьютера, планшета или смартфона, на которых установлен пароль.
2.  **Защититесь от вирусов:** Установите антивирусное программное обеспечение на все свои устройства и регулярно обновляйте его.
3.  **Выбирайте безопасные сайты:**
    *   Не переходите по ссылкам из подозрительных писем или СМС.
    *   Вводите адрес сайта банка вручную или сохраняйте его в закладках.
    *   Убедитесь, что адрес сайта начинается с ""https://"" и в адресной строке есть значок замка, что указывает на безопасное соединение.
    *   Проверяйте сертификат безопасности сайта, нажав на значок замка.
    *   Отдавайте предпочтение известным интернет-магазинам и сервисам, изучая отзывы о них.
4.  **Используйте системы безопасных платежей:** При оплате ищите логотипы MasterCard SecureCode, Visa Secure и Mir Accept. Эти программы используют технологию 3D-Secure для дополнительной защиты.
5.  **Заведите отдельную карту для онлайн-покупок:** Используйте отдельную дебетовую карту для онлайн-покупок и кладите на нее только ту сумму, которую планируете потратить. Рассмотрите возможность использования виртуальной карты, предназначенной для онлайн-платежей.
6.  **Никому не сообщайте персональную информацию:** Никогда не сообщайте данные своей карты, персональные данные или коды из СМС посторонним лицам. Даже сотрудники банка не должны запрашивать у вас ПИН-код или CVV/CVC-код.
7.  **Подключите СМС-оповещения:** Подключите СМС-оповещения об операциях по карте, чтобы оперативно узнавать о любых платежах.
8.  **Пользуйтесь системами мобильных платежей:** По возможности, оплачивайте покупки через Apple Pay, Google Pay, Mir Pay или Samsung Pay, так как они шифруют данные карты и не передают их продавцу.

Соблюдение этих простых правил поможет вам значительно снизить риск стать жертвой кибермошенников при онлайн-оплате услуг.
"
25,Зачем и в каких случаях инвесторам нужно проходить тестирование перед сделками с облигациями и при маржинальной торговле?,"
Инвесторам необходимо проходить тестирование перед сделками с облигациями (определенными видами) и при маржинальной торговле для оценки их знаний и понимания рисков, связанных с этими финансовыми инструментами.

**Тестирование при сделках с облигациями:**

*   **Какие облигации требуют тестирования:** Для покупки облигаций российских и иностранных эмитентов с низким кредитным рейтингом, структурных облигаций или облигаций со структурным доходом необходимо пройти специальное тестирование.
*   **Цель тестирования:** Тесты позволяют оценить, понимаете ли вы особенности и риски этих инструментов, и готовы ли вы вкладывать в них деньги.
*   **Содержание теста:** Тестирование проверяет знание определений кредитного рейтинга, ликвидности облигаций, порядка выплат по структурным облигациям и т.д.
*   **Результат тестирования:** Успешная сдача теста открывает доступ к более широкому спектру облигаций.

**Тестирование при маржинальной торговле:**

*   **Почему необходимо тестирование:** Маржинальная торговля связана с высокими рисками, поэтому неопытным инвесторам необходимо пройти тестирование перед началом торговли с плечом.
*   **Цель тестирования:** Оценить знания инвестора о маржинальной торговле, включая определение, право брокера брать плату за маржинальный кредит, оценку возможных убытков и сценарии принудительного закрытия позиции.
*   **Пересдача теста:** Тест можно пересдавать неограниченное количество раз.
*   **Возможности для тех, кто не сдал тест:** Даже если тест не пройден, брокер может разрешить совершать необеспеченные сделки на сумму до 100 000 рублей, предупредив о рисках.

В обоих случаях тестирование направлено на защиту инвесторов от необдуманных рисков и обеспечение осознанного принятия инвестиционных решений.

Для подготовки к тестированию рекомендуется пройти обучение, информацию о котором можно найти в статье «Где учиться инвестировать».
"
26,Можно ли продать ипотечную квартиру при разводе без суда?,"Да, продать ипотечную квартиру при разводе без суда возможно, но это потребует согласия банка и обоюдного согласия супругов. Вот несколько вариантов, как это можно сделать, основываясь на предоставленной информации:

1.  **Соглашение с банком и продажа заложенной квартиры с разделением денег:** Супруги могут договориться с банком о продаже квартиры. Вырученные средства пойдут на погашение ипотеки, а оставшаяся сумма будет разделена между супругами пропорционально их долям (как они договорятся). Этот вариант описан в документе ""Как делится ипотечное жилье и кредит по соглашению сторон"" (вариант 5).

2.  **Разбить кредит и физически разделить жилье:** Если это возможно технически и банк не возражает, можно выделить доли каждого супруга в квартире и разделить кредит на два отдельных кредитных договора (вариант 2). В этом случае каждый будет рассчитываться с банком самостоятельно.

3.  **Переоформить кредит и недвижимость на одного из супругов:** Один из супругов может отказаться от своей доли в квартире и долге, а второй возьмет на себя ипотечный кредит полностью (вариант 1). В этом случае, супруг, отказывающийся от доли, может претендовать на компенсацию половины выплаченных взносов.

**Важные моменты:**

*   **Согласие банка:** Любые сделки с ипотечной недвижимостью требуют одобрения банка. Банк может отказать в согласии, если есть основания (например, если банк уже подал иск о взыскании долга, или если жилье заложено у других кредиторов).
*   **Соглашение между супругами:** Необходимо, чтобы супруги пришли к соглашению о разделе имущества и долга. Это соглашение можно зафиксировать у нотариуса.
*   **Заявление в банк:** Если вы решили продать квартиру, необходимо подать в банк заявление о самостоятельной продаже недвижимости.
*   **Минимальная цена продажи:** Банк может установить минимальную цену продажи, достаточную для полного погашения кредита.

Если супруги не могут договориться между собой или банк не идет навстречу, придется обращаться в суд для раздела имущества и долга.

**Рекомендация:**

В любом случае, учитывая сложность ипотечных отношений, рекомендуется обратиться к юристу или финансовому специалисту для получения консультации по конкретной ситуации и составления необходимых документов.
"
27,Как изменится доступ неквалифицированного инвестора к иностранным акциям на российских биржах с 2025 года?,"
С 1 января 2025 года неквалифицированным инвесторам будут доступны бумаги иностранных эмитентов только из стран ЕАЭС. Это связано с риском блокировки зарубежных активов на счетах россиян. Больше 5 млн россиян уже столкнулись с заморозкой иностранных акций и облигаций.

Кроме того, с 1 апреля неквалифицированные инвесторы смогут покупать паи любых иностранных инвестиционных фондов (ETF), привязанных к ведущим мировым биржевым индексам, после прохождения специального тестирования. До этого без тестирования были доступны паи только тех иностранных фондов, которые входят в первый и второй котировальные списки российских бирж, а также ETF с привязкой к ведущим зарубежным индексам, если создатель фонда обязывался мгновенно продавать и выкупать свои паи по требованию клиентов российской биржи.

В целом, доступ к иностранным активам для неквалифицированных инвесторов становится более ограниченным и требует дополнительных действий (тестирования) для доступа к определенным инструментам.
"
28,Зачем добавлять золото в портфель в период нестабильности рынка?,"Вложения в золото и другие драгоценные металлы могут быть надежным способом сохранения сбережений, особенно в периоды экономической нестабильности. Вот почему:

*   **Защита от обесценивания:** Золото, в отличие от ценных бумаг и валюты, не может обесцениться до нуля даже в периоды гиперинфляции и глобальных потрясений.
*   **Рост в периоды спадов:** Во время экономических спадов, когда акции и другие активы дешевеют, спрос и цены на золото и серебро обычно растут. Например, в 2020 году, в разгар пандемии, цена золота значительно выросла.
*   **Страховка от потерь:** Драгоценные металлы в инвестиционном портфеле могут служить страховкой от больших потерь во время нестабильности на фондовом рынке.

Однако важно учитывать и некоторые нюансы:

*   **Волатильность цен:** Цены на золото и другие металлы сами по себе могут сильно колебаться, особенно на коротком сроке.
*   **Долгосрочные инвестиции:** Вложения в драгоценные металлы обычно рекомендуются как долгосрочные (10-20 лет), так как на длинной дистанции их стоимость чаще всего обгоняет инфляцию.
*   **Диверсификация:** Не стоит вкладывать все свободные деньги только в золото. Разумнее диверсифицировать свой инвестиционный портфель, включив в него различные виды активов.

**Как можно инвестировать в драгоценные металлы:**

*   **Покупка слитков:** Позволяет владеть реальными ценностями, но требует затрат на хранение и может быть сложно продать.
*   **Инвестиционные монеты:** Удобны для хранения, но могут быть дороже металла из-за комиссии банков.
*   **Обезличенный металлический счет (ОМС):** Позволяет покупать ""виртуальный"" металл в банке, но не подпадает под систему страхования вкладов.
*   **Покупка на бирже:** Предлагает более низкие комиссии и возможность использования индивидуального инвестиционного счета (ИИС).
*   **Паевые инвестиционные фонды (ПИФы):** Позволяют вложиться в портфель драгоценных металлов, управляемый профессионалами.
*   **Ценные бумаги компаний, добывающих драгметаллы:** Могут принести дополнительный доход, но связаны с рисками, связанными с деятельностью этих компаний.

**Важно помнить:**

Прежде чем принимать решение об инвестициях в драгоценные металлы, рекомендуется оценить свои финансовые цели, срок инвестирования, склонность к риску и проконсультироваться с финансовым специалистом."
29,Чем отличаются кредитные каникулы от внесудебного банкротства?,"Кредитные каникулы и внесудебное банкротство – это два совершенно разных инструмента для решения финансовых проблем, хотя оба связаны с долгами.

**Кредитные каникулы** – это временная отсрочка платежей по кредитам и займам. Простыми словами, это перерыв в выплатах на срок до полугода. Во время каникул проценты по кредитам продолжают начисляться, и их приплюсуют к основному долгу после окончания каникул. Кредитные каникулы доступны людям, столкнувшимся с ухудшением финансового положения (снижение дохода более чем на 30%) или попавшим в зону ЧС, а также участникам СВО.  Для бизнеса также предусмотрены кредитные каникулы, особенно для малых и средних предприятий из отраслей, пострадавших от санкций.  Важно понимать, что кредитные каникулы не списывают долг, а лишь дают время на восстановление финансового положения.

**Внесудебное банкротство** – это процедура списания долгов, доступная определенной категории граждан (с долгом от 25 000 до 1 000 000 рублей), которые соответствуют определенным критериям (например, судебные приставы не обнаружили имущества для погашения долга, или взыскание долга длится более 7 лет).  После принятия заявления на упрощенное банкротство, взыскание долгов через суд становится невозможным, и долг перестает расти. Если в течение полугода не будет обнаружено нового имущества или доходов, долг будет списан. Однако, внесудебное банкротство имеет свои минусы: нельзя брать новые кредиты в течение полугода, информация о банкротстве отражается в кредитной истории 5 лет, и есть ограничения на управление юридическими лицами в течение 3 лет после банкротства.

**Ключевые отличия:**

*   **Цель:** Кредитные каникулы – это временная помощь, а внесудебное банкротство – это списание долгов.
*   **Списание долга:** Кредитные каникулы не предусматривают списание долга, а внесудебное банкротство позволяет списать долги.
*   **Доступность:** Кредитные каникулы доступны более широкому кругу людей, а внесудебное банкротство имеет более строгие критерии.
*   **Последствия для кредитной истории:** Кредитные каникулы не влияют на кредитную историю, а внесудебное банкротство отражается в кредитной истории в течение 5 лет.

Если у вас тяжелая финансовая ситуация и вы не видите возможности погасить свои долги, внесудебное банкротство может быть вариантом. Однако, перед принятием решения, рекомендуется проконсультироваться с юристом или финансовым специалистом, чтобы оценить все риски и последствия.
"
30,"Какие гранты доступны начинающему предпринимателю, а какие налоговые каникулы предусмотрены?","Для начинающего предпринимателя существует несколько видов государственной поддержки.

**Гранты:**

Начинающие бизнесмены могут получить грант на создание или развитие своего дела в размере от 100 000 до 500 000 рублей (или до 1 млн рублей, если они работают в Арктической зоне). Эти средства можно направить на:

*   Аренду помещения
*   Ремонт помещения
*   Покупку программного обеспечения и оргтехники
*   Оплату франшизы
*   Присоединение к электросетям
*   Услуги связи
*   Авансы при заключении договора лизинга
*   Приобретение основных средств производства (станки, оборудование).

Важно: Грант нельзя потратить на покупку недвижимости и транспорта.

**Кто может получить грант:**

*   Индивидуальные предприниматели
*   Учредители предприятий (с долей в капитале не менее 50%) в возрасте до 25 лет включительно.

**Дополнительные условия:**

*   Долги по налогам и взносам не должны превышать 1000 рублей.
*   Предприниматель и его бизнес не должны быть зарегистрированы в Москве.
*   Необходимо пройти бесплатное обучение по основам предпринимательской деятельности (не менее 16 часов) в центре «Мой бизнес» или на цифровой платформе МСП.
*   При использовании гранта необходимо софинансирование – не менее 25% собственных средств.
*   Грант можно получить только в регионе регистрации бизнеса.

**Налоговые льготы (налоговые каникулы):**

В некоторых регионах действуют местные законы, устанавливающие нулевые ставки для начинающих предпринимателей, выбравших ПСН (патентную систему налогообложения) и УСН (упрощенную систему налогообложения).  Такие льготы обычно предоставляются на два налоговых периода подряд (до двух лет) для тех, кто только зарегистрировал ИП и работает в производстве, науке, сфере социальных или бытовых услуг.

**Где искать информацию и помощь:**

*   Обращаться за грантом нужно в местные органы власти.
*   В центрах «Мой бизнес» помогут подготовить заявку и бизнес-план.
*   На сайте Корпорации МСП и государственном портале «Мой бизнес» можно подобрать льготные программы, действующие в вашем регионе.
*   На Цифровой платформе МСП и на сайте ФНС есть онлайн-тесты для выбора подходящего налогового режима.

**Важно:**  Гранты и субсидии – это целевое финансирование, и их можно использовать только на указанные цели. В противном случае, средства придется вернуть.

Для получения более подробной информации и консультации по конкретному случаю, рекомендую обратиться к юристу или финансовому специалисту.
"
31,"Чем отличаются ипотечные каникулы от кредитных, допускаются ли они при уже допущенной просрочке?","Ипотечные каникулы и кредитные каникулы – это разные инструменты, предназначенные для разных типов кредитов и имеющие различные условия.

**Ипотечные каникулы:**

*   Предназначены для кредитов, взятых под залог жилья (ипотеки).
*   Могут быть оформлены, если это ваше единственное жилье и сумма кредита не превышает 15 млн рублей.
*   Условия для оформления: потеря работы, потеря трудоспособности (болезнь, декрет) на срок от 2 месяцев, получение инвалидности I или II группы, существенное снижение дохода (более 30% по сравнению с предыдущим годом, при этом платежи по ипотеке составляют более половины дохода), появление новых иждивенцев с одновременным снижением дохода (более 20%, при этом ипотечный платеж превышает 40% дохода).
*   Можно оформить только **один раз** по конкретному кредитному договору.
*   Максимальный срок – 6 месяцев.
*   Банк не может расторгнуть договор и взыскать залог в период каникул.

**Кредитные каникулы:**

*   Предназначены для всех видов кредитов и займов, *кроме* ипотеки (потребительские кредиты, автокредиты, кредитные карты).
*   Сумма автокредита не должна превышать 1,6 млн рублей, потребительских кредитов/займов - 450 000 рублей, лимит по кредитной карте - 150 000 рублей.
*   Условия для оформления: существенное снижение доходов (более 30% по сравнению с предыдущим годом) или попадание жилья в зону чрезвычайной ситуации (ЧС).
*   Можно оформить один раз при снижении доходов и один раз при ЧС.
*   Максимальный срок – 6 месяцев.

**Допускаются ли каникулы при уже допущенной просрочке?**

Да, и ипотечные, и кредитные каникулы можно оформить, даже если у вас уже есть просрочки по платежам. Однако, если кредитор уже подал в суд иск о взыскании долга или залога, каникулы не остановят судебное разбирательство, но позволят заморозить штрафы и пени до вынесения решения судом.

В любом случае, если ваш случай не подходит под стандартные условия каникул, вы можете обратиться в банк для обсуждения возможности реструктуризации долга.
"
32,Как определить официальный сайт финансовой организации по признакам в поиске?,"Прежде чем зайти на сайт финансовой организации, убедитесь, что он промаркирован синим кружочком с галочкой в поисковых системах «Яндекс» и Mail.ru. Эта маркировка указывает на то, что сайт принадлежит организации с лицензией Банка России или является настоящим финансовым посредником.

Если галочки нет, это не всегда означает, что сайт нелегальный – возможно, он просто не успел получить маркировку. Однако в большинстве случаев отсутствие галочки говорит о том, что перед вами сайт мошенников, и на него лучше не заходить.

Помимо этого, при оценке сайта финансовой организации следует обращать внимание на следующие признаки:

*   **Наличие лицензии:** Убедитесь, что на сайте указан номер лицензии и что ее можно проверить в онлайн-справочнике Банка России.
*   **Соответствие названия:** Проверьте, соответствует ли название сайта названию организации, указанному в реестре Банка России.
*   **Качество дизайна:** Сайты мошенников часто имеют низкое качество дизайна и могут содержать ошибки.
*   **Наличие отчетности:** На сайте должны быть опубликованы уставные документы и финансовая отчетность организации.
*   **Контактные данные:** На сайте должны быть указаны все контактные данные организации, включая адрес, телефон, электронную почту и ИНН.

Если у вас есть сомнения в надежности финансовой организации, лучше обратиться к юристу или финансовому специалисту для получения консультации."
33,Чем различается ответственность по долгам ИП по сравнению с ООО?,"Давайте разберемся, стоит ли становиться ИП или есть альтернативы, и чем различается ответственность по долгам ИП и ООО.

**Варианты регистрации бизнеса:**

Существует три основных варианта:

1.  **Индивидуальный предприниматель (ИП):** Оптимален для небольшого бизнеса. Легче в регистрации и закрытии, проще отчетность. Можно получать кредиты и господдержку. Однако, ИП отвечает по долгам бизнеса всем своим имуществом.
2.  **Самозанятый:** Подходит для микробизнеса без наемных сотрудников. Самый простой способ легализации, минимальные налоги и отчетность. Но сложнее получить кредиты на развитие бизнеса (чаще доступны только потребительские кредиты) и есть ограничения по доходу (до 2,4 млн рублей в год).
3.  **Общество с ограниченной ответственностью (ООО):** Подходит для бизнеса с большими амбициями. Легче привлекать инвестиции и получать крупные кредиты. По долгам бизнеса отвечает только имущество компании, а не личное имущество учредителей. Однако, сложнее в регистрации и отчетности.

**Ответственность по долгам: ИП vs. ООО**

Ключевое различие между ИП и ООО заключается в степени ответственности по долгам:

*   **ИП:** Индивидуальный предприниматель отвечает по долгам бизнеса *всем своим имуществом*, включая личное (квартира, машина, и т.д.). Это означает, что если бизнеса не хватает для погашения долгов, кредиторы могут взыскать их с личного имущества ИП. Однако, есть исключения: неприкосновенным остается единственное жилье (за исключением ипотечного), предметы домашнего обихода, необходимые для жизни, инструменты для работы стоимостью до 10 000 рублей, домашний скот (если не используется в бизнесе) и другие вещи, перечисленные в законе.
*   **ООО:** Общество с ограниченной ответственностью отвечает по долгам только *имуществом компании*. Личное имущество учредителей защищено. Однако, если учредитель является поручителем по кредиту ООО, он несет ответственность по долгу своим имуществом.

**В заключение:**

Выбор между ИП и ООО зависит от ваших бизнес-планов и готовности к риску. Если вы начинаете небольшой бизнес и готовы рисковать своим имуществом, то ИП может быть хорошим вариантом. Если вы планируете привлекать инвестиции, брать крупные кредиты и хотите защитить свое личное имущество, то лучше выбрать ООО.

Если у вас возникнут дополнительные вопросы или вам потребуется консультация по конкретной ситуации, рекомендую обратиться к юристу или финансовому специалисту.
"
34,Что общего в последствиях просрочки по микрозайму и по займу через инвестиционную платформу?,"
Общие последствия просрочки по микрозайму и займу через инвестиционную платформу включают в себя следующее:

*   **Ухудшение кредитной истории:** В обоих случаях информация о просрочке будет передана в бюро кредитных историй, что негативно повлияет на вашу кредитную историю и затруднит получение кредитов в будущем.
*   **Начисление штрафов и пени:** Как по микрозайму, так и по займу через платформу, за просрочку будут начисляться штрафы, пени и неустойка, что увеличит сумму долга.
*   **Судебное разбирательство:** Если вы не погасите долг добровольно, кредиторы (МФО или инвесторы через платформу) имеют право обратиться в суд для принудительного взыскания долга.
*   **Уведомление о просрочке:** Кредиторы обязаны уведомлять вас о просрочках, хотя даже при отсутствии уведомления долг не исчезает и продолжает нарастать.
*   **Возможность требования всей суммы долга:** При длительной просрочке (более 60 дней) или при определенных условиях для краткосрочных займов, кредитор может потребовать немедленного возврата всей суммы долга с процентами, даже если срок договора еще не истек.

В обоих случаях важно заранее связаться с кредитором и попытаться найти решение, например, продлить срок займа, чтобы избежать просрочки и негативных последствий.
"
35,Как безопасно оплатить покупку онлайн?,"
Для безопасной оплаты покупок онлайн рекомендуется соблюдать следующие правила:

**1. Используйте только личные устройства:** Делайте покупки, заходите в свой интернет-банк или мобильный банк только с личного компьютера, планшета и смартфона, на которых установлен пароль. При потере устройства с подключенными услугами СМС-информирования или мобильного банка, немедленно обратитесь в банк для их отключения.

**2. Защититесь от вирусов:** Установите антивирусное программное обеспечение на все свои устройства, включая мобильные, и регулярно обновляйте его. Антивирус должен обеспечивать защиту от фишинга и вредоносных программ.

**3. Выбирайте безопасные сайты:**
   * Не переходите по ссылкам из писем и СМС от неизвестных отправителей.
   * Вводите адрес банка вручную или сохраняйте адреса важных сайтов в закладках.
   * Проверяйте адресную строку браузера: адрес должен начинаться с `https://` и содержать значок закрытого замка.
   * Убедитесь, что сертификат безопасности сайта выдан именно той организации, на сайте которой вы находитесь, и срок его действия не истек.
   * Отдавайте предпочтение известным интернет-магазинам и сервисам, изучите отзывы о них на независимых сайтах.
   * Обращайте внимание на наличие полной информации о продавце (телефон, адрес и т.д.).

**4. Используйте системы безопасных платежей:** При переходе на страницу оплаты ищите логотипы систем `MasterCard SecureCode`, `Visa Secure` и `Mir Accept`. Эти системы используют технологию 3D-Secure для дополнительной защиты. После ввода реквизитов карты вас перенаправят на безопасную страницу банка для подтверждения операции с помощью одноразового пароля из СМС-сообщения.

**5. Заведите отдельную карту для онлайн-покупок:** Используйте отдельную дебетовую карту для онлайн-покупок и вносите на нее только ту сумму, которую планируете потратить. Некоторые банки предлагают виртуальные карты, действительные только для одной онлайн-покупки.

**6. Не сообщайте персональную информацию:** Никогда не сообщайте посторонним данные своей карты, персональные данные и коды из СМС. Не разглашайте ПИН-код и CVV/CVC-код (три цифры на обратной стороне карты).

**7. Подключите СМС-оповещения:** Подключите СМС-оповещения об операциях по карте, чтобы оперативно узнавать о любых платежах и при необходимости блокировать карту.

**Дополнительные советы:**

*   **Оплата через системы мобильных платежей:** По возможности, выбирайте оплату через системы Apple Pay, Google Pay, Mir Pay или Samsung Pay, так как они обеспечивают дополнительный уровень безопасности.
*   **Избегайте ввода данных карты на сайтах:** Старайтесь не вводить реквизиты банковской карты напрямую на сайтах, выбирая оплату через системы мобильных платежей.
*   **Проверяйте страницу оплаты:** Перед вводом данных карты убедитесь, что это безопасный сайт (https:// и значок замка) и не стоит галочка около предложения «сохранить данные карты», если вы не уверены в надежности сайта.
*   **Будьте бдительны при подозрительно выгодных предложениях:** Остерегайтесь предложений с ценами значительно ниже рыночных или обещаниями быстрой доставки, особенно если требуется предоплата.
*   **Не переходите в мессенджеры:** Не переходите в чаты в социальных сетях или мессенджерах для совершения покупок, так как там вы не защищены.
*   **Используйте платежный сервис площадки:** При покупке на сайтах объявлений используйте платежный сервис самой площадки, который зарезервирует деньги до получения заказа.
*   **Составляйте договор при предоплате:** При серьезных сделках с предоплатой составляйте договор с указанием реквизитов продавца или его паспортных данных. Рассмотрите возможность использования аккредитива в банке или депозита нотариуса.

Соблюдение этих рекомендаций поможет вам обезопасить свои онлайн-покупки и избежать мошенничества.
"
36,Как снизить риск при онлайн‑покупках к школе?,"Здравствуйте!

Вы задали важный вопрос о безопасных покупках в преддверии учебного года. Мошенники очень часто используют желание людей сэкономить и предлагают поддельные магазины с огромными скидками, особенно на школьную форму и товары для школы.

Вот основные моменты, которые следует учитывать, чтобы не потерять деньги:

*   **Будьте внимательны к сайтам:** Прежде чем делать заказ в незнакомом магазине, тщательно изучите его. Проверьте, кому он принадлежит, поищите контакты, почитайте отзывы в интернете. Убедитесь, что адрес сайта начинается с ""https"", а в адресной строке есть значок закрытого замка – это говорит о защищенном соединении.
*   **Остерегайтесь подделок:** Мошенники создают сайты-дубликаты известных магазинов, отличающиеся всего парой символов в адресе. Внимательно проверяйте URL перед оплатой.
*   **Используйте отдельные карты:** Заведите отдельную дебетовую карту для онлайн-покупок и кладите на нее только ту сумму, которую планируете потратить. Или воспользуйтесь виртуальной картой, которую предлагают банки и платежные системы – у нее есть реквизиты, но нет физического носителя.
*   **Сохраняйте бдительность на маркетплейсах:** Даже на проверенных площадках убедитесь, что вы попали на настоящий сайт продавца.
*   **Не сообщайте личные данные:** Никогда и никому не сообщайте данные своей карты, CVV-код или пароли. Не переходите по подозрительным ссылкам и не вводите данные на сомнительных сайтах.
* **Используйте кэшбэк:** Оплачивайте покупки картой с кэшбэк-программой, чтобы вернуть часть потраченных денег.
* **Продавайте ненужные вещи:** Если у вас есть школьные вещи, которые уже не нужны, продайте их на специализированных сайтах, чтобы выручить деньги на новые покупки.
*   **Следите за распродажами:** Отслеживайте акции и скидки, но сравнивайте цены в разных магазинах, чтобы убедиться, что предложение действительно выгодное.
*   **Покупайте оптом с другими родителями:** Если возможно, скооперируйтесь с другими родителями для совместной закупки – это может дать скидку.

Если вы все же стали жертвой мошенников, немедленно обратитесь в свой банк и заблокируйте карту. Также можете обратиться в правоохранительные органы.

В целом, важно всегда быть бдительным и осторожным при совершении покупок в интернете. Помните, что слишком низкая цена – это часто признак мошенничества.

Если вам необходима более подробная консультация по конкретной ситуации, рекомендую обратиться к юристу или финансовому специалисту.
"
37,"Что произойдет с ипотекой при разводе, если один из супругов перестанет платить?","Если после развода один из супругов перестанет выполнять договоренности и платить по общей ипотеке, то, по большому счету, ипотеку придется гасить другому человеку. В противном случае есть риск потерять недвижимость. Тот, кто будет вносить чужие платежи, сможет потребовать у бывшего супруга компенсацию этих расходов через суд.

Если же оба супруга перестанут делать взносы, то банк начнет взыскание долга через суд, и оба заемщика лишатся ипотечного жилья. Банк продаст заложенную недвижимость и направит вырученные деньги на погашение ипотечного кредита. Оставшуюся сумму банк передаст бывшим супругам. Если они не смогут договориться о разделе этой суммы, им придется решать вопрос через суд.

Важно помнить, что любые сделки с ипотечной недвижимостью, включая раздел, проходят только с согласия банка. Если банк возражает, выделение долей супругов возможно только через суд. Однако, даже если доли будут выделены, банк продолжит требовать своевременную и полную выплату ипотечных платежей. Если один из супругов перестанет платить, банк может выставить на торги его долю недвижимости.

Существует несколько вариантов решения этой проблемы:

*   **Переоформить кредит и недвижимость на одного из супругов.**
*   **Выделить доли супругов в жилье и разделить кредит на два.**
*   **Разбить кредит и физически разделить жилье.**
*   **Досрочно погасить долг и продать жилье, разделив вырученные деньги.**
*   **Продать заложенную квартиру и разделить деньги.**
*   **Продолжать вместе погашать ипотеку.**

В любом случае, согласование с банком является обязательным. Если супруги не могут договориться, необходимо обращаться в суд.

Если ипотека была оформлена на одного из супругов до брака, то жилье, скорее всего, останется в его собственности, но суд может обязать его компенсировать бывшему супругу половину суммы ипотечных взносов, сделанных в браке.

В сложных ситуациях, связанных с разделом ипотечного жилья и долга, рекомендуется обратиться к юристу или финансовому специалисту для получения квалифицированной помощи и защиты своих прав."
38,Когда обращаться с жалобой в Банк России?,"Если у вас возникли проблемы с банком, например, банк без предупреждения меняет тарифы обслуживания, отказывает в проведении операций или иным образом ущемляет ваши права, вы можете обратиться с жалобой в Банк России. Также можно пожаловаться в Банк России, если финансовая организация (банк, брокер, страховщик и т.д.) не дает ответа на вашу письменную претензию в течение 15 рабочих дней (в сложных случаях – 25 рабочих дней) или дает формальный ответ.

Банк России не выплачивает компенсации пострадавшим, но рассматривает жалобы на подозрительные финансовые операции, проводит расследование и передает информацию в полицию и прокуратуру.

В случае, если банк отказывается предоставить кредит без страховки или навязывает страхование, можно обратиться в Банк России и Роспотребнадзор. Если страховая компания нарушает ваши права (например, отказывается выплачивать страховое возмещение или занижает выплату), можно обратиться к финансовому омбудсмену.

Если вы стали жертвой финансовых махинаций, обратитесь в Банк России, приложив документы, подтверждающие перевод или передачу денег мошенникам (договор, выписку по счету, квитанцию, скриншоты переписки). Также можно обратиться в общественные организации, такие как Федеральный общественно-государственный фонд по защите прав вкладчиков и акционеров (Федфонд) или Союз защиты прав потребителей финансовых услуг (ФинПотребСоюз).
"
39,Чем самозапрет на кредиты отличается от услуг кредитных брокеров?,"Самозапрет на кредиты и услуги кредитных брокеров – это совершенно разные вещи, предназначенные для решения разных задач.

**Самозапрет** – это самостоятельная мера, которую вы принимаете, чтобы защитить себя от мошеннических кредитов и займов. Вы оставляете отметку в своей кредитной истории, запрещающую банкам и МФО выдавать вам кредиты (за исключением ипотеки, автокредитов и образовательных кредитов). Оформить самозапрет можно бесплатно через Госуслуги или МФЦ. Важно понимать, что самозапрет блокирует *все* новые кредиты и займы (в зависимости от выбранных настроек), но не влияет на уже имеющиеся у вас кредиты и кредитные карты, которыми вы пользуетесь.

**Кредитные брокеры** – это посредники между вами и банками/МФО. Они могут помочь вам подобрать подходящие условия кредитования, собрать необходимые документы и подать заявки в разные организации. Однако их деятельность не регулируется законом, и они не могут гарантировать одобрение кредита или улучшить вашу кредитную историю. Более того, важно быть осторожным, так как среди кредитных брокеров встречаются мошенники.

В отличие от самозапрета, который вы контролируете самостоятельно, кредитный брокер – это третья сторона, и вы несете риски, связанные с его деятельностью. Самозапрет бесплатный, а услуги кредитного брокера обычно оплачиваются.
"
40,Когда наследник вправе рассчитывать на повышенное страховое возмещение по средствам из наследства с учетом требований к оформлению прав?,"В предоставленных документах нет информации о повышенном страховом возмещении, выплачиваемом из наследства. 

В документах указано, что наследники могут рассчитывать на компенсацию по вкладам наследодателя, если к 20 июня 1991 года у него были вклады, по которым он не получал компенсацию или получил ее не полностью. Для этого необходимо предоставить паспорт, документы, подтверждающие право на наследство, свидетельство о смерти вкладчика и заявление в банк.

Также можно получить компенсацию на оплату ритуальных услуг, если наследодатель умер в 2001-2023 годах. Размер выплаты зависит от суммы вклада на 20 июня 1991 года.

Для получения более детальной информации о страховом возмещении из наследства и требованиях к оформлению прав, рекомендую обратиться к юристу или финансовому специалисту. Они смогут проконсультировать вас с учетом вашей конкретной ситуации.
"
41,Зачем нужны обновления системы вместе с антивирусом для защиты от фишинга?,"
Для защиты от фишинга и других киберугроз необходимо использовать антивирус в комплексе с регулярными обновлениями системы. Вот почему:

*   **Антивирус обнаруживает известные угрозы:** Антивирусные программы распознают и блокируют известные вирусы, вредоносные программы и фишинговые сайты. Однако, киберпреступники постоянно разрабатывают новые методы атак.
*   **Обновления закрывают уязвимости:** Производители программного обеспечения регулярно выпускают обновления, которые устраняют уязвимости в операционных системах и приложениях. Эти уязвимости могут быть использованы злоумышленниками для проникновения в ваше устройство и кражи данных, в том числе для фишинговых атак.
*   **Комплексная защита:** Антивирус и обновления работают вместе, обеспечивая многоуровневую защиту. Антивирус обнаруживает известные угрозы, а обновления закрывают ""дыры"" в системе, предотвращая новые атаки.
*   **Защита от новых видов фишинга:** Фишинговые атаки постоянно эволюционируют. Обновления системы могут включать улучшения в браузерах и других приложениях, которые помогают распознавать и блокировать новые виды фишинговых сайтов и сообщений.
*   **Предотвращение эксплуатации уязвимостей:** Даже если вы не перейдете по фишинговой ссылке, злоумышленники могут использовать уязвимости в вашей системе для установки вредоносного ПО, которое будет красть ваши данные. Обновления системы помогают предотвратить это.

В тексте упоминается пример с уязвимостью в операционной системе телефонов, которая позволяла перехватывать трафик и получать доступ к личным данным, включая СМС от банка. Это демонстрирует, как важно своевременно обновлять программное обеспечение, чтобы защитить себя от киберугроз.

Помните, что даже самый лучший антивирус не сможет защитить вас, если вы не будете регулярно обновлять свою систему и соблюдать правила кибергигиены.
"
42,Как меняется роль Банка России в защите интересов клиентов при реорганизации НПФ по сравнению с его мандатом по контролю инфляции?,"Роль Банка России в защите интересов клиентов при реорганизации НПФ и его мандат по контролю инфляции существенно различаются по своему характеру и механизмам реализации, хотя обе функции направлены на обеспечение стабильности и защиты интересов граждан.

**Контроль инфляции:**

*   **Характер:** Это макроэкономическая функция, направленная на поддержание стабильности цен в стране. Банк России использует инструменты денежно-кредитной политики (например, ключевую ставку) для воздействия на общий уровень цен в экономике.
*   **Механизм:** Банк России действует на уровне всей экономики, стремясь к достижению целевого уровня инфляции (4%). Влияние на граждан происходит косвенно, через изменение процентных ставок, обменного курса и общего экономического климата.
*   **Защита интересов клиентов:** Контроль инфляции защищает интересы клиентов, сохраняя покупательную способность их средств (вкладов, сбережений, пенсий). Невысокая и предсказуемая инфляция позволяет гражданам и бизнесу планировать свои финансы на долгосрочную перспективу.

**Защита интересов клиентов при реорганизации НПФ:**

*   **Характер:** Это функция надзора и защиты прав потребителей финансовых услуг. Банк России непосредственно контролирует процесс реорганизации НПФ, чтобы обеспечить защиту интересов клиентов.
*   **Механизм:** Банк России убеждается, что преобразованный НПФ сможет выполнить все обязательства перед клиентами. Он требует от НПФ рассылки уведомлений клиентам о реорганизации, предоставляет информацию о порядке перехода в новый НПФ и праве отказаться от него. Регулятор также контролирует доступность финансовых продуктов и предоставляет возможность обратиться в интернет-приемную для решения возникающих вопросов.
*   **Защита интересов клиентов:** Банк России гарантирует, что клиенты НПФ будут своевременно и полностью уведомлены о реорганизации, имеют право выбора (согласиться на переход или отказаться от него), и что их пенсионные накопления будут защищены.

**Ключевые отличия:**

*   **Уровень воздействия:** Контроль инфляции — макроуровень, защита при реорганизации НПФ — микроуровень (конкретные клиенты).
*   **Прямое/косвенное воздействие:** Контроль инфляции оказывает косвенное влияние на граждан, защита при реорганизации НПФ — прямое воздействие на их права и интересы.
*   **Инструменты:** Контроль инфляции использует инструменты денежно-кредитной политики, защита при реорганизации НПФ — инструменты надзора и контроля за финансовыми организациями.

Таким образом, Банк России выполняет разные роли в этих ситуациях, но обе они направлены на обеспечение финансовой стабильности и защиту интересов граждан. При реорганизации НПФ роль Банка России становится более активной и направленной на защиту прав конкретных потребителей финансовых услуг, в то время как контроль инфляции является более общей и макроэкономической функцией.
"
43,В каких законных случаях пенсионные накопления оказываются в другом фонде без вашего согласия?,"
Пенсионные накопления могут оказаться в другом фонде без вашего согласия в двух законных случаях:

1.  **Отзыв лицензии у НПФ:** Если у негосударственного пенсионного фонда (НПФ) отзывают лицензию на осуществление деятельности в области обязательного пенсионного страхования, то средства его клиентов автоматически переходят в Социальный фонд России (СФР).
2.  **Реорганизация фонда:** Если НПФ реорганизуют, например, путем присоединения к другому НПФ, то все его активы и обязательства автоматически переходят к новому фонду. Ваше согласие на такой переход не требуется, но прежний НПФ обязан вас об этом уведомить. Если новая организация вас не устраивает, вы можете подать заявление о переходе в другой фонд по вашему выбору в СФР в течение 30 дней после получения уведомления. При этом накопленный инвестиционный доход не будет потерян.

Важно помнить, что в любых других ситуациях перевод пенсионных накоплений без вашего согласия запрещен. Если вы обнаружили несанкционированный перевод, необходимо обратиться к финансовому уполномоченному или в суд, в зависимости от давности перевода и обстоятельств.
"
44,Что делать при звонке «из банка» с тревожными новостями о счете?,"Если вам звонят с тревожными новостями о вашем счете, поступайте следующим образом:

1. **Не вступайте в разговор с звонящим.** Мошенники используют различные тактики, чтобы вызвать панику и заставить вас действовать необдуманно.
2. **Не сообщайте никакую личную информацию.** Ни ПИН-код, номер карты, СМС-коды подтверждения и т.д. Сотрудники банка никогда не будут запрашивать у вас эти данные по телефону.
3. **Немедленно прекратите разговор.** Лучше всего просто положить трубку.
4. **Самостоятельно свяжитесь с вашим банком.** Найдите официальный номер телефона на банковской карте или на официальном сайте банка (список адресов официальных сайтов банков можно посмотреть на сайте Банка России) и позвоните туда, чтобы уточнить информацию о вашем счете.

**Важно помнить:**

*   Мошенники могут подделывать номера телефонов, чтобы они выглядели как номера банков. Поэтому даже если на экране вашего телефона отображается знакомый номер банка, это не гарантирует, что вам звонят из банка.
*   Аферисты могут представляться сотрудниками ЦБ, прокуратуры, налоговой службы или других организаций.
*   Будьте особенно осторожны, если вас торопят принять решение или запугивают.
*   Никогда не поддавайтесь на провокации и не совершайте действий, которые кажутся вам подозрительными.
*   Если у вас есть сомнения, лучше перестраховаться и обратиться в банк самостоятельно.

Если вы все-таки стали жертвой мошенников:

*   Немедленно заблокируйте карту и сообщите о случившемся в банк.
*   Обратитесь с заявлением в полицию."
45,Что делать при СМС о блокировке банковской карты?,"
Если вам пришло сообщение о блокировке банковской карты с просьбой срочно позвонить на какой-то неизвестный номер или перейти по ссылке, **не торопитесь это делать**. Такие СМС и письма по электронной почте нередко рассылают мошенники.

**Что нужно сделать:**

1.  **Не переходите по ссылкам** из СМС или электронных писем. С большой вероятностью это вирус или фишинговый сайт, созданный для кражи ваших данных.
2.  **Не звоните по указанным в сообщении номерам.** Это номера мошенников.
3.  **Позвоните в свой банк** по официальному номеру горячей линии, который указан на обратной стороне вашей карты или на официальном сайте банка. Лучше заранее сохранить этот номер в своем мобильном телефоне.
4.  **Уточните у оператора банка**, действительно ли ваша карта заблокирована и по какой причине.

**В каких случаях банк может заблокировать карту:**

*   **Три раза неверно введен ПИН-код:** Карта блокируется автоматически, обычно на сутки или до следующего дня.
*   **Подозрение на мошенничество:** Банк может заблокировать карту, если операция кажется подозрительной (например, крупная сумма, необычное место совершения платежа). Банк свяжется с вами для уточнения деталей. Блокировка действует максимум двое суток.
*   **Операции, похожие на отмывание доходов:** Если банк заподозрит вас в незаконной деятельности, он может заблокировать карту и сообщить в соответствующие органы.
*   **Другие причины:** Например, вы планируете поездку за границу и не предупредили банк.

**Как избежать блокировки:**

*   **Подключите СМС-оповещения** по карте, чтобы оперативно получать информацию о всех операциях.
*   **Внимательно проверяйте СМС-сообщения** о транзакциях. Если вы не совершали операцию, немедленно сообщите в банк.
*   **Предупреждайте банк** о планируемых крупных покупках или поездках за границу.
*   **Будьте осторожны с подозрительными сообщениями** и ссылками.

Если у вас возникли сложности с разблокировкой карты или вы не понимаете причину блокировки, рекомендуется обратиться за консультацией к юристу или финансовому специалисту для получения конкретных рекомендаций по вашей ситуации.
"
46,Кому доступен залог до продажи: жильцам ипотечной квартиры против владельца автомобиля в автоломбарде?,"Согласно представленной информации, залог до продажи доступен как жильцам ипотечной квартиры, так и владельцу автомобиля в автоломбарде, но в разных формах и с разными условиями.

**Ипотека:** В случае ипотеки, квартира остается в собственности жильца, но находится в залоге у банка до полного погашения кредита. Это означает, что жилец может продолжать проживать в квартире, пока выполняет свои обязательства по выплате кредита.

**Автоломбард:** В автоломбарде ситуация иная. Если вы закладываете автомобиль в ломбард, вы *не* можете продолжать им пользоваться. По закону ломбарды обязаны хранить заложенное имущество, включая автомобили.  Однако, существуют МФО и банки, где можно получить заем под залог ПТС, при этом продолжая пользоваться автомобилем.

Таким образом, оба варианта предполагают залог имущества до момента погашения долга, но в случае ипотеки залогодатель (жилец) может продолжать пользоваться имуществом, а в случае автоломбарда - нет.
"
47,"Как узнать, в каких БКИ хранится моя кредитная история, чтобы посмотреть свой индивидуальный рейтинг?","
Здравствуйте!

Чтобы узнать, в каких бюро кредитных историй (БКИ) хранится ваша кредитная история и, соответственно, посмотреть свой индивидуальный рейтинг, вам нужно выполнить следующие шаги:

1.  **Воспользуйтесь порталом «Госуслуги»:**
    *   Войдите в свой профиль на портале «Госуслуги».
    *   Выберите услугу «Получение информации о хранении вашей кредитной истории» (вкладка «Прочее», раздел «Налоги и финансы», подраздел «Сведения о бюро кредитных историй»).
    *   Для доступа к данным понадобятся только паспорт и СНИЛС.
    *   В ответ вы получите список всех БКИ, в которых хранятся сведения о ваших кредитах и займах, с указанием их названий, адресов, телефонов и ссылок на сайты.

2.  **Воспользуйтесь сайтом Банка России:**
    *   Для этого вам понадобится код субъекта кредитной истории (комбинация букв и цифр). Его можно найти в вашем кредитном договоре или уточнить в банке или МФО, в которых вы брали кредит.
    *   Если код не удается вспомнить, его можно сформировать заново, обратившись лично в любой банк или бюро.
    *   Укажите код в запросе на сайте Банка России, и вы получите список БКИ, где хранится ваша история.

3.  **После получения списка БКИ:**
    *   Посетите сайты каждого бюро из списка.
    *   Зарегистрируйтесь на сайтах БКИ или авторизуйтесь с помощью подтвержденной учетной записи на «Госуслугах».
    *   После регистрации и подтверждения данных вы увидите свой индивидуальный рейтинг, присвоенный каждым бюро.

Важно помнить, что у вас есть право бесплатно запрашивать свою кредитную историю в каждом БКИ дважды в год.

Также стоит учитывать, что разные БКИ могут рассчитывать рейтинг по-разному, поэтому он может отличаться. Рекомендуется проверять рейтинг во всех БКИ, где хранится ваша кредитная история.

Если у вас возникнут дополнительные вопросы или сложности, рекомендую обратиться к юристу или финансовому специалисту для получения консультации по конкретному случаю."
48,Какие меры нужны для безопасных онлайн-платежей с детской карты?,"
Для безопасных онлайн-платежей с детской карты необходимо предпринять следующие меры:

*   **Убедитесь, что сайт, на котором совершается покупка, является безопасным.** После ввода реквизитов карты вас должно перенаправить на страницу платежной системы (шлюз). Это отдельная безопасная страница, где интернет-магазин не имеет доступа к вашей информации. Ищите логотипы безопасных платежных систем (Visa Secure, MasterCard SecureCode, Mir Accept) – они должны быть активными ссылками на сайты этих систем.
*   **Никому не сообщайте секретные коды.** Не сообщайте CVC/CVV-код с обратной стороны карты и коды из СМС-сообщений. Проверяйте, совпадают ли данные из СМС с деталями операции. Если есть сомнения, звоните в банк.
*   **Установите лимиты и ограничения.** Родители могут установить лимиты на траты в день, неделю или месяц, а также ограничить максимальную сумму каждой покупки или запретить онлайн-покупки вообще.
*   **Подключите уведомления об операциях.** Это позволит отслеживать все списания и оперативно реагировать на подозрительные действия.
*   **Используйте антивирусное программное обеспечение.** Убедитесь, что на устройствах, используемых для онлайн-покупок, установлены и регулярно обновляются антивирусы.
*   **Обсудите с ребенком опасности онлайн-платежей.** Расскажите ему, как отличить надежные сайты от поддельных и как распознать мошеннические схемы.
*   **Будьте внимательны к подозрительным предложениям.** Если предложение кажется слишком хорошим, чтобы быть правдой, скорее всего, это мошенничество.

В случае возникновения каких-либо сомнений или подозрительных операций, немедленно свяжитесь с банком по номеру горячей линии, указанному на обратной стороне карты.

Помните, что даже соблюдение всех мер предосторожности не гарантирует 100% защиты от мошенников. Поэтому важно быть бдительными и внимательными при совершении онлайн-платежей.
"
49,Какие действуют лимиты: сколько возмещает АСВ по дополнительной пенсии и какие максимальные суммы обычно выдают МФО?,"
В случае банкротства НПФ, АСВ (Агентство по страхованию вкладов) возмещает сбережения клиентов, как тех, кто копит на пенсию, так и тех, кто уже получает выплаты. Однако, действуют определенные лимиты:

*   **Если вы еще не получали пенсию (только делаете взносы):** АСВ возместит уплаченные взносы и инвестиционный доход, если он уже был зачислен на пенсионный счет, но **максимальный размер возмещения составляет 2,8 млн рублей**. Вам будет предложено получить компенсацию деньгами или перевести ее в другой выбранный вами НПФ.

*   **Если вы уже получаете пенсию:** АСВ продолжит выплачивать пенсию через новый НПФ, выбранный агентством. Однако, **максимальная сумма ежемесячных платежей не будет превышать четырех размеров социальной пенсии по старости**. Если вы получали больше этой суммы, размер выплат может быть снижен.

*   **Если на вашем счете было больше 2,8 млн рублей или размер пенсии превышал четыре социальные пенсии:** Вы можете рассчитывать на дополнительные выплаты после завершения процедуры ликвидации НПФ, которая может затянуться. Эти выплаты будут производиться из активов, оставшихся у проблемного НПФ, после возмещения расходов АСВ и выплат другим кредиторам. Однако, нет гарантий, что удастся вернуть всю сумму.

**Важно:**

*   Остаток денег сверх лимита (2,8 млн рублей) можно вернуть только по итогам процедуры ликвидации фонда, которая может затянуться.
*   Выручки от продажи активов НПФ может не хватить, чтобы полностью расплатиться со всеми клиентами.

Что касается максимальных сумм, выдаваемых МФО (микрофинансовыми организациями), то эта информация не представлена в предоставленном контексте. МФО выдают кредиты на различных условиях, и максимальная сумма зависит от конкретной организации, вашей кредитной истории и других факторов.

**Рекомендация:**

В случае возникновения конкретной ситуации, связанной с банкротством НПФ или вопросами, касающимися ваших пенсионных накоплений, рекомендуется обратиться к юристу или финансовому специалисту для получения квалифицированной консультации.
"
50,Как по-разному обращаются со штрафами и пенями при ипотечных каникулах и при судебном банкротстве?,"
При ипотечных каникулах пени и штрафы за просрочку на весь льготный период будут заморожены — погасить их надо будет после каникул.

В случае внесудебного банкротства, в сумме долга **не учитываются** штрафы, пени и проценты за просрочку платежа.
"
51,"Как проходят расчеты при продаже квартиры, находящейся в залоге у банка?","
Расчеты при продаже квартиры, находящейся в залоге у банка, проходят под контролем банка-кредитора. Это необходимо для обеспечения того, чтобы долг по ипотеке был полностью погашен. Вот основные способы расчетов:

*   **Счет эскроу:** Покупатель вносит деньги на специальный счет в банке (эскроу-счет). Деньги остаются на счете до выполнения всех условий сделки, включая погашение ипотеки продавца.
*   **Аккредитив:** Банк открывает аккредитив, гарантируя оплату продавцу после выполнения определенных условий (например, регистрации перехода права собственности).
*   **Банковская ячейка:** Деньги помещаются в банковскую ячейку, доступ к которой есть только после выполнения условий сделки. Часто используются две ячейки – для денег банку и для продавца.
*   **Номинальный счет:**  Деньги перечисляются на специальный счет, который контролируется банком.

**Важно:** В большинстве случаев банк требует, чтобы расчеты проходили именно через него, чтобы контролировать погашение долга.

**Порядок действий при расчетах (в общем случае):**

1.  Покупатель вносит деньги на выбранный счет (эскроу, аккредитив и т.д.).
2.  Продавец предоставляет в банк документы, подтверждающие выполнение условий сделки (например, выписку из Росреестра о переходе права собственности).
3.  Банк проверяет документы и, если все в порядке, направляет деньги на погашение ипотеки.
4.  После полного погашения ипотеки банк снимает залог с квартиры.
5.  Оставшаяся сумма (если цена продажи превышает сумму долга) перечисляется продавцу.

**Дополнительные моменты:**

*   Цена продажи должна быть достаточной для полного погашения ипотеки, включая проценты и штрафы.
*   Банк может установить минимальную цену продажи, ниже которой сделка не будет одобрена.
*   Расчеты должны быть произведены в установленные банком сроки.

Если у вас возникли конкретные вопросы по расчету при продаже вашей ипотечной квартиры, рекомендую обратиться к юристу или финансовому специалисту для получения консультации, учитывающей вашу индивидуальную ситуацию."
52,"Каков общий лимит вычета на взносы при сочетании ИИС‑3, ПДС, доппенсии?","Общий лимит вычета на взносы при сочетании ИИС-3, ПДС и дополнительной пенсии составляет **400 000 рублей в год**. 

Это максимальная сумма взносов, которую вы можете освободить от подоходного налога. Вы можете вложить больше денег в эти инструменты, но для расчета налоговой льготы учитывается только эта сумма. 

Например, если вы внесете 300 000 рублей на ИИС-3, 50 000 рублей на счет ПДС и 50 000 рублей на дополнительную пенсию, общий лимит в 400 000 рублей будет исчерпан, и вы сможете получить вычет на эту сумму.

Размер вычета будет зависеть от вашей ставки НДФЛ. При ставке 13% максимальный вычет составит 52 000 рублей (400 000 х 13%), а при ставке 22% - 88 000 рублей (400 000 х 22%).

Важно помнить, что возврат не может превышать сумму уплаченного вами НДФЛ за год, и что этот лимит не распространяется на доход, полученный по этим инструментам, для него существуют отдельные лимиты.
"
53,Когда кредитор сможет продать залог: автомобиль в автоломбарде против ипотечной квартиры?,"
В случае с автомобилем в автоломбарде и ипотечной квартирой, кредитор (автоломбард или банк) имеет право продать заложенное имущество, если вы не возвращаете долг вовремя. Однако, есть некоторые различия в сроках и процедурах:

**Автоломбард:**

*   Автоломбард не может продать ваш автомобиль сразу после просрочки платежа. Существует выжидательный период – не ранее чем через месяц после наступления просрочки.
*   В течение этого месяца вы имеете возможность погасить долг и вернуть автомобиль.
*   Если автомобиль будет продан дешевле суммы долга с процентами и штрафами, долг считается погашенным. Если выручено больше, автоломбард обязан выплатить вам разницу в течение трех лет после продажи.

**Ипотечная квартира:**

*   Банк имеет право продать ипотечную квартиру, если вы перестанете платить по кредиту. Процедура продажи обычно происходит через суд.
*   Свободно распоряжаться ипотечной квартирой нельзя без разрешения банка.
*   Банк одобряет продажу в двух случаях: либо долг по кредиту будет полностью погашен из средств продажи, либо его возьмет на себя покупатель.
*   Расчеты по сделке проходят через ипотечный банк для контроля за погашением долга.

**Общее:**

*   В обоих случаях заложенное имущество (автомобиль или квартира) остается в вашей собственности до момента его продажи кредитором.
*   Цель продажи заложенного имущества – возврат долга кредитору.

Если у вас возникли конкретные вопросы, касающиеся вашей ситуации, я рекомендую обратиться к юристу или финансовому специалисту для получения квалифицированной консультации."
54,"На что смотреть при покупке полиса ДМС, чтобы не ошибиться?","
При покупке полиса ДМС важно обратить внимание на несколько ключевых моментов, чтобы сделать правильный выбор и избежать неприятных сюрпризов. Вот основные аспекты, на которые стоит обратить внимание:

**1. Надежность страховой компании:**

*   **Лицензия:** В первую очередь убедитесь, что у страховой компании есть действующая лицензия. Проверить это можно в справочнике Банка России.
*   **Репутация:** Изучите отзывы о компании, ее рейтинг и опыт работы на рынке.
*   **Официальный сайт:** При оформлении онлайн убедитесь, что вы находитесь на официальном сайте страховщика, а не на сайте мошенников. Используйте проверенные поисковые системы (Яндекс, Mail.ru) с маркировкой официальных сайтов (галочка в синем кружке).

**2. Условия полиса:**

*   **Перечень услуг:** Внимательно изучите, какие именно медицинские услуги входят в полис: доступные клиники, врачи, обследования, ограничения по количеству визитов.
*   **Исключения:** Обязательно ознакомьтесь со списком исключений, чтобы понимать, в каких случаях страховка не покроет расходы. Это могут быть хронические заболевания, вакцинация, услуги, такие как подбор очков или контрацептивов.
*   **Справки:** Уточните, какие справки можно получить по полису. Некоторые справки (например, для водительских прав или бассейна) могут быть доступны только за дополнительную плату.

**3. Выбор полиса:**

*   **Критерии выбора:** Вы можете выбирать страховку по клинике/врачу (удобство расположения, наличие нужного специалиста), по набору услуг (широкий или узкий спектр), по цене.
*   **Особые потребности:** Учитывайте свои индивидуальные потребности. Например, если вы часто ездите за город, может быть полезен полис с покрытием укуса клеща. Если вам важна оперативная консультация врачей, рассмотрите полисы с телемедициной.
*   **Франшиза:** Обратите внимание на наличие франшизы. Полис с франшизой будет дешевле, но вам придется оплачивать часть расходов при каждом обращении.

**4. Дополнительные факторы:**

*   **Индивидуальный или коллективный полис:** Если вы покупаете страховку для себя или близких, это индивидуальный полис. Если страховка оформляется компанией для сотрудников – коллективный. Корпоративные полисы обычно дешевле.
*   **Налоговый вычет:** Если вы покупаете полис ДМС самостоятельно, вы можете оформить налоговый вычет и вернуть часть потраченных средств.
*   **Условия договора:** Внимательно изучите договор перед подписанием. Обратите внимание на условия оплаты, условия расторжения договора и сумму возмещения.
*   **Включение в кредит:** Если полис предлагается при оформлении кредита, уточните, влияет ли страховка на условия кредита (например, на процентную ставку). Банк не имеет права отказать вам в кредите только из-за отказа от полиса ДМС (кроме ипотеки, где страхование залоговой недвижимости обязательно).

**5. Что еще нужно знать:**

*   **Отказ от навязывания:** Если вам навязывают полисы или по умолчанию включают их стоимость в сумму кредита, вы можете обратиться с жалобой в Банк России и Роспотребнадзор.
*   **Памятка:** Перед покупкой полиса банк обязан предоставить вам памятку с основными условиями страховки.
*   **Консультация:** Если какие-то пункты договора вам непонятны, обязательно проконсультируйтесь с менеджером.

В заключение, выбор полиса ДМС – это ответственный шаг, требующий внимательного подхода. Тщательно изучите все условия, сравните предложения разных компаний и учитывайте свои индивидуальные потребности. Если у вас есть сомнения, рекомендуется обратиться за консультацией к юристу или финансовому специалисту.
"
55,"Где по умолчанию хранятся пенсионные накопления, допускается ли перевод между СФР и НПФ?","
По умолчанию ваши пенсионные накопления хранятся в Социальном фонде России (СФР), а инвестированием занимается государственная управляющая компания ВЭБ.РФ, если вы никогда не писали заявлений о переводе накоплений.

Да, перевод между СФР и негосударственным пенсионным фондом (НПФ) допускается. Вы имеете право сами решать, кому доверить управление своими деньгами. При желании можно перевести пенсионные накопления в НПФ или оставить в СФР, выбрав одну из уполномоченных управляющих компаний (УК) внутри Соцфонда. Также разрешается менять УК.

Для перехода в НПФ нужно заключить с ним договор и подать заявление о смене фонда в СФР. Чтобы перейти в другую УК, достаточно заявления в Соцфонд.

Важно помнить, что при переходе накоплений из одного фонда в другой существует риск потери инвестиционного дохода и даже части самих накоплений.
"
56,Почему обещания кредитного брокера «гарантируем кредит» не заслуживают доверия?,"Обещания кредитного брокера о ""гарантированном"" получении кредита, особенно в ситуациях с плохой кредитной историей или просрочками, не заслуживают доверия по нескольким ключевым причинам:

1. **Отсутствие регулирования:** Деятельность кредитных брокеров не регулируется специальными законами. Это означает, что нет надлежащего контроля за их действиями, и существует высокий риск столкнуться с мошенниками.
2. **Невозможность влияния на решение банка:** Банки и МФО используют автоматизированные скоринговые системы для оценки кредитоспособности заемщиков. Эти системы анализируют данные и принимают решение о выдаче кредита или отказе. Кредитный брокер не имеет доступа к этим системам и не может повлиять на их работу. Даже если брокер знаком с сотрудником банка, он вряд ли сможет изменить решение, принятое скоринговой системой.
3. **Риск сотрудничества с ""черными кредиторами"":** Обещания о гарантированном кредите, особенно при плохой кредитной истории, могут быть связаны с недобросовестными кредиторами, выдающими займы под огромные проценты и использующими незаконные методы взыскания долгов.
4. **Ложные обещания о ""своих людях"" в банке:** Утверждения о наличии ""своих людей"" в банке, которые могут повлиять на решение, как правило, являются обманом. В большинстве банков решения о выдаче кредита принимаются автоматически на основе данных, введенных в систему.
5. **Невозможность изменения кредитной истории:** Кредитный брокер не может изменить вашу кредитную историю или удалить из нее негативную информацию.

**Что делать, если вам предлагают помощь в получении кредита?**

*   **Самостоятельно изучите свою кредитную историю.** Возможно, она не так плоха, как вам кажется.
*   **Будьте осторожны с обещаниями ""гарантированного"" кредита.** Никто не может гарантировать одобрение кредита, особенно при наличии проблем с кредитной историей.
*   **Не платите предоплату за услуги кредитного брокера.** Законные кредитные брокеры обычно взимают плату только после успешного получения кредита.
*   **Обратитесь в несколько банков самостоятельно.** Сравните условия кредитования и выберите наиболее выгодное предложение.
*   **В случае сомнений обратитесь к юристу или финансовому консультанту.** Они помогут вам оценить риски и принять обоснованное решение.

В заключение, стоит помнить, что кредитный брокер может предоставить консультационные услуги и помочь собрать документы, но он не может гарантировать получение кредита. Будьте бдительны и не доверяйте обещаниям, которые кажутся слишком хорошими, чтобы быть правдой.
"
57,Какими способами пополнить карту безналичной валютой и можно ли затем снять эти деньги в иностранной наличности?,"
Здравствуйте!

Существует два способа пополнить карту безналичной валютой:

1.  **Открыть валютный счет в банке** и перечислить на него деньги с рублевого счета. Конвертация пройдет по курсу вашего банка. Однако, обналичить эти деньги можно только в рублях – обратный обмен произойдет по курсу банка в день снятия.
2.  **Купить валюту через брокера** по курсу биржи. Важно учитывать, что через брокера можно купить только валюту, торгующуюся на Московской бирже (доллар США, гонконгский доллар и евро купить нельзя). За операцию придется заплатить комиссию брокеру. Брокер также не выдаст вам наличные – доступен только перевод денег с брокерского счета на банковский валютный счет.

**Теперь о снятии наличной иностранной валюты:**

Если валюта поступила на счет после 8 марта 2022 года, вы не сможете снять ее наличными до 9 марта 2026 года. Это ограничение распространяется и на переводы валюты из одного банка в другой. Вы можете получить эти деньги в рублях в любой момент, а затем купить на них наличную валюту. Либо хранить на счете до отмены ограничений.

Если у вас уже был счет или вклад в валюте до 9 марта 2022 года, и вы перевели свои накопления на новый вклад или счет в том же банке, то вы можете получить наличную валюту, но не более суммы, которая была у вас до 9 марта 2022 года, и не более 10 000 долларов США или эквивалента в евро.

В случае, если у вас были счета в других иностранных валютах (например, в швейцарских франках), деньги можно обменять на доллары и евро (не превышая лимит в 10 000 долларов США) или на рубли.

**Важно:** Конвертация валюты, поступившей на счет до 9 сентября 2022 года, должна проходить по официальному курсу Банка России на день выдачи. Деньги, поступившие после этой даты, банк конвертирует в рубли по собственному курсу на дату выдачи.

До 9 марта 2026 года банки не вправе брать комиссию за выдачу валюты со счетов и вкладов. Рекомендуется заранее заказывать крупную сумму наличной валюты, чтобы убедиться в ее наличии в кассе банка.

Если вы хранили валюту в банковской ячейке, вы можете забрать всю сумму в любой момент без ограничений.

В зависимости от вашей конкретной ситуации, возможно, стоит проконсультироваться с финансовым специалистом или юристом для получения более точной информации и рекомендаций.
"
58,"Какие действия нужны, чтобы получить выплату после ДТП по европротоколу, включая необходимые доказательства?","Для получения выплаты после ДТП, оформленного по европротоколу, необходимо выполнить следующие действия:

**1. Передача извещения о ДТП в страховую компанию:**

*   Оба водителя должны передать извещение о ДТП в свои страховые компании **в течение 5 рабочих дней** со дня аварии.
*   Если извещение заполнено в электронном виде через мобильное приложение, оно автоматически попадает в единую базу данных НСИС и к страховщикам. Важно получить регистрационный номер извещения в личном кабинете на Госуслугах или в приложении, через которое оформлялся европротокол.
*   Если возникли технические сбои и номер не выдается, европротокол следует оформить заново.

**2. Подача заявления о возмещении ущерба:**

*   Заявление о возмещении ущерба необходимо подать в свою страховую компанию в тот же срок, что и извещение о ДТП – **в течение 5 рабочих дней** после аварии.
*   Заявление можно подать:
    *   В электронном виде через личный кабинет на сайте или в мобильном приложении страховщика.
    *   Через Госуслуги (потребуется приложение ""Госключ"" для цифровой подписи).
    *   Лично в офисе страховщика.
    *   По почте заказным письмом с уведомлением о вручении.

**3. Предоставление необходимых документов:**

К заявлению о возмещении ущерба необходимо приложить следующие документы:

*   Извещение о ДТП (или его регистрационный номер, если оно заполнено в электронном виде).
*   Паспорт и водительское удостоверение.
*   Документ о праве собственности на ТС.
*   Доверенность от собственника ТС на получение возмещения (если заявление подает не собственник).
*   Банковские реквизиты для получения выплаты (если хотите получить деньги, а не направление на ремонт).
*   Фото- или видеосъемка места аварии (если есть). Если авария оформлялась через мобильное приложение, укажите регистрационный номер фотофиксации.
*   Письменные показания свидетелей ДТП (если есть).

**4. Доказательства, влияющие на размер выплаты:**

*   **Договоренность об обстоятельствах ДТП и повреждениях:** Если водители договорились об обстоятельствах ДТП и перечне повреждений, это позволит получить выплату до 400 000 рублей.
*   **Фотофиксация:**
    *   Фотофиксация места аварии и повреждений ТС с помощью специального мобильного приложения позволит получить максимальную выплату – до 400 000 рублей.
    *   Если фотофиксация есть, но есть разногласия, лимит возмещения снижается до 200 000 рублей.
    *   Если нет фотофиксации, возмещение будет ограничено 100 000 рублями.
*   **Отсутствие разногласий:** Если водители пришли к общему мнению об обстоятельствах происшествия и повреждениях, это упростит и ускорит процесс получения выплаты.

**Важно:**

*   Сохраняйте копии всех документов, отправленных в страховую компанию.
*   При личной подаче заявления в офис страховщика попросите копию заявления с печатью и датой приема.
*   Страховщик должен проверить документы в день подачи (при личном обращении) или в течение 3 рабочих дней после получения по почте.
*   При подаче заявления в электронном виде страховщик должен подтвердить получение в течение 5 минут и сообщить о порядке документов в течение 2 рабочих дней.

**В случае возникновения споров или сложностей рекомендуется обратиться к юристу или финансовому специалисту для получения квалифицированной помощи.**
"
59,Что будет с авто в залоге по автокредиту при просрочке либо после смерти заемщика?,"В случае просрочки платежей по автокредиту, банк имеет право забрать автомобиль, находящийся в залоге, и продать его для погашения долга. При этом, автоломбард вправе продать автомобиль не ранее чем через месяц после просрочки платежа. Если выручки от продажи автомобиля недостаточно для покрытия долга с процентами и штрафами, долг считается погашенным. Если выручено больше, банк обязан выплатить вам разницу. Важно запросить у ломбарда подтверждение цены продажи и размера задолженности, чтобы в случае необходимости потребовать выплату разницы в течение трех лет.

После смерти заемщика, автомобиль, находящийся в залоге, переходит к наследникам вместе со всеми долгами. Если в кредитном договоре не было указано, что вы берете на себя ответственность за нового должника (то есть за умершего), ваше поручительство прекращается. Если же такое согласие было дано, наследники (включая вас) отвечают по долгу в пределах стоимости наследства.  Банк может начислить проценты по кредиту даже после смерти заемщика, но штрафы и неустойки за просрочку выплат не могут расти до момента принятия наследства. Важно как можно скорее обратиться в банк со свидетельством о смерти и попросить не начислять штрафы до момента оформления наследства. Банки часто идут навстречу наследникам и могут предложить реструктуризацию долга либо досрочное погашение кредита.
"
60,Как различается защита денег при отзыве лицензии у банка: депозит против счета эскроу?,"
Защита денег при отзыве лицензии у банка существенно различается в зависимости от того, где они находятся: на депозите или на счете эскроу.

**Депозит (вклад, текущий, накопительный счет):**

*   **Страховое покрытие:** Застрахованы государством в пределах 1,4 млн рублей по всем счетам в одном банке.
*   **Валюта:** Валютные вклады пересчитываются в рубли по курсу на день отзыва лицензии.
*   **Проценты:** Начисленные проценты по депозиту также застрахованы.
*   **Возврат средств:** Вы получите компенсацию от Агентства по страхованию вкладов (АСВ).

**Счет эскроу:**

*   **Страховое покрытие:** В большинстве случаев застрахованы на сумму до 10 млн рублей.
*   **Условия повышенной страховки:**
    *   **Покупка недвижимости:** Защита действует с момента подачи документов в Росреестр (при покупке готового жилья) или с момента внесения денег на счет (при долевом строительстве), и заканчивается после регистрации права собственности или сдачи дома застройщиком.
    *   **Особые обстоятельства:** Если деньги поступили на счет в пределах трех месяцев до отзыва лицензии (наследство, продажа имущества, соцвыплаты и т.д.), то они также могут быть застрахованы в повышенном размере.
*   **Возврат средств:** В случае отзыва лицензии у банка, необходимо дождаться, пока застройщик выберет другой уполномоченный банк и откроет там новый счет эскроу для перевода средств.

**Важно:** Деньги на аккредитиве не застрахованы государственной системой страхования вкладов, поэтому в случае отзыва лицензии у банка, вы рискуете их потерять.

В заключение, счета эскроу, особенно при покупке недвижимости, имеют более высокий уровень защиты, чем обычные депозиты, но и в этом случае существуют определенные условия и ограничения.
"
61,Как официальные данные об инфляции можно использовать при решении: брать ипотеку или разместить деньги на вкладе?,"
Официальные данные об инфляции могут быть полезны при принятии решения между ипотекой и вкладом. Вот как:

**При принятии решения об ипотеке:**

*   **Снижение инфляции:** Если инфляция снижается, то, возможно, стоит немного подождать с ипотекой, так как процентные ставки по кредитам, вероятно, также снизятся. Это сделает ипотеку более доступной.
*   **Стабильная инфляция:** Если инфляция стабильна и близка к целевому уровню, установленному Банком России, можно рассматривать возможность оформления ипотеки сейчас.
*   **Фиксация цены:** Ипотека позволяет зафиксировать цену на недвижимость на длительный срок. В условиях инфляции это может быть выгодно, так как стоимость недвижимости может расти.
*   **Учет инфляции в платежах:** При выборе типа платежей (аннуитетные или дифференцированные) стоит учитывать текущий уровень инфляции и прогнозы на будущее.

**При принятии решения о размещении денег на вкладе:**

*   **Стабильно низкая инфляция:** В условиях стабильно низкой инфляции не стоит ожидать значительного роста процентов по вкладам. Однако, хранить деньги ""под подушкой"" не рекомендуется, так как они могут обесцениться из-за инфляции.
*   **Ставка по депозиту:** Ставка по депозиту должна быть выше уровня инфляции, чтобы обеспечить защиту от обесценивания сбережений и принести доход.
*   **Инфляция и доходность:** Если инфляция растет, банки могут повышать процентные ставки по вкладам, чтобы привлечь вкладчиков.

В целом, официальные данные об инфляции помогают оценить экономическую ситуацию и принять более обоснованное решение о том, что выгоднее – брать ипотеку или размещать деньги на вкладе.

**Важно помнить:**

*   При принятии решения необходимо учитывать не только текущий уровень инфляции, но и прогнозы на будущее.
*   Личная инфляция может отличаться от официальной, поэтому рекомендуется рассчитать свою собственную инфляцию, чтобы получить более точную картину.
*   В каждом конкретном случае необходимо учитывать индивидуальные обстоятельства, такие как наличие первоначального взноса, доход, расходы и другие факторы.
*   Для получения квалифицированной консультации рекомендуется обратиться к финансовому специалисту или юристу."
62,"Как неквалу получить доступ к ETF зарубежных рынков, а также к паям ЗПИФов?","Для неквалифицированного инвестора доступ к ETF зарубежных рынков и паям ЗПИФов (Закрытых Паевых Инвестиционных Фондов) зависит от нескольких факторов и законодательных изменений:

**Доступ к ETF зарубежных рынков:**

*   **Тестирование:** С 1 апреля неквалифицированные инвесторы могут покупать паи любых иностранных инвестиционных фондов (ETF), привязанных к ведущим мировым биржевым индексам, **после прохождения специального тестирования**.
*   **Без тестирования:** Доступны паи иностранных фондов, которые входят в первый и второй котировальные списки российских бирж, а также ETF с привязкой к ведущим зарубежным индексам, если создатель фонда обязался мгновенно продавать и выкупать свои паи по требованию клиентов российской биржи.
*   **Ограничения из-за санкций:** Следует помнить о риске блокировки активов, особенно если ETF связаны с недружественными странами.

**Доступ к паям ЗПИФов:**

*   **Общая доступность**: Все инвесторы, в том числе начинающие, могут свободно покупать паи всех биржевых, открытых и интервальных ПИФов, а также закрытых паевых фондов, которые вкладывают деньги в биржевые активы.

**Как пройти тестирование:**

Тестирование можно пройти:
*   в офисе брокера;
*   на сайте брокера;
*   в мобильном приложении для биржевой торговли.

Тест проверяет понимание инвестором формирования цены ETF, расчета дохода и налоговых обязательств. Успешное прохождение теста необходимо только один раз для конкретного брокера, но потребуется повторно при смене брокера.
Рекомендуется предварительно изучить материал по инвестициям, так как тест требует ответов на вопросы без ошибок.

Также важно учитывать, что с 1 января 2025 года для неквалифицированных инвесторов будут доступны бумаги иностранных эмитентов только из стран ЕАЭС.
"
63,Совместима ли компенсация 450 000 ₽ по ипотеке для третьего ребенка с имущественным налоговым вычетом?,"
Да, компенсацию 450 000 ₽ по ипотеке для многодетных семей можно комбинировать с другими мерами господдержки, в том числе с имущественным налоговым вычетом.

Согласно предоставленной информации, эту льготу можно комбинировать с другими мерами господдержки, такими как:

*   Оплата части кредита материнским капиталом.
*   Оформление по сниженной ставке «Семейной ипотеки».
*   Получение налогового вычета на покупку жилья и на проценты по ипотеке.

Таким образом, вы можете получить компенсацию на погашение ипотеки и одновременно воспользоваться имущественным налоговым вычетом.
"
64,Какие приемы помогают сократить импульсивные траты?,"
Чтобы сократить импульсивные траты, можно использовать следующие приемы:

*   **Опция «отложить»:** Выберите понравившуюся вещь, посмотрите на нее, при необходимости потрогайте или примерьте, а затем отложите покупку на несколько часов, дней или даже недель. Это поможет вам понять, действительно ли вам нужна эта вещь.
*   **Составляйте списки:** Планируйте свои покупки заранее, составляя списки необходимых продуктов или вещей. Это поможет избежать ненужных трат и спонтанных покупок.
*   **Внимательно читайте ценники:** Обращайте внимание на цену за единицу веса или объема, а не только на общую стоимость. Будьте осторожны с красными ярлыками, которые могут создавать иллюзию скидки.
*   **Трезво оценивайте маркетинговые акции:** Не поддавайтесь на уловки маркетологов и не покупайте вещи только потому, что они предлагаются со скидкой. Задайте себе вопрос, нужна ли вам эта вещь на самом деле.
*   **Не набирайте лишнего:** В магазинах популярные товары часто располагаются таким образом, чтобы вы проходили мимо большего количества товаров и покупали то, что не планировали. Старайтесь придерживаться своего списка покупок.
*   **Сделайте паузу:** Прежде чем купить понравившуюся вещь, отложите ее и подумайте, действительно ли она вам необходима.
*   **Отпишитесь от рекламных рассылок:** Рекламные рассылки могут искушать вас бесконечными скидками и провоцировать на спонтанные покупки.
*   **Вести учет доходов и расходов:** Фиксируйте свои траты, чтобы понимать, на что уходят деньги и избегать импульсивных покупок.
*   **Пересмотрите свои привычки:** Подумайте, от чего можно временно отказаться или заменить более доступными вариантами.
*   **Ограничьте количество вещей:** Попробуйте ограничить себя определенным количеством вещей, как это сделал американец Дэйв Бруно (100 Things Challenge). Это поможет вам пересмотреть свое финансовое поведение и перестать тратить деньги на ненужные вещи.

Если у вас есть конкретная финансовая ситуация, требующая индивидуального подхода, рекомендуется обратиться к финансовому специалисту или юристу."
65,"Зачем финансовая подушка безопасности нужна семье так же, как зрелому бизнесу?","
Финансовая подушка безопасности нужна семье так же, как зрелому бизнесу, потому что она является резервным фондом, который помогает пережить кризисные времена. 

**Вот несколько причин, почему она важна:**

*   **Непредвиденные обстоятельства:** Как и бизнесу, семье могут потребоваться деньги на неожиданные расходы, такие как болезнь, потеря работы, ремонт автомобиля или другие срочные траты.
*   **Стабильность и уверенность:** Наличие финансовой подушки безопасности дает семье чувство уверенности и стабильности, зная, что у них есть средства, чтобы справиться с трудностями.
*   **Сохранение уровня жизни:** В случае потери дохода, финансовая подушка безопасности позволит семье сохранить привычный уровень жизни, по крайней мере, на какое-то время.
*   **Возможность использования возможностей:** Иногда появляются возможности, требующие финансовых вложений (например, обучение, переквалификация). Финансовая подушка безопасности может помочь воспользоваться этими возможностями.

**Размер финансовой подушки безопасности:**

В идеале, финансовая подушка безопасности должна составлять от трех до шести среднемесячных доходов семьи. Некоторые эксперты рекомендуют иметь запас, равный пяти или шести месячным расходам.

**Где хранить финансовую подушку безопасности:**

Безопаснее всего хранить деньги на вкладе до востребования или с возможностью частичного снятия в надежном банке. Это позволит сохранить деньги от инфляции и иметь к ним быстрый доступ в случае необходимости.

**Важно помнить:**

Финансовая подушка безопасности – это не деньги для развлечений или крупных покупок. Это резервный фонд, предназначенный для покрытия непредвиденных расходов и обеспечения финансовой стабильности семьи.
"
66,Чем отличаются государственные гарантии для денег на эскроу при покупке новостройки и для банковского вклада?,"Государственные гарантии для денег на эскроу при покупке новостройки и для банковского вклада имеют существенные различия, хотя оба варианта подпадают под действие системы страхования вкладов (ССВ).

**Банковский вклад:**

*   **Стандартная сумма страхования:** В большинстве случаев, вклад застрахован на сумму до 1,4 млн рублей на одного вкладчика в одном банке.
*   **Страхование:** Распространяется на рублевые и валютные вклады, включая начисленные проценты.
*   **Условия:** Страхование действует на все виды вкладов, соответствующих требованиям ССВ.

**Эскроу при покупке новостройки:**

*   **Повышенная сумма страхования:** При использовании эскроу для сделок с недвижимостью (в основном, при покупке новостройки), сумма страхования может быть увеличена до 10 млн рублей.
*   **Ограниченный период страхования:** Важно! Повышенная страховая сумма действует не постоянно.
    *   **При покупке готового жилья:** Страховка в 10 млн рублей действует с момента подачи документов в Росреестр и заканчивается через 3 рабочих дня после регистрации права собственности или отказа в регистрации.
    *   **При долевом строительстве:** Повышенная страховка действует с момента внесения денег на эскроу-счет и до момента передачи застройщиком дома и перехода денег на счет застройщика.
*   **После окончания периода:** После окончания указанного периода страхования, сумма возвращается к стандартной - 1,4 млн рублей.
*   **Условия:** Страховка распространяется только на счета эскроу, открытые для сделок с недвижимостью.

**Ключевые отличия:**

| Характеристика        | Банковский вклад | Эскроу (новостройка) |
| --------------------- | --------------- | --------------------- |
| Сумма страхования     | До 1,4 млн руб. | До 10 млн руб. (ограниченный период) |
| Период страхования    | Постоянный      | Ограниченный          |
| Тип счетов            | Все вклады      | Только для недвижимости |

**Важно помнить:**

*   Если у вас есть как вклад, так и эскроу-счет в одном банке, страховка в 1,4 млн рублей распространяется на каждый счет отдельно.
*   Если сумма на счете превышает застрахованную, рекомендуется распределить средства между разными банками.
*   Внимательно изучите условия страхования и сроки действия повышенной страховки при использовании эскроу-счета.

В случае отзыва лицензии у банка, необходимо обратиться в Агентство по страхованию вкладов (АСВ) для получения компенсации.
"
67,Как безопаснее настроить оплату частями в онлайн‑магазине?,"
Для безопасной настройки оплаты частями в онлайн-магазине следует придерживаться нескольких рекомендаций, основанных на предоставленной информации:

1.  **Внимательно изучайте условия договора.** Перед тем, как согласиться на оплату частями, убедитесь, что вы понимаете все условия, включая сроки платежей, возможные комиссии и переплаты. Обратите внимание на разницу между BNPL (buy now, pay later) и POS-кредитами, так как условия могут существенно отличаться.
2.  **Используйте системы мобильных платежей.** Если есть возможность, выбирайте оплату через Apple Pay, Google Pay, Mir Pay или Samsung Pay. Эти системы шифруют данные вашей карты и не передают их продавцу, что значительно повышает безопасность.
3.  **Проверяйте безопасность страницы оплаты.** Убедитесь, что после ввода реквизитов карты вас перенаправляют на защищенный шлюз платежной системы. На странице должны быть логотипы Visa Secure, MasterCard SecureCode или Mir Accept, которые являются активными ссылками на сайты платежных систем.
4.  **Не сообщайте секретные коды.** Никому не сообщайте секретные коды из СМС-сообщений от банка. Сверяйте данные из СМС с деталями операции на странице оплаты.
5.  **Будьте внимательны к адресам сайтов.** Проверяйте адрес интернет-магазина, чтобы избежать попадания на фишинговые сайты-дубликаты. Сохраняйте адреса надежных магазинов в закладках.
6.  **Используйте отдельную карту для онлайн-покупок.** Заведите отдельную дебетовую карту, предназначенную только для онлайн-покупок, и кладите на нее только ту сумму, которую планируете потратить.
7.  **Не сохраняйте данные карты на сайтах.** Избегайте сохранения данных вашей карты на сайтах интернет-магазинов, если вы не уверены в их надежности.
8. **Внимательно проверяйте страницу интернет-магазина.** Перед вводом данных карты убедитесь, что это безопасный сайт, а не фишинговая страница.

В целом, при оплате частями важно быть внимательным и осторожным, чтобы избежать мошенничества и не переплатить за товар. Если у вас возникли сомнения или вопросы, лучше обратиться к юристу или финансовому специалисту для получения консультации.
"
68,"Какие льготы предусмотрены по программе долгосрочных сбережений, включая размер вычета на взносы?","Программа долгосрочных сбережений (ПДС) предлагает несколько льгот:

1.  **Софинансирование от государства:** С 1 января 2024 года государство добавляет к вашим взносам до 36 000 рублей в год в течение трех лет. Точная сумма софинансирования зависит от суммы ваших взносов и размера вашего ежемесячного дохода.

2.  **Налоговый вычет на взносы:** Вы можете вернуть 13% от суммы своих взносов, но не более чем сумму уплаченного НДФЛ за год и в пределах лимита вычета для всех долгосрочных инвестиций (ожидается 52 000 рублей).

3.  **Налоговый вычет на доход:** Вы также можете получить налоговый вычет на доход, полученный по договору ПДС. Существуют лимиты по вычету на доход:
    *   Не более 30 млн рублей в год по всем счетам ПДС.
    *   Не более 30 млн рублей по каждому счету за весь срок выплат.

**Лимит вычета на взносы** составляет 400 000 рублей в год. То есть, если вы положите на счет ПДС такую сумму в течение года, вернете до 52 000 рублей (400 000 х 13%).

Важно помнить, что для сохранения права на налоговые льготы необходимо соблюдать условия программы:

*   У вас должно быть не более трех договоров ПДС.
*   Выплаты должны начаться не раньше чем через 15 лет после заключения договора или при достижении 55 лет для женщин и 60 лет для мужчин.
*   Необходимо соблюдать минимальный срок участия в ПДС, который зависит от года заключения договора (от 5 до 10 лет).

Подробнее о программе долгосрочных сбережений можно узнать из статьи «Как устроена программа долгосрочных сбережений»."
69,Какие лимиты действуют для бесплатных переводов по СБП по сравнению с кэшаутом?,"
В контексте предоставленной информации, вот сравнение лимитов для бесплатных переводов по СБП и кэшаута (вывода наличных):

**Система быстрых платежей (СБП):**

*   **На чужие номера:** до 100 000 рублей в месяц без комиссии.
*   **Самому себе (из одного банка в другой):** до 30 млн рублей в месяц без комиссии.
*   **Превышение лимита:** комиссия до 0,5% от суммы операции, но не более 1500 рублей.

**Кэшаут (вывод наличных):**

В предоставленных документах нет конкретной информации о лимитах и комиссиях за кэшаут. Однако, в разделе про переводы через банк (в отделении или через банкомат) указано следующее:

*   **Перевод в отделении банка:** Сумма перевода неограниченна, комиссия обычно 1–2% от суммы транзакции.
*   **Перевод через банкомат:** Сумма перевода может быть ограничена банком, комиссия сильно варьируется (от 0,5% до 6%).
*   **Перевод через систему денежных переводов:** до 1 млн рублей в месяц, комиссия зависит от суммы и страны назначения (в среднем 1–4%).
*   **Перевод через ""Почту России"":** наличными до 500 000 рублей, комиссия складывается из нескольких частей (80–290 рублей + 1,5–5% от суммы).

**Ключевые отличия:**

*   **Лимиты:** СБП предлагает более высокие лимиты для бесплатных переводов, особенно для переводов самому себе.
*   **Комиссии:** СБП предлагает бесплатные переводы до определенного лимита, в то время как кэшаут обычно связан с комиссией.
*   **Скорость:** СБП обеспечивает мгновенные переводы, в то время как кэшаут может занимать от нескольких минут до нескольких дней.

**Важно:** Лимиты и комиссии могут варьироваться в зависимости от банка и выбранного способа перевода. Для получения точной информации о лимитах и комиссиях, применимых к вашему конкретному случаю, рекомендуется обратиться в ваш банк или ознакомиться с тарифами на сайте банка.
"
70,Как проходит расчет через счет эскроу при долевом строительстве?,"Расчет через счет эскроу при долевом строительстве проходит следующим образом:

1.  **Выбор застройщика и банка:** Сначала вы выбираете строительную компанию, дом и квартиру. Затем уточняете у застройщика, с каким банком он работает. Важно проверить, что этот банк входит в список уполномоченных на финансирование долевого строительства на сайте Банка России. Если застройщик предлагает банк, которого нет в этом списке, это повод отказаться от сделки, так как это нарушение закона.
2.  **Заключение договора:** Если с банком все в порядке, вы заключаете трехсторонний договор эскроу с банком и строительной компанией.
3.  **Внесение средств:** Вы вносите на счет эскроу полную стоимость будущей квартиры. Если у вас нет всей суммы, можно оформить ипотеку в том же или другом банке, и кредитные средства будут зачислены на ваш эскроу-счет.
4.  **Ожидание окончания строительства:** Пока идет строительство, деньги находятся на счете эскроу и не могут быть использованы ни вами, ни строительной компанией.
5.  **Передача средств застройщику:** Застройщик получает доступ к деньгам только после сдачи дома в эксплуатацию и передачи ключей хотя бы одному дольщику.
6.  **Возврат средств в случае проблем:** Если строительство не будет завершено вовремя, вы можете забрать всю внесенную сумму со счета эскроу.

**Важные моменты:**

*   Деньги на счете эскроу принадлежат вам до момента выполнения застройщиком своих обязательств.
*   Банк контролирует расходы застройщика, чтобы деньги не были использованы на другие объекты.
*   Схема эскроу минимизирует риски потери денег в случае банкротства застройщика.
*   В случае потери лицензии банком, где открыт счет эскроу, ваши средства застрахованы АСВ и будут переведены на счет в другом банке.

**Плюсы использования эскроу:**

*   Минимальный риск потери денег.
*   Защита в случае банкротства застройщика или отзыва лицензии у банка.
*   Стимул для застройщика завершить строительство в срок.

**Минусы использования эскроу:**

*   Квартиры могут стоить дороже, чем при прямых расчетах с застройщиком.
*   Необходимо тщательно выбирать застройщика, так как деньги будут переведены ему после сдачи дома, даже если у вас есть претензии к качеству строительства.
"
71,Кто контролирует профессиональных участников фондового рынка?,"
Профессиональных участников фондового рынка контролирует **регулятор** — государственная организация. В России эту функцию выполняет **Банк России**.

Банк России выдает всем профессиональным участникам рынка специальные лицензии. Важно помнить, что не стоит доверять свои деньги и активы посредникам без лицензии, так как в случае нарушения ваших прав регулятор не сможет вас защитить. В таком случае придется обращаться в полицию, прокуратуру и суд.

Если вы заключаете договор с зарубежной компанией, Банк России не сможет вам помочь в случае проблем. Вам придется обращаться к иностранному регулятору и в правоохранительные органы той страны, где зарегистрирована компания.
"
72,"На какой срок разумно вкладываться в драгоценные металлы для сохранения сбережений, чтобы вписать это в финансовый план?","
Для сохранения сбережений в драгоценные металлы разумно вкладываться на **долгосрочный период – не менее 10-15 лет, а лучше 20 лет**. Именно такой срок позволяет переждать колебания рынка и, как правило, получить доход, опережающий инфляцию.

**Почему именно такой срок?**

*   **Волатильность:** Цены на драгоценные металлы подвержены колебаниям, особенно в краткосрочной перспективе. На коротком отрезке времени (менее года) можно не только не получить дохода, но и понести убытки.
*   **Защита от инфляции:** Долгосрочные инвестиции в драгоценные металлы исторически показали способность опережать инфляцию, то есть сохранять и приумножать ваши сбережения в долгосрочной перспективе.
*   **Пример из практики:** В одном из примеров, приведенных в контексте, вклад в драгоценные металлы на 12 лет (с ежемесячными пополнениями) позволил значительно увеличить первоначальные вложения.

**Как вписать это в финансовый план?**

*   **Долгосрочная цель:** Рассматривайте инвестиции в драгоценные металлы как часть долгосрочного финансового плана, например, для накопления на пенсию, образование детей или другие крупные цели.
*   **Диверсификация:** Не вкладывайте все свои сбережения в драгоценные металлы. Рекомендуется, чтобы доля драгоценных металлов в инвестиционном портфеле не превышала 10%.
*   **Регулярные инвестиции:** Рассмотрите стратегию регулярных инвестиций, например, ежемесячное или ежеквартальное приобретение определенного количества драгоценных металлов, независимо от текущей цены. Это поможет сгладить колебания рынка.
*   **ОМС (Обезличенный металлический счет):** Открытие ОМС в банке может быть удобным способом инвестирования в драгоценные металлы, особенно для долгосрочных целей. Однако помните, что средства на ОМС не застрахованы государством.

**Важно помнить:**

*   Вложения в драгоценные металлы несут определенные риски.
*   Перед принятием решения об инвестициях рекомендуется проконсультироваться с финансовым специалистом, учитывающим ваши индивидуальные финансовые цели и риски.
*   Не стоит пытаться ""поймать"" момент для покупки драгоценных металлов по самой низкой цене. Долгосрочная стратегия с регулярными инвестициями обычно более эффективна."
73,При каких условиях мобилизованный ИП может перейти на НПД?,"
Мобилизованный индивидуальный предприниматель (ИП) может перейти на уплату налога на профессиональный доход (НПД) при соблюдении следующих условий:

*   У ИП нет сотрудников.
*   Он соответствует другим критериям самозанятости (например, профессиональный доход за год не превышает 2,4 млн рублей).

Переход на НПД позволяет не платить налог в период мобилизации, так как налог уплачивается только с каждой сделки, а в период службы сделок, скорее всего, не будет.

Заявление об изменении налогового режима можно подать как во время службы, так и в течение четырех месяцев после демобилизации. В случае подачи заявления после демобилизации, задолженность по налогам и другим обязательным платежам может быть аннулирована.

Если у ИП была упрощенная система налогообложения или единый сельскохозяйственный налог, после регистрации в качестве самозанятого нужно в течение месяца отправить в ФНС уведомление о прекращении работы по предыдущему налоговому режиму. Если ИП использовал патентную систему налогообложения, нужно дождаться окончания срока действия патента или подать уведомление в ФНС об отказе от ее применения. При этом сниматься с учета в качестве ИП не нужно."
74,"Кому доступен банковский вклад, а кому положен имущественный вычет при покупке жилья?","Имущественный налоговый вычет при покупке жилья доступен налоговым резидентам РФ, то есть тем, кто проживает в России не менее 183 дней в году и уплачивает НДФЛ. 

Вы можете рассчитывать на возврат части НДФЛ при покупке:

*   готовой квартиры, комнаты или дома с землей;
*   квартиры в строящемся доме по договору долевого участия;
*   земельного участка, на котором вы сами строите жилье.

**Лимит вычета на покупку жилья** – 2 млн рублей. Это значит, что вы вправе вернуть 13% от стоимости недвижимости, но до 260 000 рублей. Если уплаченный за год НДФЛ оказался меньше этой суммы, можно растянуть возврат на несколько лет.

**Какие документы понадобятся для имущественного вычета на покупку жилья?**

*   заявление на вычет;
*   декларация 3-НДФЛ;
*   договор купли-продажи недвижимости, договор долевого участия в строительстве или договор подряда на строительство;
*   документы, подтверждающие расходы (чеки, приходно-кассовые ордера, платежные поручения, банковские выписки, акты о закупке материалов);
*   свидетельство о государственной регистрации права собственности;
*   акт приема-передачи жилья.

Если жилье куплено в браке, имущественный вычет могут получить оба супруга, даже если оформлено только на одного из них. В этом случае может потребоваться свидетельство о браке и заявление о распределении вычета между супругами.

**Важно:** Если у вас возникнут вопросы, требующие более детального рассмотрения вашей конкретной ситуации, рекомендуется обратиться к юристу или финансовому специалисту."
75,Какие документы подтверждают ваши права по онлайн-сделке на маркетплейсе в отличие от случая утери векселя?,
76,"Кто контролирует МФО, а кто — коллекторов?","МФО обязаны быть участниками одной из саморегулируемых организаций (СРО): Союза «Микрофинансовый альянс» или СРО «МиР». СРО устанавливают профессиональные стандарты и контролируют работу МФО. Вы можете проверить, в какой СРО состоит интересующая вас МФО, на сайтах этих организаций.

Если МФО не является участником ни одной из СРО, это может быть тревожным сигналом, указывающим на возможные нарушения стандартов.

В случае, если МФО не выплатила деньги вовремя, сначала свяжитесь с компанией для выяснения причин. Затем проверьте, не исключена ли МФО из государственного реестра Банком России. Исключение из реестра означает прекращение деятельности МФО. 

Что касается инвестиций, учредители и акционеры МФО могут вкладывать в них любые средства, но несут солидарную ответственность по ее долгам. Предложения стать ""символическим"" акционером с минимальной долей, как правило, являются способом обойти ограничения на привлечение средств и несут повышенный риск. В таких случаях рекомендуется обратиться в интернет-приемную Банка России.

Если у вас есть сомнения в деятельности МФО или вы столкнулись с сомнительными предложениями, рекомендуется обратиться к юристу или финансовому специалисту для получения квалифицированной консультации."
77,"Что стоит внимательно проверить в договоре, если вы оформляете НПО в НПФ и если берете заем?","
Внимательно проверять в договоре нужно разные аспекты, в зависимости от того, оформляете вы НПО в НПФ или берете заем. Вот основные моменты, на которые стоит обратить внимание:

**Если вы оформляете НПО (негосударственное пенсионное обеспечение) в НПФ:**

*   **С кем вы заключаете договор:** Убедитесь, что договор заключается именно с самим НПФ, а не с другой организацией.
*   **Страхование вкладов:** Узнайте, попадают ли ваши деньги под государственную систему страхования вкладов.
*   **Доходность:** Проверьте, гарантирована ли доходность по вашим вложениям и какова она. Попросите предоставить статистику доходности за предыдущие периоды. Узнайте, какие комиссии будут вычитать из ваших накоплений.
*   **Срок договора:** Определите срок действия договора и условия его расторжения. Узнайте, сколько денег вам вернут в случае досрочного расторжения.

**Если вы берете заем (кредит или микрозайм):**

*   **Полный размер переплаты:** Убедитесь, что в договоре указан полный размер переплаты в рублях и в процентах годовых на первой странице.
*   **График платежей:** Проверьте график платежей и убедитесь, что сможете вносить платежи вовремя.
*   **Досрочное погашение:** Узнайте условия досрочного погашения долга.
*   **Штрафы и пени:** Уточните размер штрафов и пеней за просрочку платежей.
*   **Дополнительные услуги:** Внимательно проверяйте договор на наличие ненужных дополнительных услуг (например, страхование, телемедицина). Убедитесь, что вы не соглашаетесь на них автоматически.
*   **Уступка прав:** Обратите внимание на пункт об уступке прав кредитором третьим лицам.
*   **Способы погашения:** Уточните, какие способы погашения долга предлагает кредитор и какие из них бесплатны.
*   **Обработка персональных данных:** Узнайте, как будут использоваться ваши персональные данные.

**Общие рекомендации:**

*   **Внимательно читайте договор:** Не подписывайте договор, если не понимаете его условий.
*   **Не торопитесь:** Возьмите время на изучение договора, не поддавайтесь на уговоры менеджеров. По закону у вас есть 5 дней на обдумывание предложения.
*   **Задавайте вопросы:** Не стесняйтесь уточнять информацию у сотрудников банка или МФО.
*   **Консультируйтесь с юристом:** Если у вас есть сомнения, проконсультируйтесь с юристом или финансовым специалистом.
*   **Проверяйте таблицу с индивидуальными условиями займа (для микрозаймов):** Убедитесь, что в ней нет дополнительных услуг, которые вам не нужны.
*   **Проверяйте, не проставлены ли заранее галочки в полях рядом с дополнительными услугами (для микрозаймов).**

Помните, что лучше потратить время на изучение договора сейчас, чем потерять деньги в будущем.
"
78,Как начисляются проценты и штрафы во время кредитных каникул по санкциям и по мобилизации?,"Во время кредитных каникул, предоставленных в связи с мобилизацией или другими обстоятельствами, начисление процентов и штрафов зависит от вашего статуса и типа кредита. Вот подробная информация:

**1. Общие правила:**

*   **Заморозка штрафов и пеней:** На время льготного периода прекращается начисление штрафов и пеней. Сумма неустойки замораживается и подлежит выплате после окончания каникул.
*   **Отсутствие взысканий:** Кредитор не имеет права требовать досрочного погашения долга, взыскивать залог или обращаться к поручителям во время каникул. Также запрещено взыскивать долги через суд или выселять из ипотечного жилья.
*   **Кредитная история:** Пропуск платежей во время каникул не ухудшает кредитную историю.

**2. Начисление процентов:**

*   **Для всех заемщиков (Ипотека):** По ипотеке переплата по кредиту не увеличивается. График платежей просто сдвигается на время каникул, и итоговая переплата остается такой же, как и без каникул.
*   **Для мобилизованных и участников СВО (с 6 апреля 2024 года):** Освобождаются от начисления процентов за период каникул по любым кредитам и займам (включая кредитные карты). То есть переплата по долгу не увеличится, а график взносов сдвинется на срок льготного периода. При этом, если участник СВО производил платежи во время каникул, они будут направлены на погашение основного долга, что может снизить общую сумму процентов.
*   **Для членов семьи участника СВО:** Списание процентов не распространяется. Ставка по кредитам во время каникул:
    *   **По потребительским кредитам и займам:** Не может быть больше 2/3 от среднерыночного значения полной стоимости кредита на дату обращения за отсрочкой, но не выше той, что указана в договоре.
    *   **По бизнес-кредитам и займам:** Остается на уровне, указанном в договоре.

**3. Погашение долга после каникул:**

*   **По кредитной карте:** Набежавшие за время каникул проценты и старые штрафы и пени нужно выплатить в течение 720 дней (около 2 лет) равными частями каждые 30 дней.
*   **По потребительскому кредиту:** Долг выплачивается после завершения всех изначально запланированных выплат, ежемесячные платежи остаются прежними.
*   **По ипотечному кредиту:** График просто сдвинется на время каникул, и итоговая переплата не увеличится.

**Важно:**

*   Если у вас были просрочки до начала льготного периода, они будут выделены в отдельный долг. Для членов семьи военнослужащих к этому долгу приплюсуют проценты.
*   Если долг был полностью закрыт к 6 апреля 2024 года, уплаченные проценты военнослужащему не возвращаются.

**ВНИМАНИЕ!**

Ситуации с кредитами и займами могут быть разными, и законодательство в этой области меняется. Рекомендую обратиться к юристу или финансовому специалисту для получения консультации, учитывающей конкретно вашу ситуацию.
"
79,"Почему внебиржевые сделки рискованнее, чем торговля на бирже?","
Внебиржевые сделки рискованнее, чем торговля на бирже, по нескольким причинам:

*   **Отсутствие проверки компаний:** Биржа допускает к торгам только бумаги проверенных компаний, что снижает риск столкнуться с мошенниками. На внебиржевом рынке такая проверка отсутствует, поэтому оценить вероятность прибыли или убытков сложнее, даже для опытных инвесторов.
*   **Нерыночная стоимость бумаг:** Стоимость бумаг на внебиржевом рынке может значительно отличаться от рыночной, что увеличивает риск невыгодной сделки.
*   **Риск мошенничества:** Без помощи лицензированных посредников возрастает риск столкнуться с откровенными мошенниками и потерять свои деньги.

В целом, внебиржевая торговля связана с повышенными рисками, и требует особой осторожности и внимательности.
"
80,Как проверить полис ОСАГО через НСИС?,"Чтобы проверить полис ОСАГО через Национальную страховую информационную систему (НСИС), выполните следующие шаги:

1.  **Проверка полиса, который уже действует:** На главной странице сайта НСИС введите серию и номер полиса и запустите проверку. В открывшемся окне вы увидите название компании-страховщика, данные машины и статус договора – действует ли он на текущую дату.
2.  **Проверка полиса, который еще не начал действовать (куплен заранее):** Информацию о страховке нужно искать в вашем личном кабинете на сайте НСИС. Для этого необходимо авторизоваться на сайте НСИС через Госуслуги или свой онлайн-банк, нажав на кнопку «Войти» в правом верхнем углу.

**Что делать, если полис в НСИС не обнаружится или в нем будут неверные данные?**

1.  Свяжитесь со своим страховщиком.
2.  Прежде чем обращаться к страховщику, проверьте контакты компании в реестре Банка России, чтобы не попасть к мошенникам.
3.  Обратитесь к страховщику с просьбой исправить информацию в базе НСИС.

**Важно:** Если выяснится, что у страховой компании нет полиса с указанным номером или он выписан на другого человека, это означает, что вы приобрели подделку. В этом случае необходимо обратиться в полицию.

**Дополнительные меры предосторожности:**

*   **Проверяйте лицензию страховщика** на сайте Банка России.
*   **Проверяйте адрес продавца** на сайтах Банка России или РСА.
*   **Проверяйте QR-код на полисе**, чтобы убедиться в его подлинности.
*   **Тщательно проверяйте всю информацию** в страховом договоре, включая данные о вас, вашей машине и условиях страхования.
*   **Обратите внимание на низкую цену полиса** – это может свидетельствовать об ошибках или мошенничестве.
*   **Убедитесь, что страховщик правильно внес данные в базу НСИС,** проверив информацию в личном кабинете на сайте НСИС через Госуслуги или онлайн-банк.
*  **В случае обнаружения ошибок**, немедленно сообщите о них страховой компании.

В случае возникновения спорных ситуаций или сомнений в подлинности полиса, рекомендуется обратиться к юристу или финансовому специалисту для получения консультации.
"
81,Есть ли госгарантия возврата средств при крахе брокера либо при исключении МФО из реестра?,"К сожалению, государственные гарантии возврата средств при крахе брокера или исключении МФО из реестра, как правило, отсутствуют. 

**Что касается МФО:** Ваши инвестиции в МФО не защищены системой страхования вкладов. Это означает, что в случае банкротства или ликвидации компании, рассчитывать на государственные компенсации не приходится. Вам придется пытаться вернуть свои средства в рамках процедуры ликвидации или банкротства, следуя инструкциям, описанным выше: подавать заявления, предоставлять документы и ждать результатов. Шансы на полный возврат средств невелики.

**Что касается брокера:** Ваши активы также не попадают под систему страхования вкладов. Если брокер станет банкротом, возможность вернуть свои деньги или ценные бумаги зависит от нескольких факторов:

*   **Специальный брокерский счет:** Если у брокера было право использовать ваши деньги для собственных операций, а ваши средства находились на специальном брокерском счете (отдельно от средств брокера), то шансы на возврат выше.
*   **Сегрегированный счет:** Если вы открывали отдельный (сегрегированный) счет в банке-брокере, то ваши деньги также будут защищены от банкротства банка.
*   **Использование активов брокером:** Если брокер использовал ваши активы для своих операций или для предоставления займов другим клиентам, вернуть их будет сложно.

В обоих случаях (банкротство брокера или МФО) возврат ваших средств зависит от наличия активов у компании и успешности процедуры ликвидации или банкротства. 

**Рекомендации:**

*   Внимательно изучайте условия договоров с брокерами и МФО.
*   Оценивайте риски, прежде чем инвестировать.
*   Если у вас возникли проблемы, немедленно обращайтесь за консультацией к юристу или финансовому специалисту.

В сложных ситуациях, связанных с банкротством или ликвидацией, вам потребуется квалифицированная юридическая помощь для защиты ваших интересов."
82,"Что происходит дальше, если должник отказывается от общения с коллекторами?","
Если вы не хотите общаться с коллекторами, вот что нужно знать и что можно сделать:

**1. Возможность отказаться от общения:**

Вы имеете право направить кредитору или коллекторской организации заявление об отказе от взаимодействия с ними, или о желании общаться только через вашего представителя (например, адвоката). Это можно сделать через 4 месяца после возникновения просрочки по платежам.

**2. Как правильно оформить отказ:**

*   Заявление лучше направить через нотариуса, заказным письмом с уведомлением о вручении или лично, получив расписку о принятии.
*   Если заявление составлено неправильно, кредитор или коллектор обязаны в течение 10 дней сообщить вам, как правильно его оформить.

**3. Важные последствия отказа от общения:**

*   **Передача дела в суд:** Отказ от общения не освобождает от долга. Кредитор, скорее всего, подаст в суд.
*   **Судебные приставы:** Если суд вынесет решение о взыскании долга, дело перейдет к судебным приставам. С ними договориться будет крайне сложно, так как они имеют право на такие меры, как арест счетов и изъятие имущества для погашения долга.

**4. Что происходит после отказа от общения:**

*   Коллекторы прекратят звонки, SMS-сообщения и личные визиты.
*   Однако, они могут продолжать отправлять вам письма на домашний адрес, в том числе повестки в суд.

**5. Важно помнить:**

*   Отказ от общения не отменяет ваш долг.
*   Кредитор вправе продолжать требовать возврата средств через суд.
*   Не стоит полагаться на обещания ""раздолжнителей"" или антиколлекторов, так как это может быть связано с риском.

**6. Что делать, если коллекторы нарушают закон:**

*   **Проверьте коллекторскую организацию:** Убедитесь, что они действуют в рамках закона и имеют право заниматься взысканием долгов (проверьте их в реестре ФССП).
*   **Знайте свои права:** Коллекторы не имеют права на назойливость, угрозы, психологическое давление, разглашение информации о долге третьим лицам и т.д. (см. подробнее в документах выше).
*   **Защитите своих близких:** Коллекторы не имеют права общаться с вашими родственниками или знакомыми без вашего письменного согласия.
*   **Обратитесь с жалобой:** Если коллекторы нарушают закон, вы можете обратиться с жалобой в ФССП или прокуратуру.

**В заключение:** Отказ от общения с коллекторами может дать вам передышку, но не решает проблему долга. Важно понимать последствия и быть готовым к возможному судебному разбирательству. Если вы столкнулись с сложной ситуацией, рекомендуется обратиться за консультацией к юристу или финансовому специалисту.
"
83,Какие инструменты подойдут для консервативного накопления на срок от трех лет и с чего лучше начинать инвестору‑новичку?,"Для консервативного накопления на срок от трех лет, особенно инвестору-новичку, подойдут следующие инструменты:

**1. Облигации федерального займа (ОФЗ):** Это надежный инструмент, так как они выпущены государством. Инвестирование в ОФЗ особенно выгодно при размещении на срок от трех лет.

**2. Банковский депозит:** Это наиболее безопасный вариант, защищенный системой страхования вкладов (до 1,4 млн рублей). Однако проценты по депозитам не всегда покрывают инфляцию.

**3. Корпоративные облигации с высоким рейтингом:** Облигации крупных и стабильных компаний также могут быть хорошим вариантом, но важно выбирать эмитентов с высоким кредитным рейтингом, чтобы снизить риск дефолта.

**4. Драгоценные металлы:** Вложения в золото или другие драгоценные металлы могут служить защитным активом в периоды экономической нестабильности. Однако цены на них могут колебаться.

**С чего лучше начинать инвестору-новичку:**

*   **Начать с банковского депозита:** Это самый простой и безопасный способ понять принцип накопления и работы с финансовыми инструментами.
*   **Постепенно перейти к ОФЗ:** После того, как вы освоились с депозитами, можно попробовать инвестировать в ОФЗ. Они также достаточно надежны, но могут принести более высокую доходность.
*   **Использовать индивидуальный инвестиционный счет (ИИС):** Это позволит получить налоговый вычет и увеличить доходность инвестиций. Важно помнить, что для получения вычета ИИС необходимо использовать не менее трех лет.
*   **Диверсифицировать портфель:** Не стоит вкладывать все деньги в один инструмент. Распределите свои инвестиции между разными активами, чтобы снизить риск потерь.

В целом, для консервативного инвестора важно выбирать инструменты с низким уровнем риска и долгосрочной перспективой. Не стоит гнаться за высокой доходностью, если вы не готовы к высоким рискам.

Кроме того, важно помнить, что инвестиции всегда связаны с риском, и даже самые надежные инструменты могут принести убытки. Поэтому перед принятием решения об инвестициях необходимо тщательно изучить все возможные риски и проконсультироваться с финансовым специалистом.
"
84,"Что делать, если пришло сообщение о блокировке карты с просьбой перезвонить по незнакомому номеру?","
Если вам пришло сообщение о блокировке банковской карты с просьбой перезвонить по незнакомому номеру или перейти по ссылке, **не торопитесь это делать**. Такие СМС и письма по электронной почте нередко рассылают мошенники.

В случае проблем с картой звоните только на **официальный номер горячей линии своего банка** — он указан на обратной стороне карты и на сайте банка. Лучше сохранить этот номер в своем мобильном телефоне, чтобы он всегда был под рукой.

Уточните по телефону горячей линии банка, точно ли ваша карта заблокирована, и если да, то по какой причине.

**Помните:**

*   Мошенники используют любые новостные поводы (например, санкции) для выманивания денег и секретных реквизитов карт.
*   Не поддавайтесь на провокации и не спешите принимать решения, связанные с крупными денежными расходами, не посоветовавшись со специалистами.
*   Во всех случаях, вызывающих подозрение, немедленно обращайтесь в полицию.
*   Если вам звонят от имени Центрального банка, перезвоните по официальному номеру Банка России: 8-800-300-3000.
*   Если вам предлагают деньги от имени какого-либо ведомства, позвоните туда и уточните информацию.

В случае подозрительных операций банк может заблокировать карту для вашей безопасности, но он всегда попытается с вами связаться по номеру телефона, указанному в договоре, или через СМС, push-уведомление или электронную почту. Важно перепроверять информацию, звоня напрямую в банк по известному вам номеру.
"
85,Как меняется выплата по ОСАГО при европротоколе в зависимости от фотофиксации либо разногласий?,"
Размер выплаты по ОСАГО при оформлении ДТП по европротоколу зависит от нескольких факторов:

*   **Полное согласие и фотофиксация:** Если у вас и второго водителя нет разногласий по поводу обстоятельств ДТП и повреждений, и вы сделали фотофиксацию аварии и повреждений ТС с помощью мобильного приложения, вы можете рассчитывать на выплату до **400 000 рублей**.
*   **Разногласия и фотофиксация:** Если есть разногласия, но вы провели фотофиксацию, возмещение составит до **200 000 рублей**. Однако, эта сумма может быть разделена между двумя автовладельцами, если страховщики не смогут определить виновника.
*   **Согласие, но нет фотофиксации:** При согласии со вторым водителем, но отсутствии фотофиксации, возмещение составит до **100 000 рублей**.
*   **Разногласия и нет фотофиксации:** Если у вас есть разногласия и нет фотофиксации, выплата **не будет произведена**.

Важно помнить, что максимальный размер выплат по ОСАГО составляет **400 000 рублей** за ущерб автомобилю и другому имуществу и **500 000 рублей** за вред жизни и здоровью. При оформлении ДТП с участием сотрудников ГИБДД всегда действует лимит в **400 000 рублей**.

Если вы не уверены в своих действиях или у вас возникли сложности с оформлением европротокола, рекомендуется отказаться от него и вызвать сотрудников ГИБДД."
86,Почему заявления о страховке в МФО не гарантируют возврат вложений?,"Заявления микрофинансовых организаций (МФО) о страховке не всегда гарантируют возврат ваших вложений. Часто это маркетинговый ход, и страховка может покрывать совсем не то, что вы думаете.

В большинстве случаев, страховой полис МФО защищает организацию от банкротства банка, через который проходят платежи, или от разрушения офиса в случае стихийных бедствий. Такой полис не поможет вам вернуть свои деньги, если сама МФО обанкротится.

Важно:

*   **Проверьте договор страхования:** Если у вас есть копия договора страхования и правил страхования, внимательно изучите, что именно застраховано, на какую сумму, что считается страховым случаем и срок действия страховки. Эту информацию также можно найти на сайте МФО.
*   **Страховка не защищает от банкротства МФО:** Даже если МФО застрахована от банкротства, сумма страховки часто невелика по сравнению с общим объемом вложений, и вы можете вернуть лишь часть своих средств. Кроме того, страховка может перестать действовать, как только у МФО начнутся финансовые трудности.
*   **Инвестиции в МФО не застрахованы государством:** МФО не являются участниками системы страхования вкладов, поэтому в случае банкротства рассчитывать на выплаты от государства не приходится.

Вложения в МФО сопряжены с высоким риском. Прежде чем инвестировать, убедитесь, что у вас есть финансовая подушка безопасности, и тщательно оцените надежность МФО.

Если у вас возникли проблемы с возвратом вложений, немедленно выясните причину задержки. Возможно, это техническая ошибка, но не исключено, что МФО находится в процессе ликвидации или банкротства.

Для получения более конкретной консультации по вашей ситуации, рекомендуется обратиться к юристу или финансовому специалисту."
87,"Чем отличаются госгарантии для вкладов, пенсионных накоплений в НПФ, полисов НСЖ по защите суммы?","
Здравствуйте!

Государство предоставляет гарантии для различных видов сбережений, но они отличаются по размеру и порядку выплат. Давайте рассмотрим основные отличия для вкладов, пенсионных накоплений в НПФ и полисов НСЖ.

**1. Вклады (депозиты в банках):**

*   **Гарантия:** Агентство по страхованию вкладов (АСВ) гарантирует возврат вкладов в размере до 1,4 миллиона рублей на одного вкладчика в одном банке.
*   **Порядок выплат:** В случае отзыва лицензии у банка или его банкротства, АСВ выплачивает компенсацию вкладчикам в течение установленного срока (обычно 14 дней).
*   **Что покрывается:** Возвращается сумма вклада, включая проценты, начисленные на дату наступления страхового случая.

**2. Пенсионные накопления в НПФ:**

*   **Гарантия:** С 1 января 2023 года государство гарантирует сохранность как обязательных, так и добровольных пенсионных накоплений в НПФ.
*   **Порядок выплат:**
    *   **Если вы еще не получаете пенсию:** АСВ переведет компенсацию на ваш индивидуальный пенсионный счет в Социальном фонде России (СФР) или в другой выбранный вами НПФ. Гарантируется возврат всех взносов (обязательных, добровольных, софинансирование от государства, материнский капитал, направленный на пенсию) в пределах 2,8 млн рублей. Инвестиционный доход не страхуется, и вы можете его потерять в случае банкротства НПФ.
    *   **Если вы уже получаете пенсию:** Выплаты продолжат поступать от СФР в размере не превышающем четырех социальных пенсий по старости.
*   **Что покрывается:** Взносы и доход от их инвестирования в пределах установленных лимитов.

**3. Полисы НСЖ (накопительное страхование жизни):**

*   **Гарантия:** Сумма, указанная в полисе НСЖ, защищена государством в случае банкротства страховой компании.
*   **Порядок выплат:** В случае банкротства страховой компании, АСВ выплачивает компенсацию в размере, не превышающем 100% от суммы страхового полиса, но не более 1,4 миллиона рублей.
*   **Что покрывается:** Возвращается сумма, указанная в полисе, включая накопленную страховую премию.

**Ключевые отличия:**

*   **Размер гарантии:** Для вкладов и полисов НСЖ гарантия составляет 1,4 миллиона рублей, для пенсионных накоплений в НПФ – до 2,8 млн рублей на один НПФ.
*   **Объект гарантии:** Вклады и полисы НСЖ защищают сумму вклада/полиса, а пенсионные накопления – взносы и доход от их инвестирования (с ограничениями).
*   **Порядок выплат:** В случае банкротства НПФ порядок выплат зависит от того, получаете ли вы уже пенсию.

**Важно помнить:**

*   Если у вас есть накопления в нескольких НПФ, гарантия в 2,8 млн рублей распространяется на каждый фонд отдельно.
*   Инвестиционный доход по пенсионным накоплениям не гарантируется государством и может быть потерян в случае банкротства НПФ.
*   Если сумма ваших сбережений превышает установленные лимиты, рекомендуется распределить их между разными банками и НПФ для максимальной защиты.

Если у вас есть конкретная ситуация или вам требуется более детальная консультация, я рекомендую обратиться к юристу или финансовому специалисту.
"
88,"В каких случаях выгоднее созаемщик, а не поручитель, для снижения ставки либо увеличения суммы?","
В случаях, когда вам необходимо снизить процентную ставку или увеличить сумму кредита, выгоднее привлекать **созаемщика**, а не поручителя. 

**Почему это так:**

*   **Влияние на условия кредита:** Финансовое положение и кредитная история созаемщика **напрямую влияют** на условия кредита. Банк проверяет созаемщика так же тщательно, как и основного заемщика (место и стаж работы, доход, финансовая дисциплина). Если у созаемщика хороший доход и положительная кредитная история, это может привести к:
    *   **Увеличению суммы кредита:** Банк готов одолжить большую сумму, если общий доход созаемщиков выше.
    *   **Снижению процентной ставки:**  Банк может предложить более низкую процентную ставку, если финансовое положение созаемщика внушает доверие.

*   **Поручитель и условия кредита:** Доходы и кредитная история поручителя **почти не влияют** на параметры кредита. Банк в основном оценивает, подходит ли поручитель в качестве гаранта возврата долга, но не учитывает его финансовые возможности при определении условий кредита.

**Пример:**

Если ваш доход недостаточен для получения необходимой суммы ипотеки, привлечение созаемщика (например, супруга/супруги) с дополнительным доходом может увеличить общую сумму дохода, что позволит получить кредит на более выгодных условиях.

**Важно помнить:**

*   Созаемщики несут солидарную ответственность по кредиту, то есть банк имеет право требовать погашение долга с любого из созаемщиков в полном объеме.
*   Все важные решения по кредиту (например, ипотечные каникулы) должны согласовываться со всеми созаемщиками.
*   Перед тем, как соглашаться на роль созаемщика или поручителя, необходимо тщательно взвесить все риски и последствия.
*   Рекомендуется оформлять соглашение о взаимных обязательствах между созаемщиками, чтобы определить порядок погашения долга и другие важные моменты.
"
89,"Как работают структурные облигации, привязанные к цене золота?","Структурные облигации, привязанные к цене золота, работают следующим образом:

*   **Номинал облигации:** Номинал облигации обычно соответствует определенному количеству драгоценного металла, например, 1 грамму золота.
*   **Цена размещения:** Облигация размещается по цене, эквивалентной стоимости указанного количества золота на день продажи.
*   **Погашение:** При погашении облигации компания выплачивает сумму, которая зависит от цены золота на день выкупа. Расчеты производятся на основе учетных цен на драгоценные металлы, установленных Банком России.
*   **Купонный доход:** Купонный доход выражается в процентах от номинала облигации, и точная сумма в рублях определяется в день выплаты, основываясь на цене золота.

**Преимущества структурных облигаций:**

*   Возможность заработать как на росте цены золота, так и на купонном доходе.

**Риски структурных облигаций:**

*   Цена золота может снизиться к моменту погашения облигации.
*   Структурные облигации считаются сложным инструментом, и для их покупки вам может потребоваться пройти тестирование или получить статус квалифицированного инвестора.
*   Существует вероятность банкротства компании-эмитента или брокера, через которого вы приобретаете облигации.

**Важно помнить:**

*   Несмотря на потенциальную выгоду, структурные облигации сопряжены с рисками.
*   Тщательно изучите условия выпуска облигаций и оцените свои возможности, прежде чем инвестировать в этот инструмент.
*   Также следует учитывать риски, связанные с возможным банкротством эмитента или брокера.

В целом, структурные облигации могут быть выгодным инструментом для инвестиций в золото, но они требуют внимательного анализа и осознания рисков.
"
90,Почему инвестиции в себя считаются выгодными?,"Инвестиции в себя – это, пожалуй, самые выгодные вложения, которые вы можете сделать. Хотя в предоставленных документах этот вопрос напрямую не раскрыт, можно сделать вывод, основываясь на общей логике инвестиций и принципах финансовой грамотности.

Вместо того, чтобы рассматривать инвестиции только как вложения в финансовые инструменты (акции, облигации, вклады), стоит понимать, что **инвестиции – это вложения в любые активы, которые могут принести доход в будущем**. И самым ценным активом являетесь вы сами.

Вот почему инвестиции в себя считаются выгодными:

*   **Повышение дохода:** Получение новых знаний и навыков (образование, курсы, тренинги) напрямую влияет на вашу квалификацию и позволяет претендовать на более высокооплачиваемую работу или открыть собственный прибыльный бизнес.
*   **Увеличение конкурентоспособности:** В современном мире, где технологии и требования рынка постоянно меняются, постоянное обучение и развитие – это единственный способ оставаться востребованным специалистом.
*   **Личностный рост:** Инвестиции в себя – это не только про деньги, но и про развитие личности, расширение кругозора, повышение уверенности в себе и улучшение качества жизни.
*   **Независимость и гибкость:** Наличие широкого спектра навыков и знаний делает вас более независимым от внешних обстоятельств и позволяет адаптироваться к изменениям на рынке труда.
*   **Долгосрочная перспектива:** В отличие от краткосрочных финансовых инвестиций, вложения в себя приносят доход на протяжении всей вашей жизни.

**К инвестициям в себя можно отнести:**

*   Образование (высшее, дополнительное, дистанционное).
*   Повышение квалификации (курсы, тренинги, семинары).
*   Обучение новым навыкам (например, иностранным языкам, программированию, дизайну).
*   Посещение конференций и мастер-классов.
*   Чтение книг и профессиональной литературы.
*   Занятия спортом и поддержание здоровья.

Важно помнить, что, как и любые инвестиции, вложения в себя требуют планирования и осознанного подхода. Необходимо определить свои цели, выбрать подходящие инструменты развития и постоянно работать над собой.

**В контексте информации, предоставленной в документах, можно провести аналогию:** как перед инвестициями в ценные бумаги необходимо подготовить ""финансовую подушку безопасности"", так и перед инвестициями в себя – оценить свои финансовые возможности и спланировать бюджет, чтобы не подвергать себя лишним рискам.

Если вам нужен более детальный план инвестиций в себя или консультация по финансовым вопросам, рекомендую обратиться к финансовому консультанту."
91,Чем отличается остановка операции от блокировки счета по 115‑ФЗ?,"
Здравствуйте!

Банки могут ограничивать операции и доступ к счетам в различных ситуациях. Вот основные из них:

**1. Защита от мошенников:**

*   Банк проверяет реквизиты получателя платежа на наличие в базе данных, связанных с мошенническими схемами. Если реквизиты попадают в эту базу, банк может заблокировать перевод на два дня и сообщить вам об этом.
*   Банк может приостановить операцию, если она кажется подозрительной (например, необычно большая сумма или новый контрагент). В этом случае банк свяжется с вами для подтверждения или отмены платежа.

**Что делать:** Сообщите своему партнеру о блокировке платежа, возможно, его реквизиты ошибочно попали в базу мошенников. Он может обжаловать это решение. Свяжитесь с банком, чтобы уточнить причину блокировки и подтвердить транзакцию.

**2. Неуплата налогов:**

*   По распоряжению налоговой инспекции банк может приостановить все операции по вашим счетам, если у вас есть задолженность по налогам.
*   Налоговая инспекция обязана заранее уведомить вас о приостановке операций.

**Что делать:** Устраните нарушения (подайте декларацию, оплатите налоги). Налоговые платежи можно делать даже с замороженного счета. После этого подайте в ФНС документы, подтверждающие исправление ситуации.

**3. Подозрение в отмывании доходов или финансировании терроризма (115-ФЗ):**

*   Банк обязан приостановить операцию, если у него есть подозрения в незаконной деятельности.
*   Банк может отказать в обслуживании, если подобные подозрения возникают неоднократно.
*   Банк может ограничить доступ к дистанционному банковскому обслуживанию (ДБО) или заблокировать карту.

**Что делать:** Предоставьте банку все необходимые документы и объяснения.

**Различия между остановкой операции и блокировкой счета по 115-ФЗ:**

*   **Остановка операции:** Временная приостановка конкретного платежа для проверки.
*   **Блокировка счета:** Более серьезная мера, которая может привести к невозможности совершать любые операции по счету, кроме обязательных платежей (например, зарплаты и налогов).

**Важно:** Блокировка счета – это крайняя мера, которая применяется только при серьезных подозрениях в отмывании доходов или финансировании терроризма.

Если у вас возникла проблема с блокировкой счета или ограничением операций, рекомендую обратиться к юристу или финансовому специалисту для получения конкретной консультации по вашей ситуации.
"
92,"Почему за наличную валюту стоит идти в банк, а не к брокеру?","Покупка наличной валюты через брокера невозможна. Брокеры занимаются обменом только безналичной валюты, которая торгуется на Московской бирже (это доллар США, гонконгский доллар и евро). Кроме того, брокер не выдаст вам наличные деньги, а только переведет средства с брокерского счета на ваш банковский валютный счет.

Наличную валюту легально можно обменять только в отделениях банков или через банкоматы. Все остальные способы обмена — незаконны и связаны с высоким риском обмана (например, поддельные купюры, невыгодный курс, потеря денег без возможности обратиться за помощью).

Прежде чем идти в отделение банка, стоит убедиться, что там есть нужная вам сумма валюты. Также рекомендуется проверить лицензию банка на сайте Банка России.

Банкоматы с валютой доступны только владельцам карт банка, которому принадлежит этот банкомат. Важно учитывать, что банкоматы с валютой есть только у крупных банков и в основном в больших городах, и там зачастую можно обменять только доллары или евро.
"
93,Как отличаются кредитные каникулы для мобилизованных ИП от каникул для МСП из санкционных отраслей?,"Кредитные каникулы для мобилизованных ИП и для малого и среднего бизнеса (МСП) из санкционных отраслей отличаются по нескольким ключевым параметрам:

**Для мобилизованных ИП:**

*   **Срок:** Кредитные каникулы предоставляются на срок военной службы плюс 30 дней. Если после демобилизации ИП госпитализирован, каникулы продлеваются на срок стационарного лечения.
*   **Условия:** Каникулы доступны для всех кредитов и займов, оформленных до мобилизации.
*   **Особенности:** Если владелец компании (МСП) был мобилизован, то льготный период будет длиться 90 дней после демобилизации собственника компании.

**Для МСП из санкционных отраслей:**

*   **Срок:** Каникулы предоставляются на срок до полугода.
*   **Условия:** Доступны для кредитов и займов, оформленных до 1 марта 2022 года. Необходимо, чтобы предприятие работало в отраслях, наиболее пострадавших от санкций (сельское хозяйство, наука, культура, туризм, общественное питание, медицина, информационные технологии, оптовая и розничная торговля, сфера услуг).
*   **Повторное оформление:** Предприниматели, которые уже брали кредитные каникулы в связи с пандемией, могут оформить их снова на новых основаниях (санкционные).
*   **Прекращение санкционных каникул:** Если владелец бизнеса мобилизован, санкционные каникулы автоматически прекратятся с того дня, когда начнут действовать каникулы в связи с мобилизацией.

**Общие моменты:**

*   Во время кредитных каникул банки и МФО не начисляют штрафы за просроченные платежи и не ухудшают кредитную историю.
*   Проценты по кредитам продолжают начисляться и прибавляются к основному долгу.
*   Срок погашения кредита увеличивается, чтобы сохранить размер платежей после окончания каникул.
*   Каникулы можно прервать досрочно, если финансовое положение улучшится.

В каждом конкретном случае рекомендуется внимательно изучить условия предоставления кредитных каникул и проконсультироваться с юристом или финансовым специалистом для выбора наиболее подходящего варианта."
94,Почему при возврате денег за страховку сумма бывает меньше из‑за комиссий посредников?,"При возврате денег за страховку сумма может быть меньше из-за комиссий посредников. Нередко полисы продают посредники, например банки, и они не возвращают свою комиссию, а ее размер иногда достигает 70% от уплаченной за страховку суммы.

Прежде чем принимать решение о возврате полиса, уточните у страховщика, сколько денег вам выплатят. Также стоит заранее выяснить, удастся ли найти такие же выгодные условия, какие у вас были, если вы решите оформить новый полис. Например, автокаско может сильно подорожать из-за роста цен на запчасти, тогда выгоднее сохранить ваш прежний полис. Стоит сравнить предложения нескольких разных компаний и только потом принимать решение.

Если вы рассматриваете возможность расторжения договора, оцените потери в случае отказа от перехода к другому страховщику. По страхованию жизни вы, скорее всего, получите обратно меньше, чем заплатили за полис. По другим видам страхования выплата будет пропорциональна оставшемуся сроку страховки.
"
95,Чем отличаются гранты от льготных кредитов по обязательствам по возврату средств?,"Гранты и льготные кредиты отличаются по обязательствам по возврату средств следующим образом:

**Гранты** – это финансовая помощь, которая предоставляется на определенные цели и, как правило, не требует возврата, если вы выполняете условия, на которых она была предоставлена. В контексте предоставленной информации, если индивидуальный предприниматель получил государственный грант и не может выполнить обязательства из-за мобилизации, он может отложить проект без штрафов или вернуть сумму гранта, но не обязан выплачивать её обратно в виде кредита.

**Льготные кредиты** – это займы, которые предоставляются на более выгодных условиях (например, с пониженной процентной ставкой), но подлежат обязательному возврату в соответствии с графиком платежей, прописанным в кредитном договоре. В случае изменения обстоятельств (например, отчисления из учебного заведения), условия льготного кредитования могут быть пересмотрены, и банк может пересчитать проценты по обычной ставке.

**Ключевое отличие:** Грант – это безвозмездная помощь (при выполнении условий), а кредит – это заем, который необходимо вернуть.
"
96,Чем факторинг отличается от банковского кредита по обеспечению?,"
Факторинг и банковский кредит отличаются в плане обеспечения.

**Банковский кредит** часто требует предоставления залога (ваше имущество, которое банк может забрать в счет погашения долга, если вы не сможете выплатить кредит), поручительства (когда другое лицо обязуется выплатить долг за вас) или созаемщика (который несет такую же ответственность за погашение кредита, как и вы). Кредиты с таким обеспечением называются обеспеченными и обычно имеют более низкие процентные ставки.

**Факторинг** в отличие от кредита, не требует предоставления залога в традиционном понимании. Вместо этого, залогом выступает ваша дебиторская задолженность, то есть будущая выручка от ваших клиентов. Это означает, что фактор финансирует вас под ожидаемые платежи от ваших покупателей.

Таким образом, основное отличие заключается в том, что факторинг использует дебиторскую задолженность как обеспечение, в то время как банковский кредит может требовать предоставление имущества или гарантий третьих лиц.
"
97,"Какую роль играет Агентство по страхованию вкладов в защите вкладчиков банков, а также клиентов страховщиков?","Агентство по страхованию вкладов (АСВ) играет ключевую роль в защите прав вкладчиков российских банков и клиентов страховщиков. 

**В отношении вкладчиков банков:**

*   АСВ выплачивает возмещение вкладчикам в случае отзыва лицензии у банка, согласно закону ""О страховании вкладов в банках Российской Федерации"".
*   АСВ ведет реестр банков — участников ССВ и следит за формированием Фонда обязательного страхования вкладов, а также управляет его средствами.
*   АСВ гарантирует выплату возмещения по вкладам в пределах установленных лимитов (до 1,4 млн рублей). В некоторых случаях размер возмещения может быть увеличен до 10 млн рублей (например, для счетов эскроу или при определенных обстоятельствах поступления средств).
*   АСВ осуществляет работу ССВ под контролем Правительства и Банка России.

**В отношении клиентов страховщиков:**

*   Агентство проводит ревизию финансового состояния страховой компании после отзыва лицензии.
*   Если у страховщика есть финансовые средства, АСВ возвращает клиентам стоимость полисов.
*   В случае нехватки средств, АСВ проводит процедуру банкротства для оценки и продажи активов компании, из которых выплачиваются долги клиентам. Однако, в этом случае нет гарантии полного возмещения долгов.

Важно отметить, что АСВ не всегда может обеспечить полное возмещение, особенно в случаях, когда у компании (банка или страховщика) недостаточно средств. В таких ситуациях придется ждать окончания процедуры банкротства, но нет уверенности, что удастся вернуть все деньги."
98,Как налогообложение дохода сотрудников на УСН соотносится с пределом удержаний при взыскании долгов?,"Налогообложение дохода сотрудников на УСН соотносится с пределом удержаний при взыскании долгов следующим образом:

При взыскании долгов с сотрудников, удерживаемых из заработной платы, важно учитывать пределы удержаний, установленные законодательством. Эти пределы зависят от вида долга и суммы заработной платы сотрудника.

При УСН работодатель является налоговым агентом и обязан удерживать и перечислять в бюджет:

*   **НДФЛ (налог на доходы физических лиц)**: Ставка НДФЛ составляет 13% с доходов до 2,4 млн рублей в год и от 15 до 22% с суммы, превышающей этот лимит.
*   **Страховые взносы**: Включают в себя взносы на обязательное пенсионное страхование, обязательное медицинское страхование и обязательное социальное страхование на случай временной нетрудоспособности и в связи с материнством.

**Пределы удержаний при взыскании долгов:**

*   **По исполнительным документам (например, судебному решению)**: Удержания не могут превышать 50% заработной платы, если долг не связан с алиментами или возмещением вреда, причиненного жизни или здоровью.
*   **По требованиям о взыскании алиментов**: Удержания не могут превышать 70% заработной платы, а если на иждивении находится двое и более детей — до 80%.
*   **По требованиям о возмещении вреда, причиненного жизни или здоровью**: Удержания не могут превышать 25% заработной платы.
*   **По иным требованиям (например, по кредитам)**: Удержания не могут превышать 10% заработной платы.

При взыскании долгов с сотрудника, работодатель должен учитывать все эти ограничения и не превышать установленные пределы удержаний. Если долгов несколько, то удержания производятся в порядке очередности установленном законодательством.

**Важно:** При расчете пределов удержаний учитывается заработная плата сотрудника после вычета НДФЛ и страховых взносов.

В случае возникновения сложностей с определением пределов удержаний, рекомендуется обратиться к юристу или финансовому специалисту.

"
99,Защищены ли деньги на счете эскроу при покупке строящегося жилья?,"Да, деньги на счете эскроу при покупке строящегося жилья защищены. 

Вот основные моменты, которые подтверждают это:

*   **Страхование вкладов:** Деньги на счетах эскроу, используемых для сделок с недвижимостью, застрахованы государственной системой страхования вкладов. В случае проблем у банка, размер возмещения составит до 10 млн рублей.
*   **Защита от банкротства застройщика:** Если застройщик обанкротится и не сможет завершить строительство, вы сможете забрать всю внесенную сумму со счета эскроу.
*   **Контроль банка:** Банк не только хранит деньги, но и контролирует расходы застройщика, чтобы убедиться, что средства используются по назначению - на строительство заявленного объекта.
*   **Заинтересованность застройщика:** Застройщик заинтересован в своевременном завершении строительства, так как только тогда он получит доступ к средствам на счете эскроу.

Однако, важно помнить, что сумма возмещения в 10 млн рублей действует не постоянно. Она начинает действовать с момента подачи документов в Росреестр и заканчивается через 3 рабочих дня после регистрации права собственности. После этого лимит страховой выплаты становится стандартным - 1,4 млн рублей.

Кроме того, важно выбирать застройщика тщательно, так как даже при защите ваших средств на счете эскроу, при наличии претензий к качеству строительства или отделке, деньги все равно могут перейти застройщику. Поэтому рекомендуется заранее изучить репутацию застройщика и отзывы покупателей.
"
100,Какие меры снижают риск кражи денег при расчетах на сайтах объявлений?,"
При расчетах на сайтах объявлений существует ряд мер, которые помогут снизить риск кражи денег:

*   **Использовать ""безопасную сделку""**: Многие крупные сервисы объявлений предлагают такую услугу. Покупатель оплачивает товар банковской картой, деньги резервируются на счете площадки и поступают продавцу только после получения товара покупателем.
*   **Наложенный платеж**: Если нет возможности рассчитаться лично, отправьте товар наложенным платежом. Покупатель оплатит товар при получении в почтовом отделении, а деньги будут переведены вам после этого.
*   **Оплата на сайте площадки**: Используйте платежный сервис самой площадки, а не переходите на сторонние сайты или в мессенджеры. Площадка зарезервирует деньги и переведет их продавцу только после подтверждения получения товара.
*   **Не переходить в сторонние мессенджеры**: Мошенники часто стараются перевести общение в сторонние мессенджеры, где вы не будете защищены системой безопасности площадки.
*   **Остерегайтесь предоплаты**: Не соглашайтесь на предоплату, особенно если вас торопят с покупкой.
*   **Проверяйте продавца**: Изучите отзывы о продавце, проверьте его профиль на наличие минимальной информации или признаков фальшивки.
*   **Не сообщайте данные карты**: Никогда не сообщайте полные реквизиты своей карты, включая CVV/CVC-код, незнакомым людям. Для перевода денег достаточно знать только номер карты или номер телефона.
*   **Проверяйте адрес сайта**: Убедитесь, что вы находитесь на официальной странице сайта, а не на его клоне. Обратите внимание на адресную строку: она должна начинаться с ""https://"" и содержать значок закрытого замка.

В случае, если вы все же стали жертвой мошенников, обратитесь в банк и правоохранительные органы.
"
101,Почему неквалифицированным инвесторам сейчас рискованно покупать иностранные бумаги через российских посредников?,"Действительно, сейчас неквалифицированным инвесторам рискованно покупать иностранные бумаги через российских посредников, и вот почему:

*   **Риск блокировки активов:** В текущей геополитической ситуации существует значительный риск блокировки любых иностранных активов. Более 5 миллионов россиян уже столкнулись с заморозкой своих зарубежных ценных бумаг, включая депозитарные расписки. Инвесторы оказываются неспособными распоряжаться своими активами и получать по ним доход.
*   **Ограничения для неквалифицированных инвесторов:** Российские брокеры ввели временные ограничения на покупку иностранных бумаг, в том числе расписок, для неквалифицированных инвесторов. С 1 января 2025 года неквалифицированным инвесторам доступны бумаги иностранных эмитентов только из стран ЕАЭС.
*   **Заморозка активов:** Даже если удастся приобрести иностранные активы, есть риск того, что они могут быть заморожены в связи с санкциями, и инвестор потеряет доступ к своим средствам.

**В связи с этим, если вы не являетесь квалифицированным инвестором, рекомендуется:**

*   Воздержаться от покупки иностранных бумаг через российских посредников.
*   Рассмотреть альтернативные варианты инвестиций на российском рынке, которые доступны неквалифицированным инвесторам (государственные облигации, корпоративные облигации с высоким кредитным рейтингом, акции российских компаний и т.д.).

Помните, инвестиции в любые активы сопряжены с риском. Всегда тщательно оценивайте свои финансовые возможности и консультируйтесь с финансовым специалистом перед принятием инвестиционных решений."
102,Сколько максимально вернут по соцвычету и по взносам на ИИС при ставке НДФЛ 22%,"
В соответствии с представленной информацией, максимальная сумма, которую можно вернуть по взносам на ИИС при ставке НДФЛ 22%, составляет 88 000 рублей. Это рассчитывается как 400 000 рублей (максимальная сумма взносов для расчета вычета) * 22% (ставка НДФЛ).

Что касается социального вычета, в предоставленных документах информация о нем отсутствует. Для получения информации о социальном вычете и его максимальном размере, я рекомендую обратиться к юристу или финансовому специалисту, либо посетить сайт Федеральной налоговой службы (ФНС).

Важно помнить, что в любом случае, сумма возврата не может превышать сумму НДФЛ, уплаченного за год.
"
103,Можно ли без потерь забрать деньги из НСЖ или ИСЖ после покупки полиса?,"В большинстве случаев без потерь забрать деньги из полиса накопительного страхования жизни (НСЖ) или инвестиционного страхования жизни (ИСЖ) после покупки возможно только в период охлаждения, если не наступил страховой случай. 

**Период охлаждения:**

*   **Общий случай:** Обычно составляет 14 дней.
*   **Разовая оплата или первые два взноса ≥ 1,5 млн рублей:** Сокращается до 30 дней.
*   **Регулярные взносы:** До третьего взноса, но не менее четырех недель.

**После окончания периода охлаждения:**

После периода охлаждения, если вы решите расторгнуть договор, вы получите только **выкупную сумму**, которая почти никогда не включает заработанный инвестиционный доход и может быть значительно меньше внесенных вами средств, особенно в первые годы действия полиса. Размер выкупной суммы стоит узнать заранее, изучив таблицу выкупных сумм, которая прилагается к договору.

**Важно!**

*   Нельзя пропускать сроки платежей, так как это грозит штрафами и даже расторжением договора с возвратом только выкупной суммы.
*   Вложения в полис не застрахованы государством, в отличие от банковских вкладов.

**Изменения в правилах продажи (с 1 октября 2024):**

С октября 2024 года при продаже полисов ИСЖ банки обязаны проводить тестирование клиентов, чтобы убедиться, что они понимают все риски. Если тестирование не было проведено, вы можете отказаться от полиса в течение года и вернуть все свои взносы.

**Рекомендации:**

Внимательно изучите договор и прилагаемую памятку перед подписанием. Убедитесь, что вы понимаете все условия, в том числе размер выкупной суммы и последствия досрочного расторжения. Если у вас возникли вопросы или сомнения, обратитесь за консультацией к юристу или финансовому специалисту.
"
104,За счет чего банки обеспечивают выплаты кешбэка?,"
Банки выплачивают кешбэк за счет комиссии, которую продавцы платят банку за проведение операций по банковским картам. Когда вы расплачиваетесь картой в магазине, продавец отчисляет часть суммы банку-эквайеру (банку продавца). Часть этой комиссии остается у банка продавца, а часть перечисляется банку, выпустившему вашу карту (банку-эмитенту).

Банки-эмитенты заинтересованы в активном использовании их карт, поэтому они возвращают клиентам часть потраченных средств в виде кешбэка. Это выгодно и банку, так как чем больше оборот по картам, тем больше комиссий он получает. Кешбэк также является эффективным маркетинговым инструментом для привлечения новых клиентов и удержания существующих.

Кроме того, банки могут сотрудничать с торговыми сетями и другими компаниями, предлагая повышенный кешбэк при покупках у партнеров. В этом случае продавец возмещает банку часть стоимости покупки, которую банк возвращает клиенту в виде кешбэка.

Таким образом, кешбэк – это взаимовыгодная система, в которой банк, продавец и клиент получают определенную выгоду.
"
105,"Когда разумнее выбрать микрозаем в МФО, а не льготный банковский кредит?","Когда разумнее выбрать микрозаем в МФО, а не банковский кредит?

Существует несколько ситуаций, когда микрофинансовая организация (МФО) может быть более подходящим вариантом, чем банк:

*   **Отсутствие кредитной истории или наличие просрочек:** МФО более лояльно относятся к заемщикам с ""неидеальной"" кредитной историей, в отличие от банков, которые обычно требуют хорошую кредитную историю.
*   **Невозможность подтвердить доход:** Если у вас нет возможности предоставить справку о доходах, МФО может предложить заем, используя собственные модели оценки платежеспособности, которые иногда оказываются более гибкими, чем банковские.
*   **Срочная потребность в деньгах:** МФО часто принимают решения о выдаче займа в течение часа, что значительно быстрее, чем в банке. Заявку можно подать онлайн, и деньги поступят на карту.
*   **Небольшая сумма на короткий срок:** Если вам нужна небольшая сумма (например, 7000 рублей) на короткий срок (например, на неделю), и вы не хотите оформлять кредитную карту, МФО может быть удобным решением.

**Важно помнить:**

*   Процентные ставки в МФО значительно выше, чем в банках.
*   Перед оформлением займа в МФО необходимо проверить, что компания зарегистрирована в государственном реестре МФО, чтобы избежать мошенничества.
*   У вас есть 5 дней на обдумывание предложения МФО, условия за это время не могут быть изменены.
*   Внимательно изучите договор, особенно полную стоимость займа, условия дополнительных услуг и неустойки за просрочку.

**Альтернативы МФО:**

Прежде чем обращаться в МФО, рассмотрите альтернативные варианты:

*   **Кредит в банке:** Если у вас есть время и хорошая кредитная история, кредит в банке будет более выгодным вариантом.
*   **Кредитная карта:** Кредитная карта с беспроцентным периодом может быть отличной альтернативой займам ""до зарплаты"".
*   **Подтверждение дохода другими способами:** Предоставьте выписку с банковского счета или зарегистрируйтесь как самозанятый.
*   **Ломбард:** Залог ценной вещи в ломбарде может быть дешевле, чем микрозайм.
*   **Кредитный потребительский кооператив (КПК):** Проценты в КПК ниже, чем в МФО, но потребуются вступительные и членские взносы.

**В любом случае, прежде чем брать заем, оцените свою финансовую ситуацию и убедитесь, что сможете вовремя погасить долг.** Размер ежемесячных платежей не должен превышать 30% вашего дохода. Если у вас возникли трудности, обратитесь к финансовому консультанту или юристу."
106,Чем отличается лимит пополнений ИИС-1/2 от лимита суммы взносов для вычета по ИИС-3?,"
Лимиты пополнений ИИС-1/2 и лимиты взносов для вычета по ИИС-3 существенно отличаются.

**ИИС-1 и ИИС-2:**

*   На ИИС-1 и ИИС-2 можно вносить не более **1 миллиона рублей в год**. Этот лимит касается максимальной суммы, которую можно внести на счет в течение календарного года.

**ИИС-3:**

*   Для получения налогового вычета по ИИС-3 существует лимит на сумму взносов в **400 000 рублей в год**. Это означает, что максимальная сумма, с которой вы можете вернуть 13% НДФЛ, составляет 400 000 рублей.
*   При этом, на ИИС-3 **нет ограничений** на общую сумму взносов, которые можно внести в год. Вы можете вносить любые суммы сверх 400 000 рублей, но вычет по НДФЛ будет ограничен этой суммой.

**Важно:** Лимит в 400 000 рублей является общим для всех ваших ИИС-3, договоров ПДС и НПО. Если вы делаете взносы по всем этим инструментам, то общий объем взносов не должен превышать 400 000 рублей в год, чтобы получить максимальный налоговый вычет.

Таким образом, ИИС-1/2 ограничивают только сумму пополнения, а ИИС-3 ограничивает сумму, с которой можно получить налоговый вычет, но не ограничивает общую сумму взносов.
"
107,Как распределение накоплений между несколькими НПФ влияет на размер гарантированной защиты?,"
Распределение накоплений между несколькими НПФ влияет на размер гарантированной защиты следующим образом:

Государство гарантирует сохранность ваших взносов и дохода от их инвестирования в пределах 2,8 млн рублей *в любом НПФ*. Это означает, что если вы распределите свои накопления между несколькими НПФ, то на сумму до 2,8 млн рублей защищены взносы и доход в *каждом* из них.

Например, если у вас есть счета в трех НПФ, и на каждом из них накоплено меньше 2,8 млн рублей, то в случае банкротства любого из них, АСВ выплатит вам компенсацию в полном объеме накоплений на этом счете (в пределах 2,8 млн рублей).

Если же на одном из счетов сумма превышает 2,8 млн рублей, то государство гарантирует возмещение только в пределах этой суммы. Остальную часть можно будет вернуть только после окончания процедуры ликвидации фонда, и только если удастся реализовать активы фонда.

Таким образом, распределение взносов между несколькими НПФ позволяет максимально использовать гарантии государства и снизить риск потери накоплений в случае банкротства одного из фондов.

**Важно:** Если вы планируете накопить больше 2,8 млн рублей, рекомендуется заключить договоры с несколькими фондами, чтобы распределить риски и обеспечить максимальную защиту своих сбережений.
"
108,Как подтверждается подписание онлайн-кредита?,"Подписание кредитного договора онлайн подтверждается введением кода, который приходит в уведомлении от банка или МФО. Этот код является вашей электронной подписью и подтверждает ваше согласие со всеми условиями договора. 

Важно помнить, что как только вы подтвердили договор (ввели код), банк начнет ежедневно начислять проценты на сумму кредита.

Также, в контексте упоминается, что для онлайн-сделок может потребоваться усиленная квалифицированная электронная подпись (УКЭП). Её можно получить в удостоверяющем центре или через приложение ""Госключ"". Некоторые банки могут снижать процентную ставку при оформлении ипотеки онлайн с использованием УКЭП.
"
109,"Если бизнес не проходит по условиям льготного кредитования, какой инструмент позволит профинансировать оборудование на спецусловиях?","Если ваш бизнес не подходит ни под одну из программ льготного кредитования, есть несколько инструментов, которые позволят профинансировать оборудование на специальных условиях:

*   **Лизинг:** Сейчас работают две программы лизинга с господдержкой:
    *   **Программа Корпорации МСП:** Предлагает выгодные условия по лизингу станков и производственных линий стоимостью до 50 млн рублей (6% для российского и 8% для иностранного оборудования). Доступна для малого и микробизнеса в обрабатывающих отраслях и легкой промышленности.
    *   **Программа Фонда развития промышленности:** Позволяет оформить лизинг станков, производственных линий и спецтехники по рыночным ставкам, но с возможностью занять деньги на первоначальный взнос в ФРП под низкий процент (1% для российского и 5% для иностранного оборудования).
*   **Государственные микрофинансовые организации (МФО):** Предлагают займы под сниженные ставки (например, 7% в 2024 году).
*   **Государственная гарантия:** Можно привлечь государство в качестве поручителя по займу, которое гарантирует кредитору погашение долга, если вы не сможете выплатить его самостоятельно.
*   **Залог имущества:** Предоставление залога по займу может снизить процентную ставку.

Рекомендую вам ознакомиться с деталями каждой программы на сайтах Корпорации МСП ([https://мспор.рф/](https://мспор.рф/)), Фонда развития промышленности ([https://frp.ru/](https://frp.ru/)) и портале «Мой бизнес».

Для выбора наиболее подходящего варианта и получения консультации по конкретно вашей ситуации, рекомендую обратиться к финансовому специалисту или юристу."
110,Как проверить СМС о «пополнении счета» на подлинность?,"Здравствуйте!

Вы получили СМС о неожиданном пополнении счета и беспокоитесь о подлинности этого сообщения? Это вполне обоснованное беспокойство, так как мошенники часто используют подобные уловки. Вот что нужно сделать, чтобы проверить ситуацию:

**1. Удостоверьтесь, что деньги действительно пришли на счет.**

*   **Проверьте баланс:** Войдите в онлайн-банк или мобильное приложение вашего банка и проверьте свой баланс. Посмотрите историю последних операций.
*   **Если сумма не увеличилась:** Это верный признак мошенничества. Не реагируйте на дальнейшие сообщения или звонки, связанных с этим СМС.

**2. Если деньги действительно зачислены:**

*   **Запросите выписку:** Обратитесь в банк и запросите выписку со счета, чтобы узнать, кто именно сделал перевод. В выписке будет указана фамилия отправителя или название компании.
*   **Свяжитесь с отправителем:** Если информация вам знакома, попробуйте связаться с отправителем и выяснить причину перевода.
*   **Сообщите в банк об ошибке:** Если это явная ошибка, попросите банк перечислить деньги обратно отправителю.

**3. Будьте бдительны!**

*   **Не перезванивайте по указанным в СМС номерам:** Мошенники могут представиться сотрудниками банка и попросить предоставить конфиденциальную информацию (CVV/CVC-код, коды из СМС).
*   **Не сообщайте никому свои личные данные:** Никогда не передавайте секретную информацию о карте (номер, срок действия, CVV/CVC-код) по телефону или через интернет.
*   **Перепроверяйте информацию:** Если вам звонят из банка и просят подтвердить какие-либо данные, положите трубку и самостоятельно позвоните в банк по номеру, указанному на обратной стороне вашей карты или на официальном сайте банка.
*   **Подключите СМС-оповещения:** Это позволит вам оперативно узнавать обо всех операциях по карте и своевременно реагировать на подозрительные действия.

**Помните:** Мошенники постоянно изобретают новые схемы обмана. Будьте внимательны, не торопитесь и перепроверяйте любую подозрительную информацию. Если вы сомневаетесь, лучше обратиться за консультацией к юристу или финансовому специалисту.
"
111,"Какой минимальный срок держать ИИС разных типов, чтобы сохранить право на налоговые льготы?","Минимальный срок владения ИИС зависит от его типа и года открытия:

**ИИС-1 и ИИС-2 (старые типы):**

*   Минимум **3 года**. Если вы выведете деньги раньше этого срока, вы потеряете право на налоговый вычет.

**ИИС-3 (новый тип):**

*   Если вы открыли ИИС-3 в **2024–2026 годах** — необходимо владеть им не менее **5 лет**.
*   Если вы открыли ИИС-3 в **2027 году** — срок владения составляет **6 лет**.
*   Если вы открыли ИИС-3 в **2028 году** — необходимо владеть им не менее **7 лет**.
*   Если вы открыли ИИС-3 в **2029 году** — срок владения составляет **8 лет**.
*   Если вы открыли ИИС-3 в **2030 году** — необходимо владеть им не менее **9 лет**.
*   Если вы открыли ИИС-3 **с 2031 года** — срок владения составляет не менее **10 лет**.

**Важно:**

*   Для ИИС-3 в зачет идет только полный год владения счетом.
*   Если у вас был ИИС-1 или ИИС-2, который вы трансформировали в ИИС-3, к дате открытия нового счета может быть прибавлено до трех лет владения старым счетом.
*   При досрочном снятии денег с ИИС-3 (до истечения минимального срока владения) счет закроется, вычеты придется вернуть, а с дохода заплатить налог, за исключением случаев использования средств на дорогостоящее лечение."
112,"Как проверить, что финансовый посредник или платформа действует легально, и куда жаловаться при проблемах с инвестиционной платформой?","
Для начала, убедитесь, что инвестиционная платформа, с которой вы сотрудничаете, внесена в реестр Банка России. Это можно проверить на сайте Банка России. Если платформа в реестре, значит, регулятор контролирует ее деятельность и соблюдение обязательств.

**Что делать, если платформа не выполняет свои обязательства:**

1.  **Направьте претензию:** Отправьте письменную претензию на официальный электронный адрес платформы. У платформы есть 15 рабочих дней на ответ. В некоторых случаях, при необходимости дополнительных документов, срок может быть увеличен до 25 рабочих дней.
2.  **Обратитесь в Банк России:** Если сроки ответа истекли, или ответ вас не устроил, подайте жалобу в интернет-приемную Банка России. Также вопросы о работе платформ можно задать через мобильное приложение «ЦБ онлайн».
3.  **Если платформа не в реестре:** Если платформа отсутствует в реестре Банка России, урегулировать разногласия можно только через суд.

**Если управляющий неудачно инвестировал ваши деньги:**

*   Если управляющий действовал в рамках оговоренной стратегии и предупреждал о рисках, претензии могут быть необоснованными, так как инвестиции всегда связаны с риском убытков.
*   Если управляющий не предоставил декларацию о рисках, вложил средства не в те активы или нарушил условия договора, сначала обратитесь к нему напрямую.
*   Если спор не удается решить напрямую, обратитесь в саморегулируемую организацию (СРО), в которой состоит управляющий.
*   Для получения компенсации убытков обратитесь к финансовому омбудсмену.
*   Вы также можете пожаловаться в интернет-приемную Банка России.

**Важно помнить:**

*   Внимательно изучайте договор с инвестиционной платформой, при необходимости проконсультируйтесь с юристом.
*   Перед выбором платформы проверьте ее репутацию, срок существования, количество успешных проектов и отзывы в сети.
*   Уточните условия сотрудничества, включая комиссии и порядок предоставления документов.

В сложных ситуациях, особенно связанных с финансовыми потерями, рекомендуется обратиться за консультацией к юристу или финансовому специалисту для получения индивидуальной оценки и помощи.
"
113,Как банки получают госданные при онлайн-заявке на ипотеку?,"Как банки получают госданные при онлайн-заявке на ипотеку?

В настоящее время некоторые банки используют технологию цифрового профиля для получения необходимых данных при подаче заявки на кредит онлайн. Эта технология объединяет информацию о клиенте из различных государственных информационных систем. Для подачи заявки таким способом необходимо авторизоваться через портал ""Госуслуги"" (с подтвержденной учетной записью) и дать банку согласие на запрос и обработку ваших данных.

Банк мгновенно получает необходимые сведения о вас, и вам остается только убедиться в их правильности. Это позволяет банку значительно ускорить процесс рассмотрения заявки и, в некоторых случаях, сообщить об одобрении кредита за несколько часов или даже минут, так как нет необходимости в дополнительной проверке предоставленных данных.

Также некоторые банки предлагают оформить документы с помощью подписи, выпущенной в приложении «Госключ». В этой программе можно получить УКЭП самостоятельно и бесплатно. Потребуется подтвержденная учетная запись на портале «Госуслуги», загранпаспорт нового образца и смартфон с NFC-модулем.
"
114,Что произойдет с долгом при продаже залога дешевле задолженности: в автоломбарде против ипотеки?,"В обоих случаях, и в автоломбарде, и при продаже ипотечного жилья, если залог будет продан дешевле суммы задолженности (займа с процентами, штрафами или остатка ипотеки), **долг всё равно будет считаться погашенным**. 

**Автоломбард:** Как указано в документе ""Как быстро продадут машину, если у меня будут проблемы с возвратом долга?"", если выручка от продажи машины меньше суммы долга, заем считается погашенным. Вам даже могут вернуть разницу, если машина продана дороже долга.

**Ипотека:** Аналогичный принцип действует и в случае ипотеки.  Полностью аналогичная ситуация и в случае ипотеки - банк не может требовать от заёмщика дополнительной оплаты, если вырученных средств от продажи заложенного имущества окажется недостаточно для покрытия долга.

**Важно:** В обоих сценариях рекомендуется запросить у организации, продавшей залог (автоломбарда или банка), подтверждение цены продажи и суммы задолженности, чтобы убедиться в правильности расчетов. В случае возникновения разногласий, например, если вам кажется, что залог был продан невыгодно, рекомендуется обратиться к юристу или финансовому специалисту."
115,Почему низкая ставка по кредиту не гарантирует выгоду при покупке квартиры либо оборудования?,"Низкая ставка по кредиту не гарантирует выгоду при покупке квартиры или оборудования по нескольким причинам. 

Во-первых, как показывают практики строительных компаний, низкая ставка по ипотеке (например, от застройщика) часто компенсируется завышенной ценой самой недвижимости. Фактически, застройщик выплачивает банку разницу между рыночной ставкой и низкой, предлагаемой вам ставкой, но затем «закладывает» эти расходы в стоимость квартиры, делая ее дороже, чем аналогичная без акции. В итоге, общая переплата по кредиту и стоимость жилья может оказаться значительно выше, чем при обычной ипотеке.

Во-вторых, застройщики могут включать дополнительные расходы в сумму кредита, такие как обязательное страхование жизни на весь срок ипотеки, с высокой ценой, включающей в себя значительные комиссии застройщика как агента страховой компании.

В-третьих, даже если ставка низкая, общая сумма кредита может вырасти из-за более высокой стоимости недвижимости, что приведет к увеличению срока погашения и, соответственно, общей переплаты по процентам.

В-четвертых, низкие ставки могут спровоцировать инфляцию, если экономика не может быстро нарастить производство товаров и услуг в ответ на возросший спрос. Это может привести к росту цен и снижению покупательной способности, что нивелирует выгоду от низкого кредита.

В конечном счете, важно тщательно анализировать все условия кредитования, оценивать общую стоимость приобретения (квартиры или оборудования), учитывая не только процентную ставку, но и дополнительные расходы, возможные риски и долгосрочные финансовые последствия.  Для конкретного случая и оценки всех факторов рекомендуется обратиться к юристу или финансовому специалисту.
"
116,Почему не стоит отыгрываться на падающем рынке?,"

Отыгрываться на падающем рынке – это распространенная, но крайне рискованная стратегия. Эксперты сравнивают это с ситуацией, когда отец наказывает сына не за саму игру, а за попытку отыграться. Если рынок идет против вас, лучше остановиться, передохнуть и проанализировать ситуацию. 

**Почему это плохая идея?**

*   **Увеличение убытков:** Попытка отыграться может привести к еще большим потерям. Вместо того, чтобы зафиксировать убыток (с помощью stop loss), вы продолжаете торговать, надеясь на изменение ситуации, и рискуете потерять еще больше денег.
*   **Эмоциональные решения:** В ситуации падающего рынка легко поддаться эмоциям и принимать импульсивные решения, которые часто оказываются ошибочными.
*   **Кредитное плечо:** Использование кредитного плеча (заемных средств брокера) в попытке отыграться может привести к непомерным долгам, если рынок продолжит падать.

**Что делать, если рынок идет против вас?**

*   **Остановитесь:** Прекратите торговлю и дайте себе время на анализ.
*   **Зафиксируйте убытки:** Используйте stop loss, чтобы ограничить свои потери.
*   **Оцените риски:** Пересмотрите свою инвестиционную стратегию и убедитесь, что вы готовы к возможным рискам.
*   **Не рискуйте всем:** Инвестируйте только ту сумму, которую вы готовы потерять.

**Общие рекомендации по инвестициям:**

*   **Создайте финансовую подушку безопасности:** Отложите 3-6 месячных зарплат на депозите.
*   **Обучитесь:** Прежде чем инвестировать, пройдите обучение и разберитесь в основах биржевой торговли.
*   **Диверсифицируйте:** Не вкладывайте все деньги в один актив. Распределите инвестиции между разными компаниями и отраслями.
*   **Не верьте обещаниям высокой доходности:** Гарантировать прибыль на фондовом рынке невозможно.

**Важно помнить:** Инвестиции всегда связаны с риском потери денег. Если вы не уверены в своих знаниях и опыте, лучше обратиться к финансовому специалисту или юристу для получения консультации.
"
117,Зачем для вклада выбирать надежный банк в конце года?,"
Выбор надежного банка для вклада, особенно в конце года, важен по нескольким причинам:

* **Сохранность ваших сбережений:** Вклады в банках застрахованы государством через систему страхования вкладов (ССВ). Это означает, что если у банка возникнут финансовые проблемы и будет отозвана лицензия, вам гарантированно вернут до 1,4 млн рублей, а в некоторых случаях – до 10 млн рублей.
* **Защита от инфляции:** Вклад позволяет хотя бы частично компенсировать инфляцию, то есть сохранить покупательную способность ваших денег.
* **Избежание мисселинга:** В конце года, когда многие люди подводят итоги и решают, куда вложить сбережения, недобросовестные сотрудники банков могут пытаться навязать вам не вклады, а другие финансовые продукты (страховые полисы, инвестиции), которые не застрахованы государством и не гарантируют доходность.

**Как выбрать надежный банк:**

1.  **Проверьте лицензию:** Убедитесь, что банк имеет действующую лицензию на осуществление банковской деятельности. Проверить это можно на сайте Банка России.
2.  **Убедитесь, что банк участвует в ССВ:** Все банки, работающие с физическими лицами, должны быть участниками системы страхования вкладов.
3.  **Оцените финансовое состояние банка:** Обратите внимание на показатели, такие как:
    *   **Балансовая прибыль:** Банк должен быть прибыльным или, как минимум, не иметь значительных убытков.
    *   **Активы банка:** Сумма активов должна быть стабильной или расти.
    *   **Норматив достаточности капитала (Н1.0):** Должен быть не менее 8%.
    *   **Норматив мгновенной ликвидности (Н2):** Должен быть не менее 15%.
    *   **Норматив текущей ликвидности (Н3):** Должен быть не менее 50%.
4.  **Оцените удобство банка:** Учитывайте наличие и расположение банкоматов и отделений, удобство интернет-банка и мобильного приложения.
5.  **Изучите отзывы:** Почитайте отзывы о банке в интернете и спросите мнение друзей и знакомых.

**Важно помнить:**

*   Если сумма ваших вкладов превышает 1,4 млн рублей, рассмотрите возможность распределения средств по нескольким банкам, чтобы максимально использовать возможности ССВ.
*   Будьте внимательны и не позволяйте сотрудникам банка навязывать вам продукты, которые вам не нужны или в которых вы не уверены.
*   Если у вас возникли вопросы или сомнения, обратитесь за консультацией к финансовому специалисту или юристу.
"
118,Что делать при подозрительных списаниях по карте?,"
Если с вашей карты списали деньги без вашего ведома, необходимо предпринять следующие шаги:

**1. Заблокируйте карту.**

Немедленно позвоните в банк и заблокируйте карту. Номер телефона указан на оборотной стороне карты. Рекомендуется записать этот номер и хранить его отдельно от карты, чтобы он был доступен даже в случае потери кошелька или телефона.

**2. Опротестуйте операцию.**

В день получения уведомления о незаконном списании (или на следующий день) обратитесь в отделение банка с запросом выписки по счету и напишите заявление о несогласии с операцией. Обязательно сохраните экземпляр заявления с отметкой банка о его принятии.  Важно помнить, что банк может отказать в возврате денег, если докажет, что вы сами предоставили данные карты (например, ПИН-код или CVV-код) третьим лицам.

**3. Обратитесь в полицию.**

Подайте заявление в ближайшее отделение полиции или в Бюро специальных технических мероприятий (БСТМ) МВД России, которое занимается расследованием преступлений в интернете. Чем быстрее вы обратитесь, тем выше вероятность найти мошенников и вернуть деньги.

**Дополнительные рекомендации для контроля операций по карте:**

*   **Подключите СМС-оповещения:** Это позволит вам оперативно узнавать о всех операциях по карте и немедленно реагировать на подозрительные списания.
*   **Внимательно проверяйте СМС-сообщения и уведомления:** Будьте осторожны с сообщениями, предлагающими перезвонить по незнакомому номеру или перейти по ссылке для отмены подозрительной операции – это, скорее всего, мошенники.
*   **Регулярно отслеживайте операции по карте:** Используйте мобильное приложение банка, онлайн-банк или получайте выписки по счету.
*   **Предупреждайте банк о необычных операциях:** Если вы планируете совершить крупную покупку или перевести деньги, сообщите об этом банку заранее.
*   **Будьте осторожны с операциями, которые могут быть расценены как отмывание доходов:** Если вы собираете деньги, например, в родительском комитете, убедитесь, что операции соответствуют законодательству.

**Важно:** Если банк заблокировал вашу карту, он обязан объяснить причину. Если вы считаете, что блокировка необоснованна, вы можете обратиться в межведомственную комиссию при Банке России.

**Внимание!** Если у вас возникли сложные юридические или финансовые вопросы, рекомендуется обратиться за консультацией к юристу или финансовому специалисту.
"
119,"Последствия затяжной просрочки по ипотеке, оптимальная тактика до суда?","
Затяжная просрочка по ипотеке может привести к серьезным последствиям, вплоть до потери жилья. Вот что может произойти и какие шаги можно предпринять:

**Последствия затяжной просрочки:**

*   **Судебное разбирательство:** Банк имеет право обратиться в суд для взыскания долга и изъятия заложенной недвижимости. Если просрочка составляет четыре и более платежей в течение года, банк может потребовать досрочного погашения кредита и взыскания жилья через суд, даже если это единственное жилье должника.
*   **Увеличение долга:** К основной сумме долга будут начисляться пени и штрафы, что значительно увеличит общую сумму к выплате. Даже после решения суда долг может продолжать расти, если не предпринимать меры по его погашению.
*   **Деятельность коллекторов:** До суда к взысканию долга могут подключиться коллекторы, которые будут напоминать о задолженности. Важно помнить, что они обязаны действовать в рамках закона.
*   **Судебные приставы:** После решения суда, если долг не будет погашен, к делу подключатся судебные приставы. Они могут арестовать деньги на банковских счетах, ценное имущество и даже ограничить выезд за рубеж.
*   **Потеря жилья:** Банк вправе продать заложенную квартиру или дом с торгов для погашения долга.
*   **Взыскание с поручителя/созаемщика:** Если при оформлении кредита были привлечены поручитель или созаемщик, банк может потребовать погашение долга с них.

**Оптимальная тактика до суда:**

1.  **Ипотечные каникулы:** Попробуйте оформить ипотечные каникулы, которые позволяют отложить платежи по кредиту на полгода, даже при наличии просрочки.
2.  **Реструктуризация кредита:** Если каникулы не помогли, попросите банк о реструктуризации кредита, то есть об изменении графика платежей (например, уменьшение платежей на время и увеличение срока выплат). Многие банки идут навстречу заемщикам.
3.  **Самостоятельная продажа недвижимости:** Если ни каникулы, ни реструктуризация невозможны, рассмотрите вариант самостоятельной продажи заложенной квартиры или дома. Банк обязан согласиться на этот вариант, если вырученных денег хватит на полное погашение долга.
4.  **Обращение в суд:** Если вы не можете решить проблему с банком самостоятельно, обратитесь в суд. Попытайтесь убедить судью назначить приемлемый график платежей. Предоставьте документы, подтверждающие ваше сложное финансовое положение (справку о зарплате, свидетельства о рождении детей, документы о содержании иждивенцев).
5.  **Юридическая консультация:** Обратитесь к юристу или финансовому специалисту для получения консультации по вашей конкретной ситуации.

**Важно:**

*   Не игнорируйте уведомления от банка и суда.
*   Не допускайте усугубления ситуации. Чем раньше вы начнете действовать, тем больше шансов найти решение.
*   Помните, что банк заинтересован в возврате долга, поэтому может пойти на уступки.

**Внимание!** Данная информация носит общий характер и не является юридической консультацией. В каждом конкретном случае необходимо обращаться к квалифицированному юристу или финансовому специалисту."
120,Как повысить шансы на одобрение кредита без переплаты за ненужные услуги?,"Чтобы повысить шансы на одобрение кредита и избежать переплаты за ненужные услуги, следует внимательно подойти к выбору кредитора и изучению условий договора. Вот несколько рекомендаций, основанных на предоставленной информации:

**1. Внимательное изучение договора:**

*   **Срок на изучение:** У вас есть 5 рабочих дней на изучение договора. Не спешите подписывать, используйте это время, чтобы внимательно просмотреть все пункты. Кредитор не может изменить условия, предложенные ранее, в течение этого срока.
*   **Сумма кредита:** Убедитесь, что запрошенная сумма соответствует той, которая указана в договоре. Не допускайте включения в нее стоимости дополнительных услуг без вашего согласия.
*   **Таблица с условиями:** Изучите таблицу с индивидуальными условиями на первых страницах договора, чтобы узнать, как отказ от дополнительных услуг повлияет на процентную ставку.
*   **Полная стоимость кредита (ПСК):** Обратите внимание на ПСК, указанную в квадратной рамке в верхнем правом углу первой страницы. Это показывает размер переплаты по кредиту, включая стоимость дополнительных сервисов. Подумайте, готовы ли вы к такой переплате.
*   **Дополнительные услуги:** Проверьте, какие дополнительные услуги включены в договор и их стоимость. Помните, что отказ от них может повлиять на одобрение кредита или изменить условия.

**2. Отдельные заявления на допуслуги:**

*   Все услуги, не связанные непосредственно с кредитом, должны быть оформлены в отдельном заявлении. Если они вам не нужны, откажитесь от их подписания.

**3. Страхование:**

*   При необходимости страхования вы вправе выбрать страховщика самостоятельно, а не соглашаться на предложение банка или МФО.

**4. Способ оплаты услуг:**

*   Если банк или МФО не позволяет вам выбрать способ оплаты услуги (включить в кредит или оплатить отдельно) или кто-то ставит галочки согласия вместо вас – это повод задуматься о недобросовестности кредитора.

**5. Особенности оформления онлайн:**

*   Будьте осторожны с предложениями, где дополнительные услуги можно отказаться только в офисе кредитора. Это может быть уловкой, чтобы заставить вас заплатить за ненужную услугу.
*   Внимательно читайте все пункты при оформлении кредита онлайн, не поддавайтесь на провокации и не спешите с подписанием.

**6. Подготовка к получению кредита (особенно для предпринимателей):**

*   **Соответствие требованиям:** Убедитесь, что ваш бизнес соответствует требованиям кредитной программы.
*   **Репутация:** Следите за своей и бизнес-репутацией, избегайте сомнительных операций.
*   **Бесперебойная деятельность:** Ведите бизнес без больших перерывов, чтобы показать кредитору стабильность.
*   **Бизнес-план:** Просчитывайте риски и предусмотрите антикризисный план развития.
*   **Повышение грамотности:** Посещайте обучающие мероприятия для предпринимателей, чтобы лучше разбираться в финансовых вопросах.

**Куда обращаться при нарушении прав:**

*   При подозрении на недобросовестные действия кредитора можно обратиться в Банк России и Роспотребнадзор.

**Важно помнить:**

Данная информация носит общий характер. В каждом конкретном случае рекомендуется обратиться к юристу или финансовому специалисту для получения квалифицированной консультации.
"
121,"Куда обращаться при заниженной выплате, если страховщик проходит санацию?","Если вы не согласны с размером компенсации по страховому случаю, вот что можно сделать, опираясь на предоставленную информацию:

1.  **Напишите претензию в страховую компанию.** Сначала необходимо направить письменную претензию непосредственно в страховую компанию, выразив свое несогласие с размером выплаты. Страховщик обязан ответить в течение 15 рабочих дней.

2.  **Обратитесь к финансовому омбудсмену.**  Если страховая компания не реагирует на претензию в течение 15 рабочих дней, или ее ответ вас не устраивает, обратитесь к финансовому омбудсмену. Все страховые компании, занимающиеся ОСАГО, обязаны сотрудничать с ним и выполнять его предписания. Решение финансового омбудсмена имеет силу постановления суда.

3.  **Жалоба в Банк России.** Параллельно с обращением к омбудсмену, вы можете подать жалобу в Банк России, приложив документы, подтверждающие вашу правоту, включая претензию и ответ страховой компании.

4.  **Российский союз автостраховщиков (РСА).** Вы также можете попытаться пожаловаться в РСА, саморегулируемую организацию, объединяющую страховые компании.

5.  **Обращение в суд.** Если вы не согласны с решением финансового омбудсмена, вы имеете право обратиться в суд. Для этого соберите и предоставьте: документы об аварии (протокол ГИБДД или извещение о ДТП), ответ страховой компании на вашу претензию и решение омбудсмена.

**Важно:** В случае, если страховая компания проходит санацию, ситуация может быть более сложной. В этом случае, рекомендуется обратиться к юристу или финансовому специалисту для получения консультации и помощи в подготовке необходимых документов и определении оптимальной стратегии действий.  Могут потребоваться дополнительные шаги для защиты ваших прав в рамках процедуры санации. Кроме того, не забудьте подать заявление в АСВ, если страховая компания объявлена банкротом, но не позднее двух месяцев с момента объявления о банкротстве.
"
122,Как оспорить списание по карте с учетом срока ответа банка?,"

Если у вас произошло списание по карте, которое вы считаете неправомерным, вот что нужно делать, учитывая сроки ответа банка:

**1. Немедленные действия:**

*   **Заблокируйте карту:** Сразу же заблокируйте карту, чтобы предотвратить дальнейшие несанкционированные списания.
*   **Сообщите в банк:** Сообщите в банк о несанкционированном списании как можно скорее, желательно в день, когда банк вас уведомил об операции (или обнаружили ее, если банк не уведомил). Это можно сделать по телефону горячей линии или лично в отделении банка.
*   **Напишите заявление:** Напишите заявление о несогласии с операцией и требованием вернуть деньги. Подайте его в отделении банка. Обязательно сохраните копию заявления с отметкой о его принятии банком.

**2. Сроки ответа банка и дальнейшие действия:**

*   **Срок рассмотрения заявления:** Банк обязан рассмотреть ваше заявление и провести служебное расследование. Срок расследования может составлять:
    *   **30 дней**, если операция была проведена на территории России.
    *   **60 дней**, если операция была международной.
*   **Если банк возвращает деньги:** Если банк согласен с вашим требованием, он должен вернуть деньги в течение нескольких рабочих дней (конкретный срок может быть указан в договоре). Если банк затягивает сроки, вы можете обратиться к нему с письменным требованием, ссылаясь на Гражданский кодекс (статья 314), требуя перечислить украденную сумму в течение семи дней.
*   **Если банк отказывает в возврате:**
    *   **Получите письменный отказ:** Потребуйте от банка письменный отказ с обоснованием причины отказа.
    *   **Обратитесь в Банк России:** Если вы не согласны с отказом банка, вы можете подать жалобу в Банк России, приложив копию вашего заявления в банк и копию ответа банка (отказа).
    *   **Обратитесь в суд:** Если Банк России не помог, или вы хотите ускорить процесс, вы можете обратиться в суд.

**Важные моменты:**

*   **Срок подачи заявления:** Важно подать заявление в банк в течение 14 дней с момента списания (для регулярных социальных выплат) или в любое время (для разовых выплат).
*   **Уведомление банка:** Если банк не уведомил вас о незаконной операции, он обязан возместить ваши потери, даже если вы обнаружили кражу денег спустя значительное время.
*   **Правила безопасности:** Банк может отказать в возврате денег, если вы нарушили правила безопасности при использовании карты (например, сообщили данные карты мошенникам).

**Дополнительные рекомендации:**

*   Внимательно изучите договор с банком, чтобы знать свои права и обязанности.
*   Сохраняйте все документы, связанные с вашим обращением в банк (заявления, ответы, справки).
*   Если у вас возникли сложности, обратитесь за консультацией к юристу или финансовому специалисту.

**Внимание!** Данная информация носит общий характер. В каждом конкретном случае необходимо учитывать индивидуальные обстоятельства и условия договора с банком.
"
123,Почему полис ИСЖ не равен вкладу в контексте раздела при разводе?,"
Полис инвестиционного страхования жизни (ИСЖ) не приравнивается к банковскому вкладу в контексте раздела имущества при разводе по нескольким причинам, которые описаны в предоставленных документах.

Во-первых, пока деньги находятся на счете страховой компании в рамках договора ИСЖ, юридически они принадлежат страховой компании, а не человеку, внесшему эти деньги. Это означает, что у второго супруга нет прямых прав на эти средства до момента выплаты.

Во-вторых, в отличие от банковского вклада, где деньги фактически принадлежат вкладчику, ИСЖ сочетает в себе элементы страхования и инвестирования. Доходность по ИСЖ зависит от инвестиционной стратегии страховщика и может быть как выше, так и ниже, чем по банковским вкладам, а также может привести к потере средств.

В-третьих, если договор ИСЖ закончится во время брака, то выплата по нему станет общим имуществом супругов. Однако, если это произойдет после развода, второй супруг может оспорить свою долю в суде, но при этом нужно учитывать срок исковой давности (3 года).

Таким образом, юридическая природа полиса ИСЖ и риски, связанные с инвестиционной составляющей, отличают его от банковского вклада, что влияет на порядок его раздела при разводе.
"
124,Когда возможны повышенные выплаты по вкладам до 10 млн рублей?,"Повышенная страховая выплата в размере до 10 млн рублей возможна в следующих случаях:

*   **Продажа имущества:** Если деньги на счете поступили после продажи квартиры, дома, дачи или земельного участка с постройками.
*   **Наследство:** При получении денег по наследству.
*   **Решение суда:** Если деньги поступили в результате решения суда.
*   **Возмещение ущерба:** При получении возмещения за ущерб жизни, здоровью или имуществу.
*   **Выходное пособие/компенсации:** Если вам выплатили выходное пособие, компенсации или другие выплаты по трудовому договору.
*   **Социальные выплаты:** При получении материнского капитала, социальных выплат или пособий.
*   **Гранты/субсидии:** Если вам выдали грант в форме субсидии.

**Важное условие:** Деньги должны поступить на счет не ранее чем за три месяца до отзыва лицензии у банка или введения моратория на выплаты по вкладам.

В целом, государство гарантирует возврат до 1,4 млн рублей по всем вашим счетам и вкладам в одном банке. В некоторых случаях, таких как указанные выше, АСВ выплатит вам повышенную страховку — до 10 млн рублей.

Выплату можно запросить через сайт Агентства по страхованию вкладов (АСВ) или портал «Госуслуги».

**Рекомендация:** Для получения точной консультации по вашему конкретному случаю рекомендуется обратиться к юристу или финансовому специалисту."
125,Как подходить к выбору продавца на маркетплейсе либо кредитного брокера?,"Выбор кредитного брокера – это ответственный шаг, требующий внимательности и осторожности. Вот что нужно учитывать, основываясь на предоставленной информации:

**1. Оценка необходимости в услугах брокера:**

Прежде всего, важно понять, действительно ли вам нужен кредитный брокер. Они не гарантируют одобрение кредита, не влияют на процентную ставку и не исправят вашу кредитную историю. Если брокер обещает нереальные вещи, это мошенник.

**2. Что должен делать кредитный брокер:**

*   Составить список банков и МФО, соответствующих вашим требованиям.
*   Помочь собрать пакет документов.
*   Разослать ваше заявление в разные организации.
*   Поделиться опытом и оценить вероятность одобрения кредита в разных местах.

**3. Чего кредитный брокер не должен делать:**

*   Гарантировать получение кредита
*   Обещать определенную процентную ставку
*   Вносить изменения в кредитную историю.

**4. Как выбрать кредитного брокера:**

*   **Рекомендации:** Лучший способ – обратиться к друзьям и знакомым за рекомендациями. Объективных рейтингов и государственных реестров кредитных брокеров не существует.
*   **Фиксированная плата:** Выбирайте брокеров, которые берут фиксированную плату за свои услуги, а не процент от суммы кредита. Это позволит вам понимать свои расходы заранее.
*   **Консультация:** Четко определите, что вы платите только за консультацию, и деньги вам не вернут даже если кредит не одобрят.

**5. Остерегайтесь мошенников:**

*   Не соглашайтесь на оформление поддельных документов.
*   Не доверяйте тем, кто обещает 100% одобрение кредита.

**6. Обратите внимание на POS-кредиты:**

Брокеры, предлагающие POS-кредиты в магазинах, часто являются сотрудниками торговой точки и заинтересованы в продаже товара. В этом случае услуги брокера могут быть бесплатными, но стоит сравнить условия с другими предложениями, так как они могут быть не самыми выгодными.

В целом, будьте внимательны и осторожны при выборе кредитного брокера. Помните, что это не регулируемая сфера, и ответственность за результат лежит на вас.
Если у вас возникнут вопросы, требующие юридической консультации, лучше обратиться к юристу или финансовому специалисту для получения конкретных рекомендаций."
126,Почему высокий индивидуальный кредитный рейтинг не гарантирует одобрение кредита?,"Высокий индивидуальный кредитный рейтинг не гарантирует одобрение кредита, поскольку банки и другие кредитные организации рассматривают множество факторов при принятии решения, а не только ваш кредитный рейтинг. 

В то время как хороший рейтинг указывает на вашу финансовую дисциплину и надежность, кредиторы также оценивают ваши доходы, расходы, место работы, стаж, семейное положение и другие обстоятельства, влияющие на вашу платежеспособность. 

Например, банк может отказать в ипотеке, если у вас небольшой стаж на текущем месте работы, даже при отличном кредитном рейтинге.

Кроме того, стоит помнить, что кредитные бюро (БКИ) могут иметь немного различающуюся информацию о вас, так как кредиторы сами решают, в какие БКИ передавать данные. Поэтому низкий рейтинг в одном БКИ может повлиять на общее решение кредитора.

В конечном итоге, одобрение кредита зависит от комплексной оценки вашей финансовой ситуации конкретным кредитором. Если вам отказали в кредите, не стоит отчаиваться – стоит обратиться в другие банки, так как критерии оценки надежности заемщиков у них могут отличаться.
"
127,Какие меры заранее снижают риск кражи денег с карты в поездке и дома?,"
Чтобы снизить риск кражи денег с карты как в поездке, так и дома, рекомендуется предпринять следующие меры:

**Дома:**

*   **Контроль операций:** Подключите СМС-оповещения или push-уведомления в мобильном приложении банка, чтобы оперативно получать информацию о всех операциях по карте.
*   **Защита ПИН-кода и CVC/CVV-кода:** Никогда не сообщайте ПИН-код, CVC/CVV-код, срок действия карты и другую конфиденциальную информацию никому, даже сотрудникам банка.
*   **Безопасность при оплате:** Не позволяйте продавцам уносить карту из вашего поля зрения и прикрывайте клавиатуру рукой при вводе ПИН-кода.
*   **Безопасность в интернете:** Заходите только на проверенные сайты и не переходите по ссылкам из подозрительных писем.
*   **Ограничение суммы на карте:** Не храните крупные суммы денег на карте, которой вы пользуетесь для повседневных трат.
*   **Обучение близких:** Расскажите пожилым родственникам об уловках мошенников.

**В поездке:**

*   **Изучение платежной инфраструктуры:** Заранее узнайте, какие платежные системы работают в стране, куда вы едете, принимают ли карты в магазинах и кафе, и где находятся банкоматы.
*   **Безопасность банкоматов:** Используйте банкоматы, расположенные в безопасных местах (в отделениях банков, отелях, торговых центрах).
*   **Комиссии:** Узнайте о комиссиях за снятие наличных и оплату покупок за границей.
*   **Несколько карт:** Возьмите с собой несколько карт разных банков и платежных систем.
*   **Уведомление банка:** Предупредите банк о своей поездке, указав все транзитные точки, чтобы избежать блокировки карты из-за подозрительных операций.
*   **Полезные приложения:** Загрузите на смартфон приложения для конвертации валюты и поиска банкоматов.

**Общие меры:**

*   **Блокировка карты:** В случае кражи или утери карты немедленно заблокируйте ее через горячую линию банка, интернет-банк или SMS-код.
*   **Обращение в банк:** Сразу же после обнаружения пропажи карты сообщите в банк для оспаривания несанкционированных операций.
*   **Выписка по счету:** Регулярно проверяйте выписку по счету, чтобы своевременно обнаружить подозрительные операции.

Помните, что банки могут приостанавливать подозрительные операции, и важно оперативно реагировать на запросы банка для подтверждения или отмены транзакций. В случае сомнений или возникновения сложных ситуаций рекомендуется обратиться к юристу или финансовому специалисту."
128,Когда ФНС присылает готовое заявление на вычет без декларации,"
В соответствии с предоставленной информацией, ФНС присылает готовое заявление на вычет без необходимости подачи декларации 3-НДФЛ в следующих случаях:

*   **Если организация, у которой вы получали услуги (медицинские, образовательные, спортивные и т.д.), передает информацию о платежах в ФНС.** В этом случае, налоговая сама рассчитает сумму возврата и пришлет вам уже заполненное заявление в личный кабинет налогоплательщика до 20 марта следующего года. Вам останется только подписать его электронной подписью.
*   **При оформлении вычета на взносы по ИИС-1 (индивидуальный инвестиционный счет первого типа), если ваш брокер или доверительный управляющий передает информацию о ваших взносах в ФНС.** В этом случае, ФНС также пришлет вам готовое заявление в личный кабинет налогоплательщика.
*   **При оформлении имущественного вычета на покупку недвижимости или процентов по ипотеке, если банк передает информацию о сделке в ФНС.**

В этих случаях, вам не нужно самостоятельно собирать документы и заполнять декларацию. ФНС сделает это за вас, если получит необходимую информацию от соответствующих организаций.

Важно помнить, что для подписания заявления на вычет потребуется электронная подпись, которую можно бесплатно получить на сайте ФНС.
"
129,Чем отличается порядок прекращения договоров при отказе страховщика от лицензии от ситуации с отзывом лицензии?,"Порядок прекращения договоров при отказе страховщика от лицензии и при отзыве лицензии имеет некоторые отличия, хотя в обоих случаях клиенты могут столкнуться с задержками в выплатах или даже потерей части средств.

**Отказ страховщика от лицензии (добровольный отказ):**

*   Страховщик может выбрать один из трех путей:
    1.  Дождаться окончания срока действия всех полисов, а затем сдать лицензию.
    2.  Убедить клиентов расторгнуть договоры досрочно, возвращая часть денег.
    3.  Передать все действующие договоры другому страховщику, который продолжит исполнять обязательства на прежних условиях.
*   Если страховщик просто подает заявление об отказе от лицензии, и Банк России соглашается, договоры прекратятся через 45 дней, и клиенты получат часть стоимости полисов обратно.
*   Однако, Банк России обычно не разрешает компаниям уходить с рынка, не урегулировав отношения с клиентами.

**Отзыв лицензии (принудительный отзыв):**

*   Лицензия может быть отозвана из-за грубых нарушений или финансовой несостоятельности компании.
*   После отзыва лицензии управление компанией переходит к Агентству по страхованию вкладов (АСВ).
*   Компания обязана расторгнуть все договоры в течение 45 дней и вернуть деньги клиентам в течение шести месяцев (если это предусмотрено договором).
*   Договоры ОСАГО продолжают действовать, выплаты производятся из гарантийного фонда РСА.
*   В случае банкротства компании, АСВ продает ее имущество для выплаты долгов клиентам, но нет гарантии полного возмещения.

**Ключевые различия:**

*   **Инициатива:** Отказ от лицензии – это добровольное решение страховщика, отзыв лицензии – это принудительная мера со стороны регулятора.
*   **Управление:** При отказе от лицензии страховщик сам определяет порядок прекращения договоров (в рамках закона), при отзыве лицензии – управление переходит к АСВ.
*   **Сроки:** Сроки прекращения договоров и выплат могут отличаться в зависимости от выбранного страховщиком пути при отказе от лицензии. При отзыве лицензии сроки более четко регламентированы.
*   **Возможность передачи портфеля:** При отказе от лицензии страховщик может передать свои обязательства другому страховщику, что позволяет сохранить условия полисов. При отзыве лицензии такая возможность отсутствует.

В обоих случаях рекомендуется внимательно следить за ситуацией и обращаться за консультацией к юристу или финансовому специалисту для оценки своих прав и возможностей.
"
130,Куда обращаться с жалобой на страховщика в зависимости от вида нарушения?,"Если вы не согласны с размером компенсации по страховой выплате, вот что можно сделать:

1.  **Письменная претензия в страховую компанию:** Для начала подайте претензию непосредственно в страховую компанию. У нее есть 15 рабочих дней на ответ.
2.  **Финансовый омбудсмен:** Если страховая компания нарушает сроки ответа или ее решение вас не устраивает, обратитесь к финансовому омбудсмену. Его решения обладают силой судебных постановлений.
3.  **Банк России:** Параллельно с обращением к омбудсмену вы можете подать жалобу в Банк России, приложив документы, подтверждающие вашу правоту.
4.  **Российский союз автостраховщиков (РСА):** Если речь идет о страховании ОСАГО, вы можете пожаловаться в РСА.
5.  **Суд:** Если вы не согласны с заключением финансового омбудсмена, вы имеете право обратиться в суд. Для этого сохраните и подготовьте документы об аварии, ответ страховой компании и решение омбудсмена.

Помните, что в каждом конкретном случае рекомендуется проконсультироваться с юристом или финансовым специалистом для получения квалифицированной помощи."
131,"Как узнать, в каких БКИ хранится моя кредитная история, и как бесплатно получить отчет?","Для начала, вам нужно узнать, в каких бюро кредитных историй (БКИ) хранится ваша кредитная история. Это можно сделать несколькими способами:

*   **Через портал «Госуслуги»:** Войдите в свой профиль и выберите услугу «Получение информации о хранении вашей кредитной истории». Вам понадобятся паспорт и СНИЛС. Банк России пришлет в ваш личный кабинет список всех БКИ, в которых хранится ваша история, с указанием названия, адреса и номера телефона бюро.

*   **На сайте Банка России:** Если вы знаете свой код субъекта кредитной истории (его можно найти в кредитном договоре), укажите его в соответствующем запросе на сайте Банка России. Если код забыт, его можно сформировать заново, обратившись лично в банк или БКИ.

После того, как вы узнаете список БКИ, где хранится ваша история, можно бесплатно запросить отчеты. По закону, каждое БКИ обязано предоставить вам кредитную историю два раза в год бесплатно. Вы можете выбрать получение отчетов на электронную почту или в бумажном виде.

**Способы подачи заявки на получение кредитной истории:**

*   **Через сайт бюро:** Отправьте онлайн-заявку на сайте БКИ, после авторизации через портал «Госуслуги». Отчет придет на электронную почту в течение трех рабочих дней.
*   **Телеграммой:** Отправьте телеграмму на официальный адрес БКИ с указанием имени, данных паспорта и электронной почты. Подпись должна быть заверена сотрудником почты.
*   **В офисе БКИ:** Получите кредитную историю в бумажном виде, предоставив паспорт.
*   **Обычным письмом по почте:** Отправьте запрос в БКИ, заверенный нотариусом. Укажите способ получения ответа (бумажный или электронный). Этот способ самый долгий.

Если вам нужна кредитная история чаще двух раз в год, ее можно заказать за дополнительную плату. Обратите внимание, что некоторые банки и МФО также предлагают услуги по получению кредитной истории, но эти услуги, как правило, платные и могут быть дороже, чем прямой запрос в БКИ. К тому же, они могут предоставить информацию только из тех бюро, с которыми сотрудничают.
"
132,Куда обращаться при споре со страховой?,"
Если вы не согласны с размером компенсации по страховому случаю, вот что можно сделать:

1. **Письменная претензия в страховую компанию:** Для начала необходимо подать письменную претензию непосредственно в страховую компанию. У них есть 15 рабочих дней на ответ.
2. **Финансовый омбудсмен:** Если страховая компания нарушила сроки ответа или ее решение вас не устраивает, обратитесь к финансовому омбудсмену. Страховые компании обязаны сотрудничать с ним и выполнять его предписания.
3. **Банк России:** Параллельно с обращением к омбудсмену, вы можете подать жалобу на страховщика в Банк России, приложив документы, подтверждающие вашу правоту (претензию и ответ компании).
4. **Российский союз автостраховщиков (РСА):** Вы также можете пожаловаться в РСА, особенно если речь идет об ОСАГО.
5. **Суд:** Если заключение финансового омбудсмена вас не устраивает, вы имеете право обратиться в суд. Важно сохранить все документы, связанные с аварией, претензией и решением омбудсмена.

**Важно:** Если страховой посредник (агент или брокер) нарушил ваши права, сообщите об этом страховой компании, с которой он сотрудничает. Страховщики несут ответственность за действия своих представителей.

Помните, что в сложных ситуациях рекомендуется обратиться за консультацией к юристу или финансовому специалисту для получения конкретных рекомендаций, учитывающих вашу ситуацию.
"
133,Что выбрать предпринимателю без залога при потребности в деньгах на короткий срок?,"

Если вы предприниматель без залога и вам срочно нужны деньги на короткий срок, вот несколько вариантов, которые стоит рассмотреть:

1. **Микрофинансовая организация (МФО).** МФО могут быть более доступны, чем банки, особенно для начинающих предпринимателей без залога. Однако, процентные ставки по займам в МФО обычно значительно выше, чем по кредитам в банках. Важно внимательно изучить условия договора, полную стоимость займа и убедиться, что вы сможете вернуть деньги вовремя. Обязательно проверьте, что выбранная МФО внесена в государственный реестр, чтобы избежать мошенничества.
2. **Корпорация МСП или региональные гарантийные организации (РГО).** Эти государственные структуры могут гарантировать банку-партнеру погашение части долга, если вы не сможете выплачивать кредит. Это может увеличить ваши шансы на получение кредита в банке, даже без залога.
3. **Государственные МФО.** Они предлагают займы предпринимателям под сниженные процентные ставки (например, в 2024 году средняя ставка составляла 7% годовых). Однако, они работают не во всех регионах (кроме Москвы) и имеют ограничения по видам деятельности.

**С чего начать:**

*   **Определитесь с суммой и сроком.** Это поможет вам понять, какой вариант вам подходит больше.
*   **Сравните предложения.** Изучите условия разных МФО и банков, обратите внимание на процентные ставки, комиссии и другие условия.
*   **Внимательно читайте договор.** Перед подписанием договора убедитесь, что вы понимаете все условия, включая полную стоимость займа.
*   **Оцените свои возможности.** Убедитесь, что вы сможете вернуть деньги вовремя, чтобы избежать штрафов и негативного влияния на вашу кредитную историю.

**Важно:** Если вы не уверены в своих силах или у вас возникли вопросы, рекомендуется обратиться к финансовому специалисту или юристу для получения консультации. Они помогут вам выбрать наиболее подходящий вариант и избежать возможных рисков.
"
134,Чем для вкладчика отличается санация от отзыва лицензии?,"
Для вкладчика санация и отзыв лицензии – это совершенно разные ситуации, и вот в чем их отличие:

**Санация:**

*   **Банк продолжает работать:** Санация – это процедура финансового оздоровления банка. Это означает, что банк не закрывается, а продолжает функционировать и обслуживать своих клиентов.
*   **Вклады в безопасности:** Ваши вклады и деньги на счетах остаются в безопасности. Вы можете не беспокоиться о потере своих средств.
*   **Условия по вкладам и кредитам не меняются:** Все условия по вашим вкладам и кредитам остаются прежними. Вы не заметите никаких изменений в обслуживании.
*   **Владельцы банка теряют контроль:** Владельцы банка могут потерять контроль над ним в процессе санации, но это не влияет на вкладчиков.

**Отзыв лицензии:**

*   **Банк прекращает деятельность:** Отзыв лицензии означает, что банк закрывается.
*   **Возврат денег через АСВ:** В этом случае Агентство по страхованию вкладов (АСВ) начинает процедуру возврата денег вкладчикам.
*   **Страховое возмещение:** АСВ выплачивает страховое возмещение в размере до 1,4 млн рублей на одного вкладчика. В некоторых случаях (например, при продаже недвижимости) возмещение может быть увеличено до 10 млн рублей.
*   **Длительная процедура:** Процедура возврата денег может занять длительное время, особенно если сумма вклада превышает страховое возмещение.

**В итоге:** Санация – это позитивный сценарий для вкладчиков, так как банк продолжает работать и все вклады остаются в безопасности. Отзыв лицензии – это негативный сценарий, который требует от вкладчиков участия в процедуре возврата денег через АСВ.
"
135,В каких случаях банк компенсирует хищение средств?,"
Банк компенсирует хищение средств при соблюдении следующих условий:

**1. Соблюдение правил безопасности:**

*   Вы не сообщали мошенникам конфиденциальные данные карты (номер карты, ПИН-код, CVV-код), логины и пароли от онлайн-банка.
*   Ваше устройство (телефон, компьютер) на момент кражи было защищено паролем.
*   Все приложения, к которым привязана платежная информация, были защищены паролем.
*   Вы не хранили ПИН-код вместе с картой и не записывали его на карте.
*   Вы не позволяли никому делать ксерокопии или фотографии вашей карты.

**2. Своевременное обращение в банк:**

*   Вы сообщили банку о краже денег с карты не позднее следующего дня после того, как банк уведомил вас о подозрительной операции.
*   Вы подали заявление в банк о несогласии с операцией и требованием вернуть деньги.
*   Вы подали заявление в полицию о краже телефона или хищении средств.

**Дополнительные моменты:**

*   Если банк не уведомил вас о незаконной операции, он обязан возместить потери, даже если вы обнаружили кражу не сразу.
*   Если на вас оформили кредит мошенники, вы можете потребовать у банка признать договор недействительным и отложить выплаты до завершения расследования.
*   Если банк отказывается возвращать деньги, вы можете обратиться в Банк России или в суд.
*   Если у вас есть страховка на карту, вы можете обратиться в страховую компанию для получения компенсации, но помните о соблюдении условий страхования (своевременное сообщение о краже, блокировка карты, сбор документов).

**Важно:**

Сохраняйте копии всех заявлений, которые вы подаете в банк и полицию, а также ответы от банка. Это может пригодиться в случае обращения в суд.

В случае возникновения сложных ситуаций, рекомендуется обратиться за консультацией к юристу или финансовому специалисту."
136,"Как убедиться, что письмо о школьной субсидии не от мошенников?","

Чтобы убедиться, что письмо о школьной субсидии не от мошенников, необходимо предпринять следующие шаги:

1. **Проверьте отправителя:** Внимательно изучите адрес электронной почты отправителя. Мошенники часто используют адреса, похожие на официальные, но с небольшими отличиями (например, лишние буквы, цифры или другие символы).
2. **Обратите внимание на содержание письма:** Мошеннические письма часто содержат грамматические и орфографические ошибки, а также нечеткие формулировки. Официальные письма от государственных учреждений, как правило, написаны грамотно и профессионально.
3. **Не переходите по ссылкам в письме:** Если в письме есть ссылки, не переходите по ним. Вместо этого, вручную введите адрес официального сайта организации, от имени которой якобы пришло письмо, в адресной строке браузера.
4. **Не скачивайте вложения:** Не открывайте и не скачивайте вложения из подозрительных писем, так как они могут содержать вирусы или вредоносное программное обеспечение.
5. **Проверьте информацию на официальных ресурсах:** Убедитесь, что предлагаемая субсидия действительно существует и распространяется на вашу семью. Эту информацию можно найти на портале Госуслуг ([https://www.gosuslugi.ru/](https://www.gosuslugi.ru/)), в МФЦ или в органах социальной защиты населения.
6. **Будьте осторожны с просьбами предоставить личную информацию:** Никогда не сообщайте свои личные данные (ФИО, СНИЛС, ИНН, номер телефона, данные карты) в ответ на подозрительные письма или сообщения.
7. **Проверьте информацию в чатах:** Если информация о субсидии пришла через школьный чат, перепроверьте ее у учителя или администрации школы, связавшись с ними напрямую по известным вам контактам.
8. **Остерегайтесь срочности:** Мошенники часто создают ощущение срочности, чтобы заставить вас действовать быстро и необдуманно. Не поддавайтесь на это давление.

В целом, будьте бдительны и критически оценивайте любую информацию, которую получаете по электронной почте или через мессенджеры. Если у вас есть какие-либо сомнения, лучше перепроверить информацию на официальных ресурсах или обратиться за консультацией к специалистам.
"
137,Куда обращаться за выплатами: советские вклады против вкладов банка с отозванной лицензией?,"В случае советских вкладов, компенсации выдаются в отделениях Сбербанка. Вам потребуются паспорт, заявление (можно написать в отделении) и сберегательная книжка (если сохранилась). Если вы не можете прийти лично, компенсацию может получить ваше доверенное лицо. Для закрытых вкладов доверенность необходимо заверить у нотариуса, для действующих – подойдет и доверенность, оформленная в отделении Сбербанка.

Если речь идет о банке с отозванной лицензией, АСВ (Агентство по страхованию вкладов) выбирает банки-агенты для выплаты компенсаций клиентам. Список этих банков и адреса их офисов публикуются на сайте АСВ **на седьмой день** после отзыва лицензии.

Вы можете обратиться за выплатой:

*   **лично в банк-агент** с паспортом или другим удостоверением личности и написать заявление **на пятнадцатый день** после отзыва лицензии.
*   **через сайт АСВ** или **портал Госуслуги** (потребуется подтвержденная учетная запись на Госуслугах и усиленная электронная подпись, оформленная в приложении «Госключ»).
*   **по почте** на адрес АСВ (потребуется заверенная нотариально копия паспорта).
*   **через вашего представителя** (потребуется нотариально заверенная доверенность).

Государство гарантирует возврат до 1,4 млн рублей по всем вашим счетам и вкладам в одном банке (до 10 млн рублей по счетам эскроу и некоторым другим случаям).

Важно помнить, что подать заявление о компенсации можно в течение всего срока ликвидации банка, который обычно длится не менее двух лет.
"
138,Что поможет новичку начать контролировать бюджет без сложных инструментов?,"
Для новичка, желающего начать контролировать бюджет без сложных инструментов, лучшим вариантом будет начать вести учет доходов и расходов. 

**С чего начать:**

*   **Учет доходов и расходов:** Это основа финансового контроля. Даже если это кажется кропотливым занятием, оно того стоит. Достаточно двух-трех месяцев, чтобы понять, сколько денег ваша семья зарабатывает и как их расходует.
*   **Простой инструмент:** Начните с самого простого – таблицы в Excel или обычной записной книжки. Не стоит сразу бросаться в сложные сервисы.
*   **Ежедневная запись:** Важно записывать *все* расходы, даже самые мелкие. Именно из них складываются значительные суммы.
*   **Категории расходов:** Распределяйте расходы по категориям (например, квартплата, продукты, развлечения, медицина, покупки). Это поможет анализировать, куда уходят деньги.

**Далее:**

1.  **Анализ:** Проанализируйте доходы и расходы, чтобы понять, какие траты повторяются каждый месяц и сколько денег вам нужно.
2.  **Цели:** Сформулируйте финансовые цели (например, накопить на отпуск, крупную покупку).
3.  **План:** Составьте план, учитывающий ваши доходы, обязательные расходы и цели.
4.  **Корректировка:** Регулярно следите за планом и корректируйте его при необходимости.

**Помните:** Важно сделать учет доходов и расходов привычкой. Даже небольшие изменения в ваших финансовых привычках могут привести к значительным результатам.

Если вы захотите перейти к более продвинутым инструментам, вы всегда сможете попробовать сервисы финансового планирования, такие как Goodbudget, но для начала простой учет будет наиболее эффективным."
139,Какие инструменты снижения рисков для банков и инвесторов доступны через Корпорацию МСП?,"

Корпорация МСП предлагает несколько инструментов для снижения рисков как для банков, так и для инвесторов:

*   **Поручительства:** Корпорация МСП предоставляет поручительства банкам-партнерам, гарантируя погашение части долга заемщиком, если он окажется не в состоянии его выплатить. Размер гарантии может достигать 1 млрд рублей.
*   **Гарантии по облигациям:** Корпорация МСП берет на себя обязательство выплатить инвесторам номинальную стоимость облигаций и до двух купонов, если эмитент не сможет этого сделать. Это снижает риски для инвесторов и увеличивает спрос на облигации эмитента.
*   **Совместные поручительства:** Возможно одновременное использование поручительства РГО (Региональных гарантийных организаций) и поручительства или гарантий Корпорации МСП. В сумме эти поручительства могут покрывать 70–90% размера кредита.
*   **Якорные инвестиции:** МСП Банк может выступать якорным инвестором, выкупая до 50% выпускаемых облигаций (до 200 млн рублей), что дает сигнал другим потенциальным инвесторам о надежности эмитента.

Эти инструменты позволяют банкам и инвесторам снизить свои риски при работе с малым и средним бизнесом, способствуя увеличению доступности финансирования для предприятий."
140,"Как понять, потянете ли ежемесячный платеж по ипотеке?","

Чтобы понять, потянете ли вы ежемесячный платеж по ипотеке, необходимо тщательно оценить свои финансовые возможности и риски. Вот несколько ключевых моментов, которые стоит учитывать:

**1. Оценка доходов и расходов:**

*   **Оцените свои текущие доходы и расходы.** Составьте подробный список всех ежемесячных доходов (зарплата, премии, другие поступления) и расходов (коммунальные платежи, питание, транспорт, кредиты, развлечения и т.д.).
*   **Определите, какую часть дохода вы готовы выделять на погашение ипотеки.** Рекомендуется, чтобы ежемесячный платеж по ипотеке не превышал 30-50% вашего дохода. Если платеж будет больше, это может создать серьезные финансовые трудности.
*   **Учтите возможные изменения в доходах.** Подумайте, насколько стабилен ваш доход. Есть ли риск сокращения зарплаты, потери работы или других непредвиденных обстоятельств?
*   **Предусмотрите расходы на содержание жилья.** Помимо ежемесячного платежа по ипотеке, необходимо учитывать расходы на коммунальные платежи, ремонт, налоги на недвижимость и страхование.

**2. Расчет размера платежа:**

*   **Воспользуйтесь ипотечным калькулятором.** Существует множество онлайн-калькуляторов, которые позволяют рассчитать примерный размер ежемесячного платежа в зависимости от суммы кредита, процентной ставки и срока кредитования.
*   **Учитывайте первоначальный взнос.** Чем больше первоначальный взнос, тем меньше сумма кредита и, соответственно, ежемесячный платеж.
*   **Рассмотрите разные варианты погашения.** Существуют два основных способа погашения ипотеки: аннуитетный и дифференцированный. При аннуитетном способе ежемесячный платеж одинаков на протяжении всего срока кредита, но переплата по процентам больше. При дифференцированном способе ежемесячный платеж постепенно уменьшается, а переплата по процентам меньше.
*   **Учитывайте дополнительные расходы.** Помимо ежемесячного платежа, необходимо учитывать расходы на оценку недвижимости, страхование, государственную регистрацию ипотеки и другие сопутствующие расходы.

**3. Оценка рисков:**

*   **Потеря дохода.** Подумайте, что вы будете делать, если потеряете работу или ваш доход снизится. Есть ли у вас финансовая подушка безопасности, которая позволит вам выплачивать ипотеку в течение нескольких месяцев?
*   **Изменение процентной ставки.** Если у вас ипотека с плавающей процентной ставкой, то размер ежемесячного платежа может измениться в зависимости от изменения рыночных ставок.
*   **Повреждение недвижимости.** Застрахуйте недвижимость от пожара, затопления и других рисков.
*   **Семейные обстоятельства.** Подумайте, как изменится ваша финансовая ситуация, если у вас появятся дети или возникнут другие семейные обстоятельства.

**4. Дополнительные советы:**

*   **Сравните предложения разных банков.** Не ограничивайтесь одним банком. Сравните условия ипотечных программ в разных банках, чтобы выбрать наиболее выгодное предложение.
*   **Обратитесь за консультацией к финансовому специалисту.** Финансовый специалист поможет вам оценить ваши финансовые возможности и риски, а также выбрать наиболее подходящую ипотечную программу.
*   **Взвесьте все ""за"" и ""против"".** Прежде чем принимать решение об оформлении ипотеки, тщательно взвесьте все ""за"" и ""против"". Убедитесь, что вы действительно готовы взять на себя долгосрочные финансовые обязательства.

**В заключение:**

Покупка квартиры в ипотеку – это серьезный шаг, который требует тщательного планирования и оценки. Не торопитесь с принятием решения и убедитесь, что вы действительно можете позволить себе выплачивать ипотеку без ущерба для своего финансового благополучия. Если у вас возникнут вопросы или сомнения, обратитесь за консультацией к юристу или финансовому специалисту.
"
141,Как распознать фишинговое письмо?,"
Здравствуйте! Я помогу вам разобраться, как распознать фишинговое письмо.

Фишинговые письма – это попытки мошенников обманным путем получить ваши личные данные, такие как логины, пароли, номера банковских карт и т.д. Они могут маскироваться под сообщения от известных компаний, банков, государственных органов или даже ваших знакомых.

**Вот основные признаки, на которые стоит обратить внимание:**

1.  **Тема письма вызывает любопытство или тревогу:** Мошенники часто используют заголовки, которые заставляют вас немедленно открыть письмо, например, ""Ваш аккаунт заблокирован"", ""Вы выиграли приз"", ""Срочный платеж"" или ""Отмена заказа"". Иногда они создают иллюзию ответа на ваше обращение, используя ""Re:"" в теме.
2.  **Незнакомый или подозрительный адрес отправителя:** Внимательно проверяйте адрес электронной почты отправителя. Он может отличаться от официального адреса компании всего на один символ (например, mail@supersshope.ru вместо mail@supershop.ru).  Иногда мошенники используют просто название компании в качестве имени отправителя, скрывая реальный адрес.
3.  **Ошибки в тексте письма:** В серьезных организациях письма готовят профессионалы, поэтому в их рассылках редко встречаются грамматические, орфографические или стилистические ошибки. Обилие бюрократических штампов или непонятных терминов также должно насторожить.
4.  **Подозрительные ссылки:** Не спешите переходить по ссылкам в письме. Прежде чем кликнуть, наведите на ссылку курсор (на компьютере) или нажмите и удерживайте ее (на смартфоне), чтобы увидеть, куда она ведет. Обратите внимание на следующие признаки:
    *   Отсутствие ""://"" после ""http"" или ""https"".
    *   Отсутствие точки после ""www"" или замена ее на дефис.
    *   Наличие символов ""@"" или ""="" в адресе.
    *   Использование большого количества точек и незнакомого адреса в конце.
    *   Привычный адрес стоит после символа ""/"".
5.  **Вложения:** Не скачивайте вложения из подозрительных писем, так как они могут содержать вирусы.
6. **Пустое письмо с ссылкой:** Если письмо выглядит пустым, не кликайте на нем, так как оно может скрывать ссылку на мошеннический сайт.

**Что делать, если вы получили подозрительное письмо:**

*   Не переходите по ссылкам и не скачивайте вложения.
*   Удалите письмо.
*   Сообщите о подозрительном письме в службу безопасности вашего банка или организации, от имени которой оно якобы пришло.

**Важно помнить:** Мошенники постоянно совершенствуют свои методы, поэтому будьте бдительны и осторожны. Если у вас возникли сомнения, лучше перезвонить в организацию, от имени которой пришло письмо, и уточнить информацию.

Если вы стали жертвой мошенников, немедленно обратитесь в банк и правоохранительные органы. Для получения квалифицированной юридической или финансовой консультации рекомендуется обратиться к специалисту.
"
142,Как проверить легальность кредитора перед оформлением займа?,"
Чтобы проверить легальность кредитора перед оформлением займа, необходимо выполнить следующие действия:

1. **Проверка в реестре Банка России:** Убедитесь, что компания, предлагающая кредит, внесена в Справочник финансовых организаций на сайте Банка России ([https://www.cbr.ru/](https://www.cbr.ru/)). Если компании там нет, это явный признак нелегального кредитора. Даже если компания есть в реестре, будьте внимательны, так как мошенники могут создавать сайты, имитирующие сайты легальных организаций.

2. **Наличие маркировки на сайтах:** При поиске финансовых услуг онлайн обращайте внимание на специальные знаки в поисковых системах Яндекс и Mail.ru – синий кружок с галочкой. Отсутствие этой маркировки может указывать на нелегального кредитора.

3. **Проверка МФО и КПК в СРО:** Если вы рассматриваете микрофинансовую организацию (МФО) или кредитный потребительский кооператив (КПК), проверьте, состоят ли они в саморегулируемой организации (СРО).
    *   МФО можно найти в реестрах участников СРО на сайтах союза «Микрофинансовый альянс» и СРО «МиР».
    *   КПК можно найти в соответствующем реестре (и, если это сельскохозяйственный КПК, то в другом реестре).
    *   Убедитесь, что у кредитора указана дата приема в СРО и отсутствует дата исключения.

4. **Внимательное изучение договора:** Перед подписанием договора внимательно прочитайте все его условия, включая мелкий шрифт. Легальный кредитор предоставит вам достаточно документов с четко прописанными условиями. Обратите внимание на:
    *   Полную стоимость кредита (ПСК), которая должна быть указана в квадратной рамке на первой странице договора.
    *   Условия возврата кредита и возможные штрафы за просрочку.
    *   Наличие и стоимость дополнительных услуг.
    *   Право отказаться от страховки, предлагаемой кредитором, и выбрать другого страховщика.

5. **Время на раздумье:** По закону, у вас есть 5 рабочих дней на раздумье после ознакомления с договором. В течение этого времени кредитор не может изменить условия договора. Легальный кредитор не будет препятствовать вам взять документы домой для изучения.

6. **Оценка предложения:** Будьте осторожны с подозрительно выгодными предложениями. Если условия кажутся слишком хорошими, чтобы быть правдой, это может быть признаком мошенничества.

**Важно помнить:** Черные кредиторы часто используют запугивание, угрозы и незаконные методы взыскания долгов. Если вы столкнулись с такими действиями, немедленно обратитесь в правоохранительные органы.

Если у вас возникли сомнения или вопросы при оформлении кредита, рекомендуется проконсультироваться с юристом или финансовым специалистом.
"
143,Какие ПИФы лучше подходят для долгосрочной стратегии инвестирования?,"
Для долгосрочной стратегии инвестирования лучше всего подходят ПИФы, которые позволяют пережить краткосрочные колебания рынка и извлечь выгоду из долгосрочного роста активов. Вот несколько вариантов, которые стоит рассмотреть:

**1. Открытые и биржевые ПИФы акций:**

*   **Преимущества:** Акции исторически показывают более высокую доходность в долгосрочной перспективе, чем облигации или другие активы. Открытые и биржевые фонды акций предоставляют доступ к широкому спектру компаний, снижая риск, связанный с инвестициями в отдельные акции.
*   **Риски:** Акции подвержены колебаниям рынка, поэтому в краткосрочной перспективе вы можете понести убытки.
*   **Рекомендации:** Выбирайте ПИФы, инвестирующие в диверсифицированный портфель акций, например, в акции 100 ведущих компаний.

**2. Открытые и биржевые ПИФы облигаций:**

*   **Преимущества:** Облигации считаются более консервативным инструментом, чем акции, и могут обеспечить стабильный доход в долгосрочной перспективе.
*   **Риски:** Доходность облигаций обычно ниже, чем у акций. Также существует риск изменения процентных ставок, который может повлиять на стоимость облигаций.
*   **Рекомендации:** Выбирайте ПИФы, инвестирующие в государственные и надежные корпоративные облигации.

**3. Смешанные ПИФы:**

*   **Преимущества:** Смешанные ПИФы сочетают в себе акции и облигации, что позволяет сбалансировать риск и доходность.
*   **Риски:** Доходность и риск смешанных ПИФов зависят от соотношения акций и облигаций в портфеле.
*   **Рекомендации:** Выбирайте ПИФы, которые соответствуют вашему уровню риска и инвестиционным целям.

**4. Интервальные и закрытые ПИФы (с осторожностью):**

*   **Преимущества:** Могут предложить более высокую доходность, особенно если инвестируют в менее ликвидные активы, такие как недвижимость.
*   **Риски:** Меньшая ликвидность, сложность продажи паев до окончания срока действия фонда, более высокие риски, связанные с инвестициями в неликвидные активы.
*   **Рекомендации:** Подходят для инвесторов, готовых заморозить свои средства на длительный срок и понимающих риски, связанные с инвестициями в неликвидные активы. Важно тщательно изучить состав активов фонда и репутацию управляющей компании.

**При выборе ПИФа для долгосрочного инвестирования важно учитывать следующие факторы:**

*   **Срок инвестирования:** Если вы готовы вложиться на длительный срок (5 лет и более), можно рассмотреть более рискованные ПИФы акций. Если вам нужны деньги в ближайшее время, лучше выбрать более консервативные ПИФы облигаций.
*   **Уровень риска:** Определите, какой уровень риска вы готовы принять. Если вы не готовы к значительным колебаниям стоимости паев, лучше выбрать ПИФы облигаций или смешанные ПИФы с преобладанием облигаций.
*   **Доходность:** Сравните доходность разных ПИФов за последние 3-5 лет. Однако помните, что прошлые результаты не гарантируют будущую доходность.
*   **Стоимость чистых активов (СЧА):** Оцените СЧА выбранных ПИФов. Небольшие СЧА могут быть признаком проблем у управляющей компании.
*   **Управляющая компания:** Проверьте лицензию управляющей компании на сайте Банка России и изучите ее репутацию и рейтинги.
*   **Комиссии:** Узнайте размер вознаграждения управляющей компании и других расходов, которые оплачиваются за счет имущества фонда.

**Дополнительные рекомендации:**

*   **Диверсифицируйте свой портфель:** Не вкладывайте все свои деньги в один ПИФ. Распределите свои инвестиции между разными типами активов и разными управляющими компаниями.
*   **Регулярно пересматривайте свой портфель:** Убедитесь, что ваш портфель по-прежнему соответствует вашим инвестиционным целям и уровню риска.
*   **Обратитесь к финансовому специалисту:** Если вы не уверены, какие ПИФы выбрать, обратитесь к финансовому консультанту.

**Важно помнить:** Инвестиции в ПИФы не застрахованы государством, а доходность по ним не гарантирована. Всегда существует риск потери вложенных средств.
"
144,Почему при замене водительского удостоверения важно сообщить об этом страховщику по ОСАГО?,"При замене водительского удостоверения важно сообщить об этом страховщику по ОСАГО, чтобы избежать ошибок в расчете стоимости полиса.  Эти ошибки чаще всего связаны с расчетом коэффициента водительского стажа (КВС) и коэффициента безаварийной езды (КБМ).

Страховщик может ошибочно посчитать ваш стаж с момента выдачи новых прав, что приведет к увеличению КВС (как у начинающего водителя) и, следовательно, к более высокой стоимости страховки.

Также, если вы меняли права, а не сообщили об этом страховщику, в Национальной страховой информационной системе (НСИС) ваши новые права могут быть учтены как удостоверение нового водителя, что приведет к КБМ, равному 1.17 (то есть, как у водителя без истории безаварийной езды).

В любом случае, важно сообщить страховщику о замене удостоверения, чтобы они могли обновить ваши данные в своей базе и передать информацию в НСИС. Если вы этого не сделали сразу, можно попросить страховщика передать информацию в НСИС после покупки полиса, и тогда НСИС пересчитает ваш КБМ, что позволит вам потребовать пересмотр стоимости полиса.

Помните, что пока действует полис ОСАГО, вы обязаны сообщать страховщику об изменениях данных, которые указывали при оформлении договора. В противном случае, если вы станете виновником ДТП, страховщик может потребовать у вас компенсацию убытков.

Вы можете сообщить об изменениях через мобильное приложение страховой компании, личный кабинет на сайте, или обратившись в офис компании.
"
145,Как соотносится лимит суммы по кредитным каникулам для потребительских займов с максимальным размером кредита по семейной ипотеке?,"
Лимит суммы по кредитным каникулам для потребительских займов составляет 450 000 рублей.

Максимальная сумма кредита по семейной ипотеке составляет 30 млн рублей в Москве, Московской области, Санкт-Петербурге и Ленинградской области, и 15 млн рублей в других регионах.

Таким образом, лимит по потребительским кредитам значительно меньше максимальной суммы кредита по семейной ипотеке. Эти два показателя не сопоставимы, так как относятся к разным видам кредитования и имеют разные цели. Кредитные каникулы для потребительских займов предназначены для помощи заемщикам в трудной финансовой ситуации, в то время как семейная ипотека – это государственная программа поддержки семей с детьми при покупке жилья.
"
146,"Зачем при размещении ценных бумаг нужны регистратор, а также депозитарий?","Регистратор и депозитарий играют ключевые роли в процессе размещения и хранения ценных бумаг, хотя выполняют разные функции.

**Регистратор** ведет учет владельцев ценных бумаг в специальном реестре. Когда компания выпускает акции или облигации, регистратор создает этот реестр и отслеживает, кому и сколько бумаг принадлежит. Это необходимо для информирования владельцев о важных событиях (например, собраниях акционеров), начисления дивидендов и купонов. При первичном размещении ценных бумаг регистратор списывает их со счета компании и зачисляет на счет Национального расчетного депозитария (НРД).

**Депозитарий** обеспечивает хранение ценных бумаг в бездокументарной форме (в виде записей на счетах). В России центральным депозитарием является НРД, который хранит ценные бумаги компаний, представленные на любых биржах мира. Депозитарии брокеров и управляющих открывают счета в НРД и ведут учет бумаг для своих клиентов. Когда вы покупаете ценные бумаги на бирже, они отражаются на вашем счете депо в депозитарии брокера, но фактически хранятся в центральном депозитарии.

Таким образом, регистратор отвечает за учет прав собственности на ценные бумаги, а депозитарий – за их фактическое хранение и обеспечение расчетов по сделкам. Оба эти института необходимы для функционирования рынка ценных бумаг и защиты прав инвесторов.
"
147,"Получает ли созаемщик право на имущество, купленное в кредит, без указания в договоре купли-продажи?","По умолчанию, созаемщик не становится собственником имущества, купленного в кредит, если он не указан в договоре купли-продажи в качестве покупателя. Даже если кредит был взят на его имя, право собственности возникает только при указании в договоре купли-продажи.

Однако, существуют варианты:

*   **Соглашение о взаимных обязательствах:** Созаемщик может заключить с основным заемщиком соглашение, в котором будет прописано, что он станет собственником имущества в случае выплаты долга вместо заемщика.
*   **Равные права собственности:** Если заемщик и созаемщик изначально намереваются платить по кредиту поровну, они могут сразу оформить равные права собственности на имущество.
*   **Супруги:** Если кредит взят супругами, приобретенное жилье считается их совместно нажитым имуществом, если не был заключен брачный контракт с другими условиями.

В вашем случае, если созаемщик не указан в договоре купли-продажи, он не имеет автоматического права собственности на имущество. Ему необходимо заключить соответствующее соглашение с заемщиком или изначально быть указанным в договоре купли-продажи.

В случае возникновения споров или необходимости оформления прав собственности, рекомендуется обратиться к юристу или финансовому специалисту для получения консультации и помощи в конкретной ситуации."
148,Через кого частному инвестору доступны опционы либо фьючерсы на бирже?,"
Частному инвестору опционы и фьючерсы доступны через брокера. Брокер, и биржа берут комиссии, размер которых стоит выяснить заранее.

Фьючерсы и опционы можно продавать и покупать на бирже в течение всего срока их действия. Цены на ПФИ напрямую зависят от цен на базовые активы, поэтому их и называют производными инструментами. 

Стоит помнить, что заработать на спекуляциях фьючерсами сложнее, чем на реальных активах, так как это более рискованный инструмент. Частному инвестору лучше использовать эти инструменты для страхования своих финансовых рисков.
"
149,Как сохранить прожиточный минимум при аресте счетов после решения суда?,"
Сохранить прожиточный минимум при аресте счетов после решения суда возможно, но требует определенных действий. Вот что нужно сделать:

**1. Подать заявление приставам:**

*   С 1 февраля 2022 года должники могут подать заявление судебным приставам о неприкосновенности прожиточного минимума. В заявлении необходимо указать:
    *   Данные паспорта
    *   Номер исполнительного производства
    *   Реквизиты банковского счета, на котором лежат неприкосновенные деньги.
*   Важно указывать прожиточный минимум в вашем регионе. Если он выше общероссийского, ссылайтесь на данные по своему региону. Если ниже – на средний показатель по стране (в 2022 году для трудоспособного населения – 13 026 рублей).

**2. Подать заявление напрямую в банк:**

*   С 1 июля 2022 года заявление можно подать напрямую в банк, в который приставы передали исполнительные документы.

**Важные моменты:**

*   Защита прожиточного минимума действует только в течение календарного месяца. Если сумма не будет израсходована, остаток может быть списан приставами в следующем месяце.
*   При поступлении новых средств на счет, неприкосновенным останется только вновь поступившая сумма прожиточного минимума.
*   Приставы обязаны предупреждать должника о возможности подачи заявления о неприкосновенности прожиточного минимума.

**Что делать, если арест произошел неожиданно:**

*   **Обратитесь в банк:** Узнайте причину блокировки и сумму задолженности.
*   **Узнайте реквизиты судебного дела:** Это необходимо для обращения в суд.
*   **Обжалуйте решение суда (если не участвовали в процессе):** Если вы не получали повестки и не участвовали в судебном заседании, у вас есть право обжаловать решение суда.
*   **Если арест справедлив:** Дождитесь списания средств.

**Дополнительная информация:**

*   Приставы вправе списывать до 50% зарплаты и других регулярных доходов.
*   Существуют определенные выплаты, которые не подлежат взысканию (алименты, пенсия по утере кормильца, пособия и т.д.).
*   Если на счетах недостаточно средств, приставы могут арестовать и продать имущество должника.

**Внимание!** Данная информация носит общий характер. В каждом конкретном случае рекомендуется обратиться к юристу или финансовому специалисту для получения квалифицированной консультации."
150,"Когда по оформленному кредиту можно не платить, несмотря на обязанность погашать долги?","Существует несколько ситуаций, когда можно получить отсрочку по выплате кредита, так называемые кредитные каникулы:

**1. Ипотечные каникулы:**

*   Если у вас есть ипотека на единственное жилье, стоимостью до 15 млн рублей, вы можете приостановить выплаты на срок до полугода.
*   Причинами могут быть: болезнь (более 2 месяцев), потеря работы (включая случаи, когда зарплата не единственный источник дохода), рождение ребенка при одновременном снижении доходов семьи минимум на 20% и увеличении доли ипотечного платежа в бюджете до более чем 40%.
*   Воспользоваться ипотечными каникулами по одному кредиту можно только один раз.

**2. Кредитные каникулы (не ипотека):**

*   Выплаты по потребительским кредитам и займам (кроме ипотеки) можно отложить на полгода в следующих случаях:
    *   Снижение доходов более чем на 30% по сравнению с предыдущим годом.
    *   Попадание жилья в зону чрезвычайной ситуации (ЧС) – наводнение, пожар и т.д.
*   Существуют ограничения по сумме кредита: автокредит – до 1,6 млн рублей, потребительские кредиты и займы – до 450 000 рублей, кредитные карты – до 150 000 рублей.
*   По каждому кредиту можно воспользоваться отсрочкой один раз по каждому основанию (из-за снижения доходов и из-за ЧС).

**3. Каникулы для мобилизованных:**

*   Участники специальной военной операции и члены их семей могут получить отсрочку по всем кредитам и займам на весь период мобилизации или службы по контракту плюс 180 дней.

Если ваш случай соответствует требованиям законов о кредитных, ипотечных или ""мобилизационных"" каникулах, кредитор не может вам отказать. Необходимо подать заявление и предоставить подтверждающие документы.

Если ваш случай не подходит под условия каникул, стоит обратиться к кредитору для обсуждения реструктуризации долга.

Также, стоит помнить, что если вы заключили кредитный договор не так давно, у вас есть право отказаться от него в течение определенного периода (""период охлаждения"") - 14 дней для потребительских кредитов и 30 дней для кредитов на конкретную покупку.

**Важно:** Если у вас сложная ситуация, рекомендуется обратиться к юристу или финансовому специалисту для получения консультации."
151,Как проверить легальность посредника для привлечения финансирования онлайн?,"Чтобы убедиться в легальности посредника для привлечения финансирования онлайн, необходимо выполнить следующие шаги:

1. **Проверьте наличие в реестре Банка России:** Любая инвестиционная платформа, занимающаяся краудлендингом, краудинвестингом или краудфандингом с нефинансовым вознаграждением, обязана состоять в реестре Банка России. Это гарантирует, что регулятор контролирует деятельность платформы, ее бесперебойную работу, соблюдение обязательств и безопасность платежей. Убедитесь, что адрес сайта платформы в реестре совпадает с тем, который вы используете.
2. **Изучите историю и репутацию платформы:**
    *  Узнайте, как долго существует площадка.
    *  Посмотрите, сколько успешных проектов она реализовала.
    *  Оцените, сколько предпринимателей сейчас собирают деньги на платформе.
    *  Найдите и прочитайте отзывы о платформе в сети.
    *  По возможности свяжитесь с теми, кто уже привлекал финансирование через эту площадку, и выясните их опыт работы с ней.
3. **Внимательно изучите договор:** Перед подписанием договора внимательно его прочитайте, особенно разделы, касающиеся обязательств сторон и ответственности в случае их неисполнения. При необходимости проконсультируйтесь с юристом.
4. **Условия партнерства:** 
   * Уточните, какие документы потребуются для запуска проекта.
   *  Спросите, поможет ли платформа в оформлении инвестиционного предложения.
   *  Выясните размер комиссии, которую платформа берет за свои услуги.
   *  Уточните, входит ли комиссия за перечисление денег на банковский счет в общую комиссию или взимается отдельно.
5. **Сравните условия нескольких платформ:** Не ограничивайтесь одной платформой, сравните условия нескольких, чтобы выбрать наиболее подходящую.

**Важно:** Если у вас возникают сомнения в надежности платформы, лучше поискать другого посредника для финансирования вашего проекта. Не рискуйте своими деньгами.
"
152,Чем отличается порог выручки для обязательного приема карт «Мир» от максимальной суммы «закупки с полки» по 223‑ФЗ?,no info
153,Какие проблемы с оплатой появились из‑за санкций?,"

В связи с санкциями в 2022 году у многих заемщиков возникли трудности с погашением кредитов, что привело к просрочкам платежей. Это связано с потерей работы или снижением доходов.

В связи с этим был введен закон о кредитных каникулах по всем видам кредитов и займов. Также, если компания уже брала кредитные каникулы в связи с санкциями, то они автоматически прекратятся с того дня, когда начнут действовать каникулы в связи с мобилизацией владельца бизнеса.

Вместо того, чтобы брать новые кредиты на погашение старых (что может привести к еще большей переплате из-за возросших ставок), рекомендуется обратиться в свой банк или МФО и честно рассказать о финансовых трудностях. Можно запросить кредитные каникулы или реструктуризацию долга.

Если у вас возникла задержка с платежом, важно предоставить банку подтверждение оплаты (чек, квитанцию), чтобы избежать штрафов и ухудшения кредитной истории. В случае отказа банка принять доказательства, можно обратиться в интернет-приемную Банка России.

Также стоит помнить, что долги свыше 10 000 рублей (по алиментам, компенсации вреда) или 30 000 рублей (по любым другим обязательствам) могут привести к ограничениям на выезд за границу.
"
154,Чем отличается имущественная ответственность ИП от ответственности учредителя ООО?,"ИП и учредители ООО рискуют по-разному, когда речь заходит об имущественной ответственности.

**ИП** отвечает по своим обязательствам **всем своим личным имуществом**. Это означает, что в случае долгов или причинения ущерба, взыскатели могут претендовать не только на имущество, используемое в бизнесе, но и на личное имущество ИП, такое как квартира, машина, дача и даже предметы домашнего обихода (с некоторыми исключениями, описанными выше).

**Учредители ООО** отвечают по обязательствам компании **только в пределах стоимости своей доли в уставном капитале**. То есть, они рискуют только теми деньгами, которые они вложили в компанию. Личное имущество учредителей, как правило, защищено от взысканий по долгам ООО. Однако, есть исключение - **субсидиарная ответственность**. Если будет доказано, что учредители (или директор) действовали недобросовестно или злоумышленно, что привело к банкротству компании, суд может привлечь их к субсидиарной ответственности и обязать погасить долги из собственного имущества.

Таким образом, основной риск для ИП – потеря всего личного имущества, а для учредителей ООО – потеря вложенных в компанию средств (и потенциально больше, в случае доказанной вины и субсидиарной ответственности).
"
155,Какие практики помогают сократить повседневные расходы при покупках?,"
Для сокращения повседневных расходов при покупках можно использовать следующие практики, основанные на предоставленной информации:

**В магазине:**

*   **Составляйте списки покупок и строго им следуйте.** Это поможет избежать импульсивных покупок и приобрести только необходимое.
*   **Не ходите в магазин на голодный желудок.** Голод может спровоцировать покупку ненужных продуктов.
*   **Внимательно читайте ценники.** Обращайте внимание на цену за единицу веса или объема, а не только на общую стоимость. Остерегайтесь уловок с красными ценниками и скрытыми условиями скидок.
*   **Заглядывайте на нижние и верхние полки.** Товары по более выгодной цене часто располагаются не на уровне глаз.
*   **Не берите корзинку или тележку,** если зашли за небольшим количеством товаров.
*   **Проверяйте вес или объем продукта.** Убедитесь, что вес или объем соответствует заявленному на упаковке.
*   **Не поддавайтесь уловкам мерчендайзеров.** Магазины намеренно располагают товары определенным образом, чтобы стимулировать дополнительные покупки.
*   **Делайте паузу перед покупкой.** Отложите понравившуюся вещь и подумайте, действительно ли она вам нужна.

**Общие рекомендации:**

*   **Сравнивайте цены в разных магазинах,** в том числе в интернет-магазинах.
*   **Трезво оценивайте маркетинговые акции.** Не покупайте товары только из-за скидок, если они вам не нужны.
*   **Ограничьте количество вещей.** Подумайте о методике ""100 вещей"" или просто пересмотрите свое отношение к потреблению.
*   **Носите с собой многоразовую сумку** чтобы не покупать пластиковые пакеты.
*   **Используйте многоразовую бутылку для воды** вместо покупки воды в бутылках.

Эти практики помогут вам более осознанно подходить к покупкам и сократить свои повседневные расходы.
"
156,"Какой месячный срок действует для отказа от допуслуг по кредиту, совпадающий со сроком безуведомительного погашения POS-кредита?","
В соответствии с предоставленной информацией, месячный срок для отказа от ненужных допуслуг по кредиту составляет **30 дней**. 

Этот срок совпадает с периодом, в течение которого можно без каких-либо предупреждений погасить POS-кредит (кредит на конкретную покупку). В течение этих 30 дней вы можете отказаться от допуслуг и гарантированно вернуть свои деньги (зависит от того, начали ли вы уже получать эти услуги).

Начиная с 21 января 2024 года, банки и МФО обязаны включать цену всех платных сервисов в полную стоимость кредита (ПСК) и напоминать о праве отказаться от них в течение этого месяца.
"
157,"Чем лизинг полезен на старте бизнеса, а также на стадии роста?","

Лизинг может быть полезен бизнесу как на стадии основания, так и на стадии роста, хотя причины и преимущества в этих случаях немного отличаются.

**На стадии основания (когда вы только открываете бизнес):**

*   **Экономия стартового капитала:** Лизинг позволяет получить необходимое оборудование, транспорт или помещение, не тратя сразу большую сумму денег. Это особенно важно, когда у вас ограниченные финансовые ресурсы.
*   **Более гибкие условия, чем кредит:** Лизинговые компании часто более лояльны к начинающим предпринимателям, чем банки, и могут предложить более гибкие условия лизинга, учитывая риски, связанные с новым бизнесом.
*   **Отсутствие необходимости в залоге:** В отличие от кредита, для лизинга не требуется предоставление дополнительного залога, так как само имущество является залогом.
*   **Сохранение оборотных средств:** Лизинговый взнос обычно меньше, чем первоначальный взнос по кредиту, что позволяет сохранить больше оборотных средств для других нужд бизнеса.

**На стадии роста (когда бизнес уже развивается и увеличивает прибыль):**

*   **Расширение производства без крупных инвестиций:** Лизинг позволяет наращивать объемы производства, приобретая новое оборудование или транспорт, не замораживая значительные средства в активах.
*   **Налоговые преимущества:** Лизинговые платежи учитываются в бухгалтерских документах как расходы, что уменьшает налогооблагаемую базу и позволяет сэкономить на налоге на прибыль.
*   **Возможность выкупить имущество:** В конце срока лизинга вы можете выкупить имущество и стать его собственником.
*   **Гибкость и удобство:** Лизинговая компания может учесть сезонность вашего бизнеса и предложить удобный график платежей, например, увеличить их в период пиковой прибыли и уменьшить в межсезонье.
*   **Экономия на доставке и монтаже:** Лизинговая компания может взять на себя доставку, таможенное оформление и монтаж оборудования.
*   **Государственная поддержка:** Возможность воспользоваться льготными программами лизинга с более низкими ставками.

В целом, лизинг – это удобный и выгодный инструмент финансирования для бизнеса на любом этапе развития, позволяющий получить необходимое имущество без крупных единовременных затрат и с рядом дополнительных преимуществ.
"
158,Какие базовые правила помогут защититься от финансовых мошенников?,"
Чтобы защититься от финансовых мошенников, необходимо соблюдать следующие базовые правила:

*   **Не сообщайте никому личные данные:** полные реквизиты банковской карты (включая CVV/CVC-код), ПИН-коды, пароли из СМС от банка, кодовое слово.
*   **Не переходите по сомнительным ссылкам:** не переходите по ссылкам из сообщений и не переводите деньги незнакомцам.
*   **Не храните большие суммы на карте:** для онлайн-платежей используйте карту с минимальным балансом.
*   **Перепроверяйте информацию:** если вам звонят из банка или финансовой организации, положите трубку и перезвоните им самостоятельно по номеру с официального сайта.
*   **Не торопитесь с решениями:** не соглашайтесь на ""выгодные предложения"" сразу, дайте себе время на размышление и проверьте информацию о компании.
*   **Не публикуйте личные данные в открытом доступе:** номер телефона, адрес, данные паспорта.
*   **Установите самозапрет на кредиты:** это поможет предотвратить оформление кредитов на ваше имя мошенниками.
*   **Подключите СМС-оповещения и push-уведомления:** чтобы оперативно узнавать о любых операциях по карте.
*   **Используйте сложные пароли:** для электронной почты и личных кабинетов.
*   **Вводите данные карты только на защищенных сайтах:** обращайте внимание на значок замка и адрес, начинающийся с https://.
*   **Не разговаривайте с посторонними о деньгах:** если вам звонят якобы из полиции, соцзащиты и т.д. и заходят речь о финансах, лучше положить трубку и перезвонить в организацию самостоятельно.
*   **В случае кражи денег:** немедленно обратитесь в банк и полицию.

Помните, что мошенники постоянно придумывают новые схемы, поэтому важно быть бдительным и критически оценивать любые предложения.
"
159,Как проверить легальность посредника на рынке инвестиций?,"Чтобы проверить легальность посредника на рынке инвестиций, необходимо выполнить несколько шагов:

**1. Проверка лицензии:**

*   В первую очередь убедитесь, что у посредника (брокера, доверительного управляющего, инвестиционного советника, форекс-дилера) есть лицензия профессионального участника рынка ценных бумаг. Проверить наличие лицензии можно на сайте Банка России.
*   Обратите внимание, что название компании в реестре должно точно совпадать с тем, которое указано в договоре. Не соглашайтесь на предложения от ""партнерских"" иностранных компаний с похожим названием, так как в случае нарушения ваших прав вам будет сложно добиться справедливости.
*   В поисковых системах «Яндекс» и Mail.ru официальные сайты лицензированных финансовых посредников помечаются галочкой в синем кружке. Отсутствие такой пометки может указывать на мошенничество или слишком новую компанию, надежность которой оценить сложно.

**2. Членство в саморегулируемой организации (СРО):**

*   Убедитесь, что брокер или инвестиционный советник состоит в Национальной ассоциации участников фондового рынка (НАУФОР) или Ассоциации международных инвестиционных консультантов и советников (АМИКС).
*   Членство в СРО говорит о том, что компания соблюдает определенные стандарты работы. Отсутствие членства может быть признаком рискованности.

**3. Дополнительные факторы:**

*   **Финансовые показатели:** Посмотрите, входит ли посредник в список крупнейших брокеров. Это может говорить о его надежности и доверии со стороны клиентов.
*   **Репутация:** Изучите сайт компании, почитайте отзывы клиентов в интернете, поищите информацию о компании в финансовых новостях.
*   **Инвестиционные платформы:** Если вы пользуетесь инвестиционной платформой, убедитесь, что она есть в реестре Банка России и внимательно изучите условия партнерства.
*   **Условия и расходы:** Сравните комиссии и условия обслуживания у разных посредников.
*   **Кредитный рейтинг (для доверительных управляющих):** Если у доверительного управляющего есть кредитный рейтинг, изучите его. Высокий рейтинг говорит о финансовой устойчивости компании.

**Важно:** Деньги на брокерском счете не застрахованы системой страхования вкладов, поэтому выбор надежного посредника особенно важен. Если у вас возникают сомнения, лучше проконсультироваться с юристом или финансовым специалистом.
"
160,Можно ли через ИИС-3 инвестировать в золото с налоговой выгодой?,"Да, через ИИС-3 можно инвестировать в золото с налоговой выгодой. Согласно предоставленной информации, через ИИС можно покупать акции, облигации, паи инвестиционных фондов, драгоценные металлы и другие финансовые инструменты.

При инвестировании в золото через ИИС-3 можно воспользоваться двумя типами налоговых льгот:

*   **Вычет на взнос:**  Возврат части внесенных на счет денег, но не более суммы уплаченного НДФЛ за год.
*   **Вычет на доход:** Освобождение от НДФЛ с прибыли от операций на счете.

Вы можете выбрать любой из предложенных способов инвестирования в золото (покупка слитков, монет, ОМС, биржевые операции, ПИФы, ценные бумаги золотодобывающих компаний) и, при соблюдении условий ИИС-3, получить налоговые льготы.

Важно помнить, что для получения налоговых льгот необходимо соблюдать правила ИИС-3 и не выводить деньги со счета в течение определенного периода времени. Также, для вычета на доход, официальный доход необязателен.

Для более детальной консультации по конкретному случаю, рекомендуется обратиться к финансовому специалисту или юристу.
"
161,"Почему драгоценные металлы считаются защитой сбережений при высокой инфляции, но на коротком горизонте риск убытка велик?","
Драгоценные металлы, такие как золото, серебро, платина и палладий, исторически считаются защитой от инфляции, поскольку они сохраняют свою ценность даже в периоды экономических потрясений и обесценивания валют. В отличие от бумажных денег или ценных бумаг, которые могут стать обесцененными, драгоценные металлы имеют самостоятельную ценность. В периоды экономического спада, когда другие активы дешевеют, спрос на драгоценные металлы обычно растет, что приводит к увеличению их цены.

Однако, на коротком горизонте инвестиции в драгоценные металлы сопряжены с риском убытков. Цены на драгоценные металлы могут сильно колебаться даже в течение одного дня, и предсказать их динамику сложно. Например, стоимость драгметаллов может упасть, если вы решите закрыть обезличенный металлический счет (ОМС) вскоре после его открытия. Также, банки устанавливают собственные цены на покупку и продажу драгоценных металлов, что может привести к потере части средств при быстрой продаже.

Таким образом, драгоценные металлы являются хорошей защитой от инфляции и экономических кризисов в долгосрочной перспективе (10-20 лет), но не являются надежным способом быстрого заработка. Для сохранения сбережений рекомендуется рассматривать инвестиции в драгоценные металлы как долгосрочные, а также диверсифицировать свой инвестиционный портфель, включая в него различные виды активов.

Если у вас есть конкретная инвестиционная ситуация, требующая детального анализа, рекомендуется обратиться к финансовому специалисту или юристу для получения индивидуальной консультации."
162,Как предпринимателю взять микрозаем на льготных условиях через госпрограмму — с ускоренным оформлением через цифровой профиль?,"Для получения льготного микрозайма через госпрограмму с ускоренным оформлением через цифровой профиль, вам необходимо выполнить следующие шаги, учитывая информацию из предоставленных документов:

**1. Проверка соответствия критериям:**

*   Убедитесь, что ваш бизнес соответствует требованиям для получения господдержки:
    *   Входит в реестр субъектов малого и среднего предпринимательства или вы являетесь самозанятым.
    *   Не относитесь к компаниям, которым господдержка недоступна (например, производители подакцизной продукции, организаторы азартных игр).
    *   Не находитесь в процедуре банкротства.
    *   Не имеете просроченных налоговых обязательств или долгов по зарплате перед работниками на сумму от 50 000 рублей.

**2. Регистрация и создание цифрового профиля на сайте МСП.РФ:**

*   Зарегистрируйтесь на сайте МСП.РФ.
*   Заполните информацию о вашем бизнесе в личном профиле. Это необходимо для автоматической проверки соответствия критериям льготного финансирования.

**3. Подбор льготного займа через онлайн-сервис Корпорации МСП:**

*   Воспользуйтесь бесплатным онлайн-сервисом на сайте Корпорации МСП для подбора подходящего льготного кредита. Сервис проверит соответствие вашего бизнеса условиям финансирования и предложит доступные варианты.
*   Если ваш бизнес не соответствует критериям, сервис подскажет, как это исправить.

**4. Подача заявки на микрозаем:**

*   Выберите наиболее подходящий вариант займа.
*   Заполните заявление на микрозаем. Большинство данных автоматически подтянется из вашего профиля на сайте Корпорации МСП.

**5. Подготовка необходимых документов:**

К заявлению, как правило, необходимо приложить:

*   Копии страниц паспорта руководителя организации или ИП (страницы 2, 3, 14–17, заполненные страницы с регистрацией).
*   Для малых и средних предприятий – бухгалтерский отчет (формы 1, 2) за предыдущий год и последний отчетный период.
*   Для ИП – копию книги учета доходов и расходов и/или хозяйственных операций за предыдущий и текущий годы (заполненную до месяца подачи заявки), а также налоговую декларацию.
*   Начинающим предпринимателям (менее двух лет) – бизнес-план.
*   Если заявитель – гражданин другого государства – подтверждение вида на жительство в РФ.

**6. Ожидание решения МФО:**

*   В течение 12 дней после получения полного пакета документов МФО обязана ответить на ваш запрос.
*   Статус заявки можно отслеживать в личном кабинете на сайте Корпорации МСП.

**7. Подписание договора и получение займа:**

*   В случае одобрения заявки необходимо подписать договор в офисе МФО.
*   После подписания договора сумма займа будет зачислена на ваш счет.

**8. Подтверждение целевого использования займа:**

*   В течение 60 рабочих дней с момента получения денег необходимо предоставить документы, подтверждающие, что средства были потрачены на развитие бизнеса (например, договоры поставки, выписки с банковского счета).

**Дополнительные возможности для снижения ставки:**

*   **Предоставление обеспечения:** Коммерческие и государственные МФО могут снизить процентную ставку при предоставлении залога (например, товар, оборудование, недвижимость) или поручительства.
*   **Государственная гарантия:** Можно привлечь государство в качестве поручителя для погашения займа в случае вашей неплатежеспособности.

**Полезные ресурсы:**

*   Сайт Корпорации МСП: [https://мсп.рф/](https://мсп.рф/)
*   Список госМФО с контактами: на сайте Корпорации МСП.
*   Государственные центры «Мой бизнес»: для уточнения информации о МФО в вашем регионе.
*   Сайт Минэкономразвития: для получения информации об условиях госпрограмм и списка банков-участников.

**Важно:** Условия льготного кредитования могут меняться. Рекомендуется уточнять актуальную информацию на сайтах Корпорации МСП и Минэкономразвития.

В случае возникновения сложностей или необходимости получения консультации по конкретному случаю, рекомендуется обратиться к юристу или финансовому специалисту."
163,Как избежать штрафов по нескольким кредитам в период праздников?,"
Чтобы избежать штрафов по нескольким кредитам в период праздников, рекомендую рассмотреть возможность рефинансирования и объединения всех ваших кредитов в один. Это позволит вам платить только один ежемесячный платеж одному банку, что упростит контроль и снизит риск просрочек. Многие банки предлагают привлекательные ставки в предновогодний период, что может даже уменьшить ваши расходы на погашение долга.

Однако перед оформлением рефинансирования важно тщательно рассчитать и сравнить переплату по старым кредитам и по новому, чтобы убедиться, что это действительно выгодно.

**Дополнительная информация о кредитных каникулах и реструктуризации долга:**

*   **Кредитные каникулы:** Если ваш доход упал более чем на 30% по сравнению с предыдущим годом или вы пострадали в чрезвычайной ситуации, вы можете оформить кредитные каникулы на срок до полугода по большинству кредитов и займов (с ограничениями по сумме кредита: до 1,6 млн рублей для автокредитов, до 450 000 рублей для потребительских кредитов и до 150 000 рублей для кредитных карт).
*   **Ипотечные каникулы:** Если у вас есть ипотека на единственное жилье, вы можете приостановить выплаты на срок до полугода при определенных условиях (болезнь, потеря работы, рождение ребенка с уменьшением дохода).
*   **Каникулы для мобилизованных:** Мобилизованные и члены их семей имеют право на отсрочку платежей по всем кредитам и займам на период мобилизации или службы по контракту плюс 180 дней.
*   **Реструктуризация долга:** Если вы не подходите под условия кредитных каникул, вы можете обратиться в банк с просьбой о реструктуризации долга, например, об изменении графика платежей с уменьшением ежемесячного взноса за счет увеличения срока кредита.

**Важно:**

*   Не скрывайтесь от банка, если у вас возникли финансовые трудности. Честно поговорите с представителями банка о вашей ситуации.
*   Берите кредиты только в организациях, имеющих лицензию Банка России.
*   Своевременное обращение в банк и предоставление необходимых документов увеличивают шансы на получение помощи.

В любом случае, для получения конкретных рекомендаций, учитывающих вашу индивидуальную ситуацию, рекомендуется обратиться к юристу или финансовому специалисту."
164,Чем отличается снижение ставки в госпрограммах от «ипотеки от застройщика»?,"Снижение ставки в государственных программах и ""ипотека от застройщика"" – это разные механизмы, хотя оба приводят к уменьшению процентной ставки для покупателя.

**Государственные программы льготной ипотеки** работают следующим образом:

*   Банк выдает ипотечный кредит по рыночной ставке.
*   Покупатель, соответствующий условиям госпрограммы (например, семья с детьми или IT-специалист), получает кредит по сниженной ставке.
*   Разницу между рыночной и льготной ставкой компенсирует федеральный бюджет. То есть, государство субсидирует часть процентной ставки.

**""Ипотека от застройщика""** (субсидированная ипотека) отличается:

*   Застройщик компенсирует банку недополученные проценты.
*   Но застройщик не получает компенсацию от государства, а возмещает свои расходы, завышая стоимость жилья для покупателя. То есть, снижение ставки достигается за счет увеличения цены квартиры.

В итоге, если при государственной программе государство берет на себя часть финансовой нагрузки, то при ""ипотеке от застройщика"" эта нагрузка ложится на плечи покупателя в виде переплаты за недвижимость.

**Основные недостатки ""ипотеки от застройщика"":**

*   **Завышенная цена квартиры:** Стоимость может быть на 10-30% выше рыночной.
*   **Увеличенный первоначальный взнос:**  Из-за более высокой цены квартиры, требуется больший первоначальный взнос.
*   **Ограниченный выбор жилья:**  Часто субсидированная ипотека доступна только для определенных квартир, которые не пользуются спросом.
*   **Меньший налоговый вычет:**  Из-за низких процентов по кредиту, сумма налогового вычета будет меньше.
*   **Ограничение по сумме кредита:** Часто субсидированная ипотека сочетается с государственными программами, которые имеют ограничения по сумме займа.
*   **Страховка с переплатой:** Иногда застройщики настаивают на оформлении дорогого полиса страхования жизни, где большая часть цены — комиссия застройщика.

**Важно помнить:** Если вы планируете продать квартиру в ближайшем будущем, то из-за завышенной цены, вернуть первоначальные вложения может быть сложно.

Если вы рассматриваете ""ипотеку от застройщика"", рекомендуется тщательно изучить все условия, сравнить с другими предложениями на рынке и оценить свои финансовые возможности. В случае сомнений, рекомендуется обратиться к юристу или финансовому специалисту для получения квалифицированной консультации."
165,"Где в договоре искать ПСК по кредиту, что она означает?","Полная стоимость кредита (ПСК) – это размер переплаты по кредиту за весь срок действия договора. Она показывает, во сколько вам обойдется кредит, включая проценты и все дополнительные услуги.

В договоре ПСК нужно искать в **квадратной рамке в верхнем правом углу на первой странице**. Она прописывается **в рублях и в процентах годовых**.

**Что включает в себя ПСК:**

*   **Проценты по кредиту:** Основная часть переплаты.
*   **Стоимость дополнительных услуг:** Все услуги, без которых банк не одолжит вам деньги или предложит другие, менее выгодные условия (например, под более высокий процент).
*   **Основной долг:** Изначальная сумма кредита. (В рамке в договоре будет указана именно переплата, а не общая сумма, которую вы вернете.)

**Важно:**

*   Переплата в процентах не должна превышать максимальное значение ПСК, которое устанавливает Банк России для разных видов кредитов.
*   Банк обязан включить в ПСК все дополнительные услуги и сервисы, которые влияют на условия выдачи кредита (например, страховка каско может менять процентную ставку).
*   Если вы отказываетесь от ненужных опций после выдачи кредита, сумма долга автоматически не уменьшается. Необходимо дождаться возврата средств от страховщика или банка и направить их на погашение кредита.

ПСК помогает вам сравнить различные кредитные предложения и выбрать наиболее выгодное."
166,Куда обращаться при споре по ИСЖ в отличие от претензий к инвестиционному советнику?,"При споре по инвестиционному страхованию жизни (ИСЖ) и претензиях к инвестиционному советнику порядок действий различается.

**При споре по ИСЖ:**

*   **Финансовый омбудсмен:** Обратитесь к финансовому омбудсмену, если сумма спора не превышает 500 000 рублей и спор возник в течение последних трех лет.
*   **Суд:** Если сумма спора превышает 500 000 рублей, придется обращаться в суд. Лучше подать иск в течение года после покупки страховки.
*   **Претензия страховщику:** Сначала попробуйте урегулировать спор напрямую со страховой компанией, направив письменную претензию.
*   **Банк России:** Пожалуйтесь в Банк России, если страховщик или агент не провели проверку знаний, когда она требовалась.

**При претензиях к инвестиционному советнику:**

*   **Суд:** Вы можете потребовать компенсацию через суд, если советник ввел вас в заблуждение и вы понесли убытки.
*   **Саморегулируемая организация (СРО):** Пожалуйтесь в СРО, в которой состоит советник.
*   **Банк России:** Пожалуйтесь в Банк России. Однако СРО и Банк России не могут обязать советника компенсировать вам убытки, это может сделать только суд.

Важно помнить, что в обоих случаях рекомендуется внимательно изучать договор и сохранять все документы, подтверждающие ваши действия и убытки.
"
167,Почему жертвы прошлых обманов часто становятся целью новых мошенников?,"Жертвы прошлых обманов часто становятся целью новых мошенников, потому что мошенники ведут базы данных людей, которые уже поддавались на их уловки или на уловки их сообщников. Они рассчитывают на то, что люди, которые уже однажды стали жертвами обмана, могут снова поддаться на уговоры, особенно если им предлагают ""помощь"" в возврате потерянных средств. 

Расчет прост: те, кто оказался доверчив в прошлом, могут снова поддаться на уговоры. В результате люди не только не получают помощи, но и снова теряют деньги.

Мошенники могут выдавать себя за:

*   **Псевдоюристов**: предлагающих вернуть деньги, потерянные в результате предыдущих афер, за плату.
*   **Сотрудников ""Центров компенсаций""**: запрашивающих данные банковских карт для выплаты компенсаций.
*   **Представителей банков, финомбудсмена или других финансовых организаций**: требующих оплату пошлин, налогов или комиссии.
*   **Адвокатов**: представляющихся сотрудниками юридических фирм и использующих официальные данные адвокатских коллегий, для придания убедительности.

Важно понимать, что если вы предоставили мошенникам данные своей карты или доступ к банковскому личному кабинету, банк не обязан компенсировать ваши потери.

В случае, если вы стали жертвой мошенничества, необходимо обращаться в полицию для проведения расследования и возможного возмещения ущерба через суд.
"
168,Чем отличается банковский вклад от имущественного налогового вычета?,"Банковский вклад и имущественный налоговый вычет – это совершенно разные финансовые инструменты, предназначенные для разных целей.

**Банковский вклад** – это способ хранения и приумножения ваших денежных средств в банке под определенный процент. Вклады застрахованы государством (через систему страхования вкладов), что гарантирует возврат ваших средств в пределах установленной суммы, даже если банк столкнется с финансовыми трудностями. Доход от вклада облагается налогом на доходы физических лиц (НДФЛ), если сумма процентов превышает установленный лимит.

**Имущественный налоговый вычет** – это право уменьшить сумму налога на доходы физических лиц (НДФЛ), который вы платите государству. Он предоставляется в определенных случаях, связанных с приобретением или продажей имущества, например:

*   При покупке жилья (частичный возврат НДФЛ).
*   При покупке жилья в ипотеку (дополнительный вычет на проценты по кредиту).
*   При продаже недвижимости (снижение налога с дохода от продажи).

Таким образом, вклад – это способ *заработать* деньги, а вычет – это способ *уменьшить* налоги.

Если у вас есть вопросы, связанные с конкретной ситуацией, например, с покупкой недвижимости или оформлением ипотеки, рекомендую обратиться к юристу или финансовому специалисту для получения индивидуальной консультации."
169,Почему цена ОСАГО у страховщиков может отличаться в разы?,"Цена полиса ОСАГО может отличаться у разных страховщиков в разы из-за базовых тарифов, которые они устанавливают. Банк России утверждает правила расчета стоимости полисов, но базовые тарифы у разных страховщиков могут различаться более чем в два раза.

При этом коэффициенты, которые характеризуют водителя и транспортное средство (возраст и опыт водителя, характеристики транспортного средства, регион), должны быть одинаковыми у всех страховых компаний.

Страховщики используют эти показатели для оценки риска ДТП и возможного ущерба. Чем ниже риск для страховщика, тем дешевле обойдется полис.

Таким образом, разница в ценах обусловлена именно базовыми тарифами, которые каждая компания определяет самостоятельно в рамках установленных правил.

Для более точной оценки стоимости полиса ОСАГО и выявления возможных ошибок в расчетах, рекомендуется ознакомиться со статьей «Как рассчитывают цену полиса ОСАГО».

Если у вас возникли сомнения в правильности расчета стоимости полиса или вы подозреваете мошеннические действия, рекомендуется обратиться к юристу или финансовому специалисту для получения консультации по вашему конкретному случаю.
"
170,Какие признаки выдают финансовую пирамиду в вакансиях с быстрым заработком?,"

В вакансиях с обещанием быстрого заработка признаки финансовой пирамиды включают в себя:

*   **Гарантированный высокий доход без риска:** Предложение неслыханно высокого заработка, значительно превышающего рыночный уровень, и заверения в отсутствии каких-либо рисков.
*   **Необходимость внесения вклада:** Требование внести депозит, оплатить обучение, купить рабочий аккаунт, сырье или сертификат для начала работы. Чем больше взнос, тем выше обещанный доход.
*   **Привлечение новых участников:** Предложение дополнительного дохода за привлечение новых людей в проект или компанию.
*   **Общие формулировки:** Нечеткое описание деятельности компании или вакансии, общие фразы вроде ""работа в сфере рекламы"" или ""инвестиционная деятельность"".
*   **Отсутствие прозрачности:** Отсутствие доступа к финансовым документам, сложная и невнятная схема начисления дохода.
*   **Подозрительные схемы:** Предложения заработка, связанные с переводами денег на личные счета, электронные кошельки или оплатой ""налогов"" через фишинговые ссылки.
*   **Спешка и давление:** Настойчивое требование быстрого принятия решения и внесения вклада.
*   **Работа через сомнительные платформы:** Предложение работы через платформы, которые кажутся подозрительными или не имеют четкой репутации.
*   **Предложение работы от имени известных компаний:** Аферисты могут выдавать себя за представителей известных компаний, которые якобы открывают новые филиалы.

Если вы столкнулись с подобными признаками, стоит серьезно задуматься о надежности предложения и, возможно, обратиться за консультацией к юристу или финансовому специалисту. Важно помнить, что любые инвестиции сопряжены с риском, и обещания гарантированного дохода без усилий должны вызывать подозрения.
"
171,Какие действия заемщика приводят к ухудшению кредитной репутации по данным БКИ?,"
Кредитная репутация заемщика, согласно данным Бюро кредитных историй (БКИ), может ухудшиться по следующим причинам:

*   **Просрочки по кредитам и займам:** Это самый значительный фактор, негативно влияющий на кредитную историю. Даже небольшая задержка платежа может испортить ваш скоринговый балл.
*   **Многочисленные кредиты и займы:** Большое количество открытых кредитных линий, даже если по ним нет просрочек, может свидетельствовать о высокой долговой нагрузке и снизить вашу кредитоспособность.
*   **Нерегулярное использование кредитных карт:** Кредитные карты, которые вы завели, но не пользуетесь, также могут негативно влиять на рейтинг, так как БКИ предполагают, что вы можете воспользоваться ими в любой момент на максимальную сумму.
*   **Ошибки в кредитной истории:** Некорректная информация, например, о погашенных кредитах, может ухудшить вашу кредитную репутацию. Важно регулярно проверять свою кредитную историю и при обнаружении ошибок обращаться в БКИ для их исправления.
*   **Отказы в кредитах:** Частые отказы в кредитах могут сигнализировать кредиторам о вашей ненадежности.
*   **Чужие долги:** В случае мошеннических действий, когда на ваше имя оформляются кредиты, ваша кредитная история может быть испорчена. В этом случае необходимо обратиться в банк или МФО и предоставить доказательства того, что кредит оформлен не вами.
*   **Отсутствие кредитной истории:** Если у вас никогда не было кредитов и займов, БКИ не имеют информации о вашей платежеспособности, что может привести к низкому рейтингу.

**Важно:** Даже давние просрочки могут влиять на кредитную историю, но с 1 января изменились правила хранения информации. Записи о долгах, погашенных до конца 2021 года, хранятся в кредитной истории 10 лет со дня последнего обновления, а по новым кредитам и займам – 7 лет с момента последнего изменения информации о них.

Если вы обнаружили, что ваша кредитная репутация ухудшилась, рекомендуется запросить полный кредитный отчет, проверить его на наличие ошибок и принять меры для улучшения своей кредитной истории, такие как своевременное погашение текущих долгов и закрытие ненужных кредитных карт.
"
172,Как избежать ошибок при подписании кредитного договора?,"
Чтобы избежать ошибок при подписании кредитного договора, следуйте этим рекомендациям:

**1. Внимательно читайте договор:**

*   **Не подписывайте договор, если не понимаете его условий.** Потратьте время на изучение каждого пункта, это поможет избежать неприятных сюрпризов в будущем.
*   **Прочитайте весь текст договора, включая приложения.** Внимательно изучите условия выдачи и погашения кредита, комиссии, штрафы за просрочку платежей и дополнительные условия, например, страховки.
*   **Обратите внимание на полную стоимость кредита (ПСК).** Она указана в квадратной рамке на первой странице договора и показывает размер переплаты в процентах и рублях.
*   **У вас есть 5 рабочих дней на ознакомление с договором.** В течение этого срока кредитор не может изменить условия займа.

**2. Проверяйте ключевые параметры:**

*   **Сумма кредита:** Убедитесь, что запрошенная сумма соответствует вашим потребностям и не включает в себя стоимость дополнительных услуг без вашего согласия.
*   **Процентная ставка:** Проверьте, не превышает ли размер ПСК разрешенный максимум.
*   **Дополнительные услуги:** Изучите перечень дополнительных услуг, включенных в ПСК. Подумайте, нужны ли они вам, и оцените, как изменится стоимость кредита при отказе от них.
*   **Страховка:** Вы имеете право выбрать страховщика самостоятельно, а не соглашаться на предложение банка.

**3. Задавайте вопросы и требуйте разъяснений:**

*   **Не стесняйтесь спрашивать у сотрудников банка, если что-то непонятно.** Требуйте объяснений и консультаций.
*   **Проконсультируйтесь с юристом,** чтобы получить независимую оценку договора.

**4. Будьте осторожны с уловками кредиторов:**

*   **Не соглашайтесь на дополнительные услуги, которые не влияют на условия кредита.**
*   **Не позволяйте кредитору навязывать вам ненужные услуги.**
*   **Проверяйте, чтобы все галочки о согласии на дополнительные услуги были проставлены вами лично.**

**5. Если вы становитесь созаемщиком:**

*   **Обсудите с заемщиком все детали кредита.**
*   **Зафиксируйте договоренности в письменном соглашении.**
*   **Оформите страховку на себя и убедите сделать это основного заемщика.**

**6. При оформлении вклада:**

*   **Убедитесь, что ваши деньги попадают в государственную систему страхования вкладов.**
*   **Узнайте, гарантируется ли доходность по вашим вложениям и какая.**
*   **Проверьте условия расторжения договора и размер возвращаемой суммы.**

В любом случае, помните, что подписание кредитного договора – это серьезный шаг, требующий внимательности и осознанности. Если у вас возникают сомнения, лучше обратиться за консультацией к юристу или финансовому специалисту.
"
173,Как облагаются проценты по вкладам с учетом страховой защиты вкладов?,"
Проценты по вкладам облагаются подоходным налогом, но при этом ваши вклады застрахованы государством. Вот как это работает:

**Страховая защита вкладов:**

*   В случае отзыва лицензии у вашего банка, вам гарантированно вернут вложенные средства, но в пределах определенного лимита.
*   Стандартный лимит страховой выплаты составляет **1,4 млн рублей**.
*   В некоторых случаях, лимит может быть повышен до **10 млн рублей**.
*   При расчете компенсации учитываются все ваши счета и вклады в этом банке, включая начисленные проценты.

**Налогообложение процентов по вкладам:**

*   С 2025 года ставка НДФЛ по вкладам зависит от суммы ваших **инвестиционных доходов**.
*   Если сумма инвестиционных доходов (включая проценты по вкладам, дивиденды, прибыль от продажи ценных бумаг и т.д.) не превышает **2,4 млн рублей**, ставка налога составляет **13%**.
*   Если сумма инвестиционных доходов превышает **2,4 млн рублей**, ставка налога составляет **15%**.
*   Ранее, в 2023 и 2024 годах, ставка НДФЛ зависела от общего дохода за год (включая зарплату и другие доходы). Если общий доход был в пределах 5 млн рублей, ставка составляла 13%, если превышала 5 млн рублей - 15%.

**Важно помнить:**

*   Если вам предлагают ""уникальные"" инвестиционные продукты, сочетающие вклад с другими инструментами (например, ИСЖ или структурными облигациями), то страховая защита распространяется только на часть денег, положенных на депозит. Остальные вложения не будут застрахованы государством.
*   Будьте внимательны к предложениям сотрудников банка, которые предлагают ""более выгодные"" инструменты, умалчивая о рисках и отсутствии страховой защиты.

Если у вас есть сложные ситуации или вы хотите получить индивидуальную консультацию, рекомендуется обратиться к юристу или финансовому специалисту."
174,Чем отличается риск утраты активов при банкротстве доверительного управляющего по сравнению с брокером?,"В случае банкротства доверительного управляющего и брокера риски утраты активов существенно различаются.

При банкротстве **брокера** существует вероятность потерять все средства, особенно если брокер имел право использовать ваши деньги и ценные бумаги в своих операциях или давать их в долг другим клиентам. Закон не защищает средства, которые были выведены со счета клиента на счет брокера. Получить компенсацию можно будет только в рамках долгой процедуры банкротства, и нет гарантии полного возврата. Однако, если брокер не имел права распоряжаться вашими деньгами и хранил их на специальном брокерском счете, то ваши средства не должны быть использованы для погашения долгов брокера.

В случае банкротства **доверительного управляющего** право собственности на активы всегда остается у клиента. Поэтому, в случае банкротства управляющего, вы можете просто перевести свои активы другому управляющему или брокеру. Это возможно, потому что активы принадлежат вам, а управляющий лишь распоряжается ими в соответствии с договором.

Таким образом, риск утраты активов при банкротстве доверительного управляющего, как правило, ниже, чем при банкротстве брокера, поскольку активы остаются в собственности клиента и могут быть легко переведены другому посреднику.
"
175,"Какие меры безопасности рекомендуются при онлайн-расчетах с картой, в том числе при использовании бонусных программ?","
Для безопасных онлайн-расчетов с картой, включая использование бонусных программ, рекомендуется следующее:

*   **Внимательно проверяйте адрес сайта:** Убедитесь, что адрес сайта, на котором вы совершаете покупку, начинается с ""https://"" и имеет значок замка в адресной строке браузера. Это означает, что соединение защищено.
*   **Используйте отдельные карты:** Заведите отдельную дебетовую карту для онлайн-покупок и кладите на нее только ту сумму, которую планируете потратить. Рассмотрите возможность использования виртуальной карты, предоставляемой многими банками.
*   **Не сообщайте данные карты по телефону или электронной почте:** Никогда не сообщайте ПИН-код, CVC/CVV-код, срок действия карты или другую конфиденциальную информацию по телефону или электронной почте, даже если звонят или пишут от имени банка.
*   **Остерегайтесь фишинговых сайтов:** Кибермошенники создают сайты-дубликаты известных онлайн-магазинов и сервисов. Внимательно проверяйте адрес сайта перед вводом данных карты.
*   **Используйте безопасные платежные шлюзы:** При оплате на сайтах используйте безопасные платежные шлюзы, которые перенаправляют вас на сайт банка для подтверждения операции.
*   **Подключите СМС-оповещения или push-уведомления:** Это позволит вам оперативно узнавать о всех операциях по карте и своевременно реагировать на подозрительные действия.
*   **Будьте осторожны с бонусными программами:** Убедитесь, что бонусная программа принадлежит надежной компании и не запрашивает излишнюю личную информацию. Внимательно читайте условия использования бонусной программы.
*   **Не переходите по подозрительным ссылкам:** Не кликайте по ссылкам в письмах или сообщениях от неизвестных отправителей.
*   **Регулярно проверяйте выписки по карте:** Отслеживайте все операции по карте, чтобы своевременно обнаружить и заблокировать подозрительные транзакции.

Если у вас возникли сомнения в безопасности онлайн-покупки или вы стали жертвой мошенников, немедленно обратитесь в свой банк и заблокируйте карту.

В случае возникновения сложных ситуаций, связанных с финансовым мошенничеством, рекомендуется обратиться к юристу или финансовому специалисту для получения квалифицированной помощи."
176,"Примут ли в банке ветхие иностранные купюры так же, как поврежденные рубли?","Ветхие или поврежденные иностранные купюры принимают в банках, но условия обмена могут отличаться от обмена поврежденных рублей.

Банк не должен отказывать в обмене иностранных денег старого образца, если они все еще находятся в обращении в стране выпуска. Однако условия обмена таких купюр могут быть иными. Ветхих и испорченных иностранных банкнот это правило не касается — здесь банки действуют на свое усмотрение и вправе отказаться их принимать.

Рекомендую перед посещением банка позвонить и уточнить, примут ли они конкретную купюру и по какому курсу. Также стоит узнать, нужно ли подтверждать доходы, если вы обмениваете большую сумму.

Если у вас есть поврежденные купюры, важно знать:

*   **Потертости и грязь:** Если изображения на купюре отчетливо просматриваются, ее, скорее всего, примут в магазине. При серьезных повреждениях или пятнах лучше обратиться в банк.
*   **Посторонние символы:** Надписи или рисунки на купюре могут привести к тому, что ее признают ветхой.
*   **Надрывы и проколы:** Небольшие повреждения обычно не являются проблемой, но при значительных надрывах или проколах лучше обратиться в банк.
*   **Порванные купюры:** Если купюра порвалась на кусочки, ее можно склеить и отнести в банк, если собрано не менее 55% от ее площади.
*   **Окрашенные купюры:** Окрашенные купюры можно обменять в банке.

В любом случае, для обмена поврежденных купюр может потребоваться экспертиза, которая займет некоторое время.
"
177,Какие возрастные ограничения есть при накоплении на ребенка через вклад по сравнению с НСЖ?,"В контексте представленной информации, вот сравнение возрастных ограничений при накоплении на ребенка через срочный вклад и номинальный счет (НСЖ, хотя в тексте он прямо не упоминается, подразумевается как счет для получения выплат на ребенка):

**Срочный вклад:**

*   **До 14 лет:** Родитель или опекун открывает вклад на имя ребенка. Ребенок не может самостоятельно управлять вкладом.
*   **С 14 лет:** Ребенок может пополнять вклад и снимать проценты, но для открытия вклада по-прежнему требуется согласие законных представителей.
*   **После 18 лет:** Ребенок получает полный доступ к средствам вклада и может ими свободно распоряжаться.

**Номинальный счет (для выплат пособий или алиментов):**

*   **До 14 лет:** Счет ведется на имя ребенка, но управляется родителями или опекунами.
*   **С 14 лет:** Ребенок с письменного согласия законного представителя может открыть собственный именной счет и получать выплаты напрямую. Номинальный счет можно закрыть, либо родитель может продолжать получать деньги на него.
*   **После 18 лет:**  Если счет использовался опекуном/попечителем для получения выплат, он закрывается. Ребенку (теперь уже совершеннолетнему) нужно обратиться в банк за остатком средств. Если это счет для пожизненных выплат (например, ребенку-инвалиду), то его можно использовать бессрочно.

**Вывод:**

С точки зрения возрастных ограничений, срочный вклад предоставляет чуть больше гибкости для подростка с 14 лет (возможность пополнять и снимать проценты с согласия родителей), в то время как номинальный счет больше ориентирован на получение и использование выплат до достижения ребенком 18 лет, после чего он, как правило, закрывается (если не является счетом для пожизненных выплат). Выбор между ними зависит от цели накопления и потребностей семьи."
178,Как с 2025 года отличаются ставки НДФЛ по инвестиционным доходам от ставок по прочим доходам?,"С 2025 года ставки НДФЛ по инвестиционным доходам и прочим доходам отличаются следующим образом:

**Инвестиционные доходы:**

*   **13%** – для инвестиционного дохода до 2,4 млн рублей в год;
*   **15%** – с суммы больше 2,4 млн рублей.

К инвестиционным доходам относятся проценты по вкладам, выплаты по акциям, облигациям и паям инвестиционных фондов (ПИФ), прибыль от операций с ценными бумагами, валютой, золотом и другими драгоценными металлами, а также доход от продажи имущества.

**Прочие доходы:**

*   **13%** – для заработка до 2,4 млн рублей в год;
*   **15%** – от 2,4 млн до 5 млн рублей в год;
*   **18%** – от 5 млн до 20 млн рублей в год;
*   **20%** – от 20 млн до 50 млн рублей в год;
*   **22%** – свыше 50 млн рублей в год.

К прочим доходам относятся зарплата, премии, отпускные, прибыль от сдачи недвижимости в аренду, вложений в МФО, выигрыши в лотерею и другие виды заработков.

Таким образом, основной отличием является то, что с 2025 года инвестиционные доходы облагаются налогом по отдельной шкале, отличной от шкалы для прочих доходов. Это означает, что даже при небольшом уровне прочих доходов, инвестиционный доход свыше 2,4 млн рублей будет облагаться по ставке 15%, в то время как для прочих доходов такая ставка наступает при совокупном доходе свыше 2,4 млн рублей.
"
179,"Как подготовиться к выбору карты с кешбэком, чтобы получать максимальный возврат?","Здравствуйте! Я рад вам помочь разобраться с выбором банковской карты.

**Как выбрать карту с кешбэком и получить максимальный возврат?**

При выборе карты с кешбэком важно учитывать несколько факторов, чтобы получить максимальную выгоду от программы лояльности.

**1. Определитесь, для чего вам нужна карта.**

Прежде всего, подумайте о ваших потребностях и расходах. Нужна ли вам карта для повседневных покупок, или вы планируете использовать ее для определенных категорий товаров и услуг? Также важно определить, нужна ли вам карта срочно или вы готовы подождать ее выпуска, планируете ли вы рассчитываться ею в интернете и нужна ли вам возможность открыть валютный счет.

**2. Сравните предложения разных банков.**

Внимательно изучите условия программ лояльности разных банков. Обратите внимание на следующие моменты:

*   **Размер кешбэка:** Какой процент от суммы покупки вам будет возвращаться? Обычно это варьируется от 0,5% до 30%, в зависимости от категории товаров и услуг.
*   **Категории покупок с повышенным кешбэком:** Какие покупки принесут вам больше выгоды? Некоторые банки предлагают повышенный кешбэк на определенные категории, такие как продукты, рестораны, АЗС или развлечения.
*   **Лимиты на кешбэк:** Существуют ли ограничения на максимальную сумму кешбэка, которую вы можете получить в месяц или год?
*   **Условия начисления кешбэка:** Как начисляется кешбэк? Может быть, нужна определенная минимальная сумма покупок или соблюдение других условий.
*   **Сроки возврата:** Когда вы получите свои деньги обратно? Обычно это происходит в конце месяца или через определенное время после совершения покупки.
*   **Стоимость обслуживания карты:** Какая плата за годовое обслуживание карты? Учитывайте, что иногда карта с кешбэком может быть дороже в обслуживании, чем обычная карта. Впрочем, если процент кешбэка и бонусы компенсируют плату за обслуживание, карта может быть для вас бесплатной.
*   **Другие бонусы и преимущества:** Помимо кешбэка, какие еще бонусы и привилегии предлагает банк? Например, скидки в партнерских магазинах, бесплатные переводы или доступ к специальным сервисам.

**3. Типы кешбэка:**

Различные банки предлагают разные типы кешбэка:

*   **Деньги:** Самый простой и удобный вариант, когда вам возвращается определенный процент от суммы покупки на счет.
*   **Бонусы:** Начисляются на специальный бонусный счет и могут быть использованы для оплаты определенных товаров и услуг.
*   **Мили:** Накапливаются за покупки и могут быть использованы для оплаты авиабилетов, бронирования гостиниц и других туристических услуг.

**4.  Дополнительные моменты:**

*   **Комиссии:** Обратите внимание на комиссии за переводы, снятие наличных и другие операции.
*   **Партнерские программы:** Некоторые банки сотрудничают с крупными торговыми сетями и предлагают повышенный кешбэк при покупках у партнеров.
*   **Экосистемы банков:** Если вы пользуетесь другими сервисами банка, такими как онлайн-магазин или мобильное приложение, вы можете получить дополнительные бонусы и скидки.

**В заключение:**

Выбор банковской карты с кешбэком – это индивидуальный процесс. Важно тщательно сравнить предложения разных банков и выбрать карту, которая наилучшим образом соответствует вашим потребностям и образу жизни. Обратите внимание на не только размер кешбэка, но и на условия программы лояльности, стоимость обслуживания карты и другие преимущества.

Так же стоит помнить - регулярный анализ текущих предложений на рынке, может помочь вам оптимизировать свои расходы и получать максимум выгоды от использования банковской карты.
"
180,"Где получить бесплатную помощь, чтобы подготовиться к участию в госзакупках?","
Для подготовки к участию в госзакупках можно получить бесплатную помощь в следующих местах:

*   **Корпорация МСП «Гид по закупкам»**: специалисты помогут с поиском подходящих закупок, подготовкой документов и оформлением договора.
*   **Семинары для предпринимателей от Корпорации МСП**: крупные заказчики рассказывают о госзакупках. Расписание и регистрация на Цифровой платформе МСП в разделе «Бизнес-обучение» (требуется авторизация через «Госуслуги»).
*   **Раздел «Вопросы и ответы» на Портале госзакупок**: содержит ответы на часто задаваемые вопросы.
*   **Детальные инструкции для начинающих поставщиков**: доступны на всех площадках для торгов, например, на площадке «Сбербанк-АСТ» (включая обучающие ролики).
*   **Региональные многофункциональные центры (МФЦ)**: через МФЦ доступны все услуги Корпорации МСП.

Кроме того, важно изучить следующие документы:

*   Законы № 44-ФЗ и № 223-ФЗ.
*   Статью о возможностях факторинга (важный инструмент для госзакупок).



"
181,Чем опасна установка программ из непроверенных источников?,"Установка программ из непроверенных источников может быть очень опасной и привести к серьезным последствиям. Вот основные риски:

*   **Вирусы и вредоносное ПО:** Непроверенные источники часто распространяют программы, содержащие вирусы, трояны, шпионское ПО и другие вредоносные программы. Эти программы могут красть ваши личные данные, включая пароли от банковских приложений, данные кредитных карт, фотографии и переписку.
*   **Удаленный доступ для хакеров:** Некоторые вредоносные программы позволяют хакерам получить удаленный доступ к вашему устройству, что дает им возможность управлять им, устанавливать дополнительное вредоносное ПО или использовать его для совершения преступлений.
*   **Кража данных:** Вредоносные программы могут собирать информацию о ваших действиях в интернете, включая посещенные сайты, поисковые запросы и данные о ваших банковских операциях, и передавать ее злоумышленникам.
*   **Блокировка устройства:** Некоторые вирусы могут заблокировать ваше устройство и потребовать выкуп за разблокировку.
*   **Риск для онлайн-банка:** Мошенники могут использовать вредоносное ПО для получения доступа к вашему онлайн-банку и кражи ваших денег.
*   **Уязвимости в безопасности:** Программы из непроверенных источников могут содержать уязвимости в безопасности, которые могут быть использованы хакерами для взлома вашего устройства.

**Где безопасно скачивать программы:**

*   **Официальные магазины приложений:** Для телефонов и планшетов на базе iOS - AppStore, для Android - Google Play.
*   **Официальные сайты разработчиков:** Скачивайте программы только с официальных сайтов разработчиков.

**Как снизить риски:**

*   **Внимательно изучайте разрешения, которые запрашивает приложение.**
*   **Читайте отзывы других пользователей.**
*   **Установите антивирусную программу и регулярно обновляйте ее.**
*   **Не устанавливайте программы по просьбе незнакомцев.**
*   **Не переходите по подозрительным ссылкам.**
*   **Регулярно обновляйте операционную систему и приложения.**
*   **Удаляйте неиспользуемые приложения.**

Если вы подозреваете, что на ваше устройство попал вирус, обратитесь к специалисту по кибербезопасности.
"
182,Как открыть вклад дистанционно с учетом безопасности биометрии?,"
Для открытия вклада дистанционно с использованием биометрии, вам необходимо выполнить несколько шагов, которые обеспечивают безопасность процесса:

**1. Регистрация в Единой биометрической системе (ЕБС):**

*   **Выбор уровня биометрии:** Для открытия вклада, скорее всего, вам потребуется **подтвержденная биометрия**, которая дает доступ ко всем сервисам, использующим биометрическую идентификацию.
*   **Способы сдачи биометрии:**
    *   **Через отделение банка:** Это самый надежный способ для получения подтвержденной биометрии. Вам потребуется паспорт и СНИЛС. Сотрудник банка сделает фото вашего лица и запишет ваш голос, которые будут отправлены в ЕБС.
    *   **Через приложение «Госуслуги Биометрия»:** Для упрощенной и стандартной биометрии.
*   **Безопасность:** Важно понимать, что ваши биометрические данные хранятся в зашифрованном виде и вы можете в любой момент удалить их из ЕБС.

**2. Выбор банка и предложения по вкладу:**

*   **Каталог на сайте ЕБС:** Для удобства, вы можете воспользоваться каталогом услуг на сайте ЕБС, чтобы выбрать подходящее предложение по вкладу и сразу перейти на страницу регистрации через ЕБС.
*   **Сайт банка:** Вы можете самостоятельно выбрать банк и предложение на его сайте.

**3. Процесс открытия вклада через ЕБС:**

*   **Авторизация через Госуслуги:** При выборе услуги банк запросит доступ к информации из вашего профиля на Госуслугах (ФИО, паспортные данные, СНИЛС).
*   **Идентификация в ЕБС:** Вас перенаправят в Единую биометрическую систему, где вам предложат пройти видеоидентификацию (сравнение вашего лица с тем, что хранится в базе данных) и произнести последовательность цифр для записи голоса.
*   **Согласие с договором:** После успешной идентификации вам будет предложен договор на ознакомление. Внимательно изучите все условия.
*   **Подписание договора:** Если условия вас устраивают, вы сможете подписать договор онлайн.

**4. Получение доступа к вкладу:**

*   После подписания договора вы станете клиентом банка и сможете управлять своим вкладом через личный кабинет или мобильное приложение банка.

**Важные моменты безопасности:**

*   **Внимательно читайте договор:** Прежде чем подписывать договор, убедитесь, что вы понимаете все условия.
*   **Разрешения на использование биометрии:** В личном кабинете на «Госуслугах» в разделе «Биометрия» вы можете контролировать, какие организации имеют доступ к использованию ваших биометрических данных.
*   **Защита учетной записи Госуслуг:** Надежно защитите свою учетную запись на портале Госуслуг, используя сложный пароль и двухфакторную аутентификацию.

**Дополнительные рекомендации:**

*   Если у вас возникнут вопросы или сложности, обратитесь в службу поддержки банка или на сайт ЕБС.
*   В случае сомнений относительно безопасности или законности каких-либо действий, рекомендуется проконсультироваться с юристом или финансовым специалистом.
*   Помните, что регистрация в ЕБС и использование биометрии – добровольные действия.
"
183,Какие меры принимает Банк России для защиты инвесторов в период санкций?,"Банк России предпринимает ряд мер для защиты инвесторов в период санкций:

*   **Содействие переводу активов:** Банк России принял решение, чтобы помочь спасти активы людей от блокировки, посредники должны принимать меры для защиты интересов своих клиентов, включая самостоятельный перевод их иностранных бумаг в другие депозитарии.
*   **Механизм для ПИФов:** Был разработан механизм для восстановления возможности распоряжаться активами в паевых инвестиционных фондах (ПИФов), в составе которых оказались заблокированные бумаги.
*   **Регулирование брокеров и депозитариев:** Банк России следит за тем, чтобы российские брокеры и депозитарии выполняли условия договоров и не нарушали права инвесторов. В случае нарушений можно подать жалобу в Банк России.
*   **Конвертация депозитарных расписок:** Банк России предоставляет информацию и рекомендации по конвертации депозитарных расписок на акции, в частности, публикует данные о кастодианах (российских депозитариях, хранящих акции).
*   **Защита от мошенничества:** Подразделение ФинЦЕРТ борется с кибермошенниками и помогает финансовым организациям защищаться от компьютерных атак, чтобы защитить инвесторов от мошенничества.
*   **Повышение финансовой грамотности:** Банк России реализует проекты по финансовой грамотности, чтобы помочь инвесторам ориентироваться в сложной финансовой среде и принимать взвешенные решения.

В случае блокировки расписок на ценные бумаги иностранных компаний, остается ждать восстановления связей между российскими и зарубежными депозитариями. Если речь идет о расписках на акции российских компаний, необходимо выяснить, закрывается ли программа по распискам или компания разрешила её сохранить, а также в каком депозитарии учитываются права на расписки.

Более подробную информацию и ответы на актуальные вопросы можно найти на сайте Банка России.
"
184,Какие налоговые льготы доступны по страхованию жизни?,"Налоговые льготы по страхованию жизни включают в себя:

*   **Налоговый вычет на взносы:** Позволяет вернуть часть уплаченного подоходного налога при страховании жизни сроком от пяти лет для себя и близких родственников, при условии наличия официального заработка и уплаты НДФЛ. С 2024 года лимит для вычета увеличился до 150 000 рублей в год.
*   **Страховое возмещение по риску смерти:** Не облагается налогом.
*   **Выплата по дожитию:** Освобождается от уплаты НДФЛ при соблюдении двух условий: взносы делались за себя и доход по полису не превысил установленный лимит, который рассчитывается на основе суммы взносов и средней ключевой ставки Банка России за каждый год действия полиса.

Важно помнить, что при досрочном расторжении договора страховой компании может удержать сумму налогового вычета, если клиент его уже получил.

Для получения более подробной информации и расчета конкретных сумм рекомендуется обратиться к финансовому специалисту или юристу.
"
185,Какие инструменты помогут паре прозрачно вести общие расходы?,"Для прозрачного ведения общих расходов паре могут помочь следующие инструменты:

*   **Общий банковский счет с двумя картами:** Это удобная замена ""советской тумбочке"", позволяющая обоим партнерам иметь доступ к общим средствам и отслеживать траты в онлайн-банке.
*   **Приложения для учета расходов и доходов:** Существуют приложения, которые могут вести одновременно два человека, позволяя обоим партнерам отслеживать общие траты.
*   **Совместный финансовый план:** Помогает спланировать расходы и накопления, а также защититься от финансовых рисков, например, с помощью страхования.
*   **Программы-планировщики для компьютеров и смартфонов:** Эти программы помогают вести бюджет, грамотно распределять финансы и наглядно показывать, на что расходуются деньги.
*   **Таблицы с формулами (например, в Excel):** Позволяют создать собственный финансовый план и отслеживать доходы и расходы.
*   **Банковская карта для совместных покупок:** Удобна для отслеживания истории покупок и разделения расходов.

Важно помнить, что выбор инструмента зависит от предпочтений пары и ее финансовых целей. Также рекомендуется регулярно проводить ревизию доходов и расходов (хотя бы раз в полгода) и актуализировать список обязательных трат."
186,Почему не стоит спешить с микрозаймом?,"
Микрозаймы могут быть удобным решением в случае срочной потребности в деньгах, но важно подходить к ним с осторожностью, чтобы не переплатить. Вот несколько важных моментов, которые следует учитывать:

**1. Время на обдумывание:**

По закону у вас есть **пять дней** на то, чтобы внимательно изучить договор потребительского займа, прежде чем принимать окончательное решение. В течение этого времени условия займа не могут быть изменены. Не торопитесь, используйте это время, чтобы все тщательно проверить.

**2. Таблица с индивидуальными условиями:**

Обратите особое внимание на **таблицу с индивидуальными условиями займа**. В ней перечисляются все дополнительные услуги, которые могут повлиять на общую стоимость кредита.

**3. Дополнительные услуги:**

Внимательно проверяйте договор на наличие заранее проставленных галочек рядом с дополнительными услугами (например, страхование). **МФО не имеют права включать допуслуги в договор по умолчанию или делать их условием выдачи займа.** Если вы обнаружили такие действия, лучше отказаться от работы с этой компанией и пожаловаться регулятору.

**4. Полная стоимость займа:**

Убедитесь, что на первой странице договора, в квадратной рамке, указана **полная стоимость займа в процентах годовых**. Это поможет вам оценить реальную переплату по кредиту.

**5. Проверка МФО:**

Прежде чем брать микрозаем, обязательно проверьте, входит ли выбранная вами МФО в **государственный реестр микрофинансовых организаций**. Это защитит вас от мошенников. Проверить можно на сайте Банка России, а также на сайтах саморегулируемых организаций (СРО «МиР», СРО «Микрофинансовый альянс»).

**6. Сроки и проценты:**

Помните, что микрозаймы обычно выдаются на короткий срок и под высокие проценты. Максимальная процентная ставка по краткосрочному займу (до 1 года) составляет **0,8% в день, или 292% годовых**.  Чем быстрее вы погасите заем, тем меньше переплатите.

**7. Ограничения по переплате:**

Если вы взяли микрозаем после 1 июля 2023 года, общая сумма всех платежей (включая проценты, штрафы, пени и плату за дополнительные услуги) не может превышать сумму займа более чем в **1,3 раза**. Для займов до 10 000 рублей на срок до 15 дней существуют отдельные ограничения: общая сумма начисленных процентов и платежей за дополнительные услуги не должна превышать 1500 рублей или 15% от суммы займа.

**8. Ваши права:**

Если вы считаете, что МФО нарушает ваши права, вы можете обратиться в Банк России или к финансовому омбудсмену.

**В заключение:**

Микрозаймы могут быть полезны в экстренных ситуациях, но важно тщательно взвесить все риски и убедиться, что вы сможете вовремя погасить заем. Если у вас есть возможность, лучше обратиться в банк, где процентные ставки обычно ниже.

Если у вас возникли конкретные вопросы по вашему займу или вы столкнулись с нарушением ваших прав, рекомендуется обратиться к **юристу или финансовому специалисту** для получения квалифицированной консультации.
"
187,"Зачем перед вводом личных данных проверять подлинность сайта, а также источник установки приложения?","Очень важно проверять подлинность сайта и источник установки приложения перед вводом личных данных, чтобы защитить себя от мошенников. Вот почему:

**Почему важна проверка сайта:**

*   **Сайты-двойники:** Мошенники создают копии популярных сайтов (например, банков, магазинов), чтобы украсть ваши данные (пароли, данные карты).
*   **Как проверить сайт:**
    *   **Галочка в синем кружке:** В поисковых системах Яндекс и Mail.ru настоящие сайты банков имеют специальную отметку – галочку в синем кружке.
    *   **Адресная строка:**  Тщательно проверяйте адрес сайта.  Набирайте адрес вручную или используйте закладки. Обращайте внимание на опечатки.
    *   **https и значок замка:** Убедитесь, что адрес начинается с `https://` и в адресной строке есть значок закрытого замка. Это означает, что соединение защищено, и ваши данные зашифрованы.
    *   **Дизайн:**  Обратите внимание на дизайн сайта. Небрежная верстка, орфографические ошибки и неработающие ссылки могут указывать на подделку.

**Почему важен источник установки приложения:**

*   **Шпионские программы:** Мошенники могут маскировать вредоносные программы под полезные приложения. Они могут устанавливаться через ссылки от ""работодателей"" или через поддельные магазины приложений.
*   **Кража данных:** Такие программы могут красть ваши данные (пароли, коды, данные карты) или давать мошенникам удаленный доступ к вашему устройству.
*   **Как защититься:**
    *   **Официальные магазины:** Скачивайте приложения только в официальных магазинах (App Store, Google Play и т.д.).
    *   **Разработчик:** Обращайте внимание на разработчика приложения. Для банковских приложений разработчиком должен быть сам банк.
    *   **Описание:** Внимательно читайте описание приложения.
    *   **Обновления:** Регулярно обновляйте приложения, чтобы получать последние исправления безопасности.

**В итоге:**  Внимательная проверка сайта и источника установки приложения – это ваша первая линия обороны против мошенников. Лучше потратить немного времени на проверку, чем стать жертвой мошенничества и потерять свои деньги.
"
188,Какие официальные каналы поддержки описаны для пострадавших от пандемии?,"
Для малых и средних предприятий, пострадавших во время пандемии, в ноябре и декабре 2021 года были доступны следующие варианты поддержки:

*   **Реструктуризация кредитов**
*   **Льготные кредиты**
*   **Гранты**

Также, пострадавшим предприятиям была предоставлена **отсрочка по налогам**.

Важно отметить, что меры поддержки распространяются на тех, кто работает официально. Например, самозанятые могли вернуть налоги за 2019 год.

Для получения информации о действующих программах поддержки в вашем регионе, вы можете обратиться:

*   На **«горячие линии»** в вашем регионе (контакты доступны на портале «Мой бизнес»).
*   На сайт **«Мой бизнес»**, где можно найти список организаций, помогающих предпринимателям.
*   На сайты **местных органов исполнительной власти**, отвечающих за экономическое развитие региона.
*   На сайт **МСП.РФ** для информации о федеральных и региональных мерах поддержки.
*   На сайт **Министерства сельского хозяйства** (для аграрного сектора).
*   На сайт **Фонда содействия инновациям** (для научно-технических предприятий).

**Помните:** В кризисные времена активизируются мошенники, поэтому будьте внимательны и осторожны с предложениями о помощи, особенно если они требуют предоплаты или личные данные.
"
189,Чем различается рассрочка у туроператора по сравнению с рассрочкой у застройщика?,"Рассрочка у туроператора и рассрочка у застройщика имеют существенные различия, хотя обе направлены на облегчение оплаты дорогостоящей покупки.

**Рассрочка у туроператора:**

*   **Цель:** Позволяет оплатить путевку (тур, авиабилеты, отель) частями, обычно до отъезда.
*   **Условия:** Часто предлагается без процентов, но банк может зарабатывать на комиссии от туроператора. Возможна фиксация цены путевки, что защищает от изменения курса валют. Обычно есть возможность внести часть суммы сразу, а остаток – перед поездкой.
*   **Риски:** Необходимо внимательно читать условия отмены бронирования. Есть вероятность, что условия кредитования могут измениться, но предлагаются варианты с возможностью отмены брони без штрафов.
*   **Срок:** Обычно короткий – до поездки, несколько месяцев максимум.

**Рассрочка у застройщика:**

*   **Цель:** Позволяет оплачивать квартиру частями в период ее строительства.
*   **Условия:** Обычно включает первоначальный взнос, затем периодические платежи в процессе строительства, и основную часть стоимости, оплачиваемую ипотекой после сдачи дома. Часто связана с последующим оформлением ипотеки. 
*   **Риски:** Застройщик может завышать цены на квартиры, предлагаемые в рассрочку. Есть риск не получить ипотеку на оставшуюся сумму в будущем, или получить ее на менее выгодных условиях. Штрафы за просрочку платежей, и возможность расторжения договора при нарушении сроков.
*   **Срок:** Более длительный – от года до трех лет, пока строится дом.
*   **Дополнительный аспект:** Сейчас рассрочки у застройщика часто сопровождаются счетом эскроу, который защищает покупателя от рисков, связанных с банкротством застройщика.

В целом, рассрочка у туроператора ориентирована на краткосрочное облегчение финансовой нагрузки при планировании поездки, а рассрочка у застройщика – на долгосрочную покупку недвижимости и связана с более серьезными финансовыми обязательствами.
"
190,Почему оплата через мобильные платежные системы безопаснее ввода реквизитов карты на сайтах?,"

Оплата через мобильные платежные системы (Apple Pay, Google Pay, Mir Pay, Samsung Pay) значительно безопаснее, чем ввод реквизитов карты непосредственно на сайтах интернет-магазинов. Это связано с тем, что при использовании мобильных платежных систем:

*   **Шифрование данных:** Когда вы добавляете банковские реквизиты в систему мобильных платежей, ваше устройство не сохраняет фактические данные карты. Вместо этого, они шифруются и передаются платежной системе.
*   **Защита от продавцов:** Продавец не получает доступ к реквизитам вашей карты. Он получает только уникальный токен, который не может быть использован для несанкционированных списаний.
*   **Безопасный шлюз:** Мобильные платежные системы работают как защитный шлюз для ваших денег, снижая риск перехвата данных и мошеннических операций.

В отличие от этого, при вводе реквизитов карты на сайте интернет-магазина, данные могут быть сохранены в базе данных магазина и, в случае взлома, могут попасть в руки злоумышленников.

Поэтому, если есть возможность, рекомендуется выбирать оплату через системы мобильных платежей, чтобы обеспечить дополнительную защиту своих финансовых данных."
191,Страхование крупного кредита при обычном обслуживании отличается от требований при рефинансировании?,"В контексте указано, что при рефинансировании ипотеки или автокредита банк вправе требовать страхование залога, даже если прежний полис еще не закончился, поскольку в нем указан другой банк как получатель выплат. 

В целом, требования к страхованию при обычном оформлении кредита и при рефинансировании могут отличаться. При рефинансировании банк может быть более требователен к страхованию, особенно залога, для защиты своих интересов. Однако, добровольные страховки, как указано в документах, остаются на ваше усмотрение, но отказ от них может повлиять на процентную ставку.

Важно внимательно изучать условия договора и задавать вопросы сотруднику банка, чтобы полностью понимать требования к страхованию при рефинансировании.

Для получения более конкретной информации, связанной с вашей ситуацией, рекомендуется обратиться к юристу или финансовому специалисту."
192,Зачем учитывать риск развода при планировании ипотеки?,"
При планировании ипотеки важно учитывать риск развода, так как это может существенно повлиять на ваши финансовые обязательства и имущество. Вот что нужно знать, основываясь на предоставленной информации:

**Что происходит с ипотечным жильем и долгом при разводе:**

*   **Совместно нажитое имущество:** Если недвижимость (включая ипотечную) была приобретена в браке, она считается совместно нажитым имуществом и делится между супругами пополам, даже если оформлена на одного из них.
*   **Общие долги:** Ипотечные долги также делятся поровну, даже если кредит брал только один из супругов.
*   **Соглашение или суд:** Раздел имущества и долга может быть осуществлен по соглашению сторон, зафиксированному у нотариуса, или через суд, если договориться не получается.
*   **Согласование с банком:** Любые сделки с ипотечной недвижимостью требуют согласования с банком.

**Варианты раздела ипотечного жилья и кредита:**

1.  **Переоформление кредита и недвижимости:** Один супруг отказывается от доли, второй берет кредит на себя. Отказавшийся супруг может претендовать на компенсацию за выплаченные взносы.
2.  **Выделение долей и разделение кредита:** Определяются доли в недвижимости, каждый супруг оформляет свой кредитный договор. Важно, что жилье остается в собственности до полного погашения кредитов.
3.  **Разделение жилья физически:** Подходит для больших квартир или домов, где можно сделать отдельные входы и разделить коммуникации. Требует перепланировки и согласования с банком.
4.  **Досрочное погашение и продажа:** Если остаток по кредиту небольшой, можно погасить его досрочно и продать жилье, разделив вырученные средства.
5.  **Продажа заложенной квартиры:** Согласовывается с банком, долг погашается за счет вырученных средств, остальное делится между супругами.
6.  **Совместное погашение:** Супруги продолжают вместе выплачивать ипотеку, но это рискованно, так как в случае невыплаты одним из них, долг ляжет на другого.

**Риски и что нужно учитывать:**

*   **Невыплата долга одним из супругов:** В этом случае другому придется выплачивать ипотеку в полном объеме, но он сможет потребовать компенсацию через суд.
*   **Потеря жилья:** Если оба супруга перестанут платить, банк начнет взыскание долга через суд и продаст недвижимость.
*   **Срок исковой давности:** Если раздел имущества не был оформлен сразу после развода, оспорить его можно в течение трех лет через суд.

**Рекомендации:**

*   **Брачный контракт:** Если вы планируете брать ипотеку в браке, заключение брачного контракта может упростить раздел имущества в случае развода.
*   **Согласование с банком:** Обязательно согласуйте с банком любые изменения в условиях кредитного договора или сделки с заложенным жильем.
*   **Юридическая консультация:** В сложных ситуациях рекомендуется обратиться к юристу или финансовому специалисту для получения квалифицированной помощи.

В заключение, развод может иметь серьезные финансовые последствия для ипотечных заемщиков. Важно заранее продумать возможные сценарии и принять меры для защиты своих интересов.
"
193,"Где государство не обеспечивает защиту ваших денег: в ИСЖ, паевых фондах на брокерском счете или в жилищно‑накопительном кооперативе?","
В соответствии с представленной информацией, государственная страховка (АСВ) не распространяется на следующие случаи:

*   **Инвестиционное страхование жизни (ИСЖ):** Ваши деньги управляет страховая компания, и государство не гарантирует сохранность этих вложений. Хотя страховщики обычно гарантируют возврат суммы взносов, даже если инвестиции будут неудачными, это не является гарантией АСВ.
*   **Паевые фонды на брокерском счете:** Инвестиции в ценные бумаги, включая паевые инвестиционные фонды (ПИФы), не попадают под систему страхования вкладов. Доходность не гарантирована, и вы можете понести убытки.
*   **Жилищно-накопительные кооперативы (ЖНК):** Информация о ЖНК в предоставленных документах отсутствует.

**В целом, важно понимать:**

*   Государственная страховка АСВ защищает только вклады в банках в пределах лимита 1,4 млн рублей (в некоторых случаях до 10 млн рублей).
*   Любые инвестиции, связанные с риском (ценные бумаги, ИСЖ, НСЖ и т.д.), не подлежат страхованию АСВ.
*   Если вы сомневаетесь, распространяется ли страховка на ваш случай, рекомендуется обратиться за разъяснениями в АСВ.
*   В случае сложных финансовых продуктов, таких как ИСЖ или инвестиции в ценные бумаги, рекомендуется проконсультироваться с финансовым специалистом или юристом, чтобы оценить риски и принять взвешенное решение."
194,Вернут ли деньги за ОСАГО при продаже автомобиля по сравнению со случаем отзыва лицензии у страховщика?,"
Да, при продаже автомобиля вам вернут часть денег за ОСАГО, как и в случае отзыва лицензии у страховщика, но с некоторыми нюансами.

**При продаже автомобиля:**

*   Вы обязаны сообщить страховщику о смене собственника.
*   Размер возврата будет пропорционален сроку, оставшемуся до конца действия полиса.
*   Страховщик удержит 23% от суммы возврата в качестве компенсации своих расходов.

**При отзыве лицензии у страховщика:**

*   Возврат также будет пропорционален оставшемуся сроку действия полиса.
*   В этом случае, возврат осуществляется не страховщиком, а Агентством по страхованию вкладов (АСВ).
*   АСВ также удержит компенсацию своих расходов, размер которой может отличаться от 23%.

**В обоих случаях:**

*   Важно как можно быстрее обратиться в страховую компанию (или АСВ) после наступления события (продажа автомобиля или отзыв лицензии). Чем меньше времени осталось до окончания действия полиса, тем меньше будет сумма возврата.
*   Для получения возврата потребуется предоставить документы, подтверждающие событие (договор купли-продажи автомобиля или документы об отзыве лицензии).

**Важно:** Если в вашем договоре ОСАГО указан коэффициент сезонности, возврат будет рассчитываться только за неиспользованные дни оплаченного периода.

Если у вас возникнут дополнительные вопросы или вам потребуется помощь в расчете суммы возврата, рекомендую обратиться к юристу или финансовому специалисту для получения консультации, учитывающей вашу конкретную ситуацию."
195,"Как перейти к новому брокеру, если у вас ИИС-3?","Для перехода к новому брокеру, если у вас есть ИИС-3, необходимо выполнить следующие шаги:

1.  **Выбор нового брокера:** Убедитесь, что новый брокер предоставляет услуги работы с ИИС-3 и что он не находится под санкциями. Важно оценить надежность брокера, так как инвестиции не застрахованы системой страхования вкладов. Также уточните, сможет ли новый брокер совершать сделки с вашими ценными бумагами.
2.  **Заключение договора с новым брокером:** Заключите договор о брокерском обслуживании или договор доверительного управления с новым посредником, открыв ИИС-3.
3.  **Запрос отчета об операциях:** Запросите у прежнего брокера отчет об операциях. Этот отчет необходим новому брокеру для корректного расчета НДФЛ при продаже ценных бумаг.
4.  **Передача реквизитов:** Передайте новому брокеру банковские и депозитарные реквизиты для перевода активов.
5.  **Поручение о переводе активов:** Поручите прежнему брокеру перевести все активы со старого счета на новый.
6.  **Поручение о приеме активов:** Дайте поручение новому брокеру о приеме активов.

**Важные моменты:**

*   При переходе к новому брокеру необходимо перевести **все** активы со старого ИИС-3, иначе он будет закрыт.
*   Прежний договор инвестсчета необходимо расторгнуть в течение месяца после перевода активов.
*   Необходимо учитывать, что перевести активы можно только на **пустой** ИИС-3.
*   Налоговые льготы при переходе сохраняются.

Если ваш прежний брокер уже начал процедуру перевода активов, необходимо дождаться ее завершения.

Если у вас есть ИИС-1 или ИИС-2, которые вы хотите трансформировать в ИИС-3 перед переходом к новому брокеру, потребуется подать заявления о преобразовании ИИС в прежнему брокеру и в Федеральную налоговую службу. В противном случае, вы можете потерять право на налоговые льготы.

Помните, что в договоре с брокером может быть пункт, запрещающий перевод ИИС к другому посреднику, но такое условие противоречит закону. Вы можете потребовать исключить этот пункт из договора.
"
196,Где проверить официальность сайта продавца ОСАГО?,"
Для проверки официальности сайта продавца ОСАГО есть несколько способов:

1.  **Сайт Банка России:** Адреса официальных сайтов страховщиков, страховых брокеров и маркетплейсов можно найти в реестрах Банка России (**www.cbr.ru**) в разделе Справочник участников финансового рынка.
2.  **Сайт РСА:** Попасть на страницы страховщиков ОСАГО также можно с сайта РСА.
3.  **Маркировка в поисковых системах:** В поисковых системах «Яндекс» и Mail.ru официальные сайты страховых компаний отмечены галочкой.
4.  **Проверка адресной строки:** Внимательно проверяйте адресную строку в браузере, особенно при переходе на другие страницы сайта. Мошенники часто создают сайты-клоны известных компаний.
5.  **Горячая линия страховщика:** Если у вас возникли сомнения, позвоните на горячую линию страховой организации и уточните все вопросы.

Помните, что если вы купили полис ОСАГО, его можно проверить на сайте Национальной страховой информационной системы (НСИС). Если полис не значится в системе, немедленно обратитесь в полицию и оформите новую страховку.
"
197,Как отличается доступ к деньгам в ИСЖ по сравнению с продажей паев биржевых фондов?,"
Доступ к деньгам в ИСЖ значительно отличается от продажи паев биржевых фондов, и вот как:

**Биржевые фонды (ETF и БПИФы):**

*   **Ликвидность:** Паи ETF и БПИФов торгуются на бирже как акции, поэтому их можно купить и продать в любой момент в течение торговой сессии.
*   **Скорость получения средств:** При продаже паев на бирже деньги поступают на ваш брокерский счет практически сразу же.
*   **Комиссии:** Комиссии при продаже через брокера обычно ниже, чем при продаже через управляющую компанию других ПИФов.

**Инвестиционное страхование жизни (ИСЖ):**

*   **Ограничения на досрочное расторжение:** Досрочное расторжение договора ИСЖ связано с потерями.
*   **Период охлаждения:** В течение определенного периода (от 14 до 30 дней, в зависимости от стоимости полиса) можно вернуть деньги, но после этого периода вы получите только выкупную сумму.
*   **Выкупная сумма:** Размер выкупной суммы зависит от срока действия договора и может быть значительно меньше внесенной суммы, особенно в первые годы действия полиса. В первые годы выкупная сумма может быть равна нулю.
*   **Отсутствие гарантий:** Доход по ИСЖ не гарантирован и может быть ниже, чем по банковским вкладам.
*   **Страхование вкладов:** Вложения в ИСЖ не застрахованы государственной системой страхования вкладов.

**Краткое сравнение:**

| Характеристика        | Биржевые фонды                               | ИСЖ                                           |
| --------------------- | --------------------------------------------- | --------------------------------------------- |
| Ликвидность           | Высокая                                       | Низкая                                        |
| Скорость доступа к деньгам | Практически мгновенная                       | Зависит от периода действия договора, возможны потери |
| Комиссии              | Обычно низкие                                 | Могут быть значительными при досрочном расторжении |
| Гарантии              | Нет гарантии доходности, но есть прозрачность | Нет гарантии доходности, нет страховки вкладов |

Таким образом, биржевые фонды предоставляют гораздо более гибкий и быстрый доступ к вашим деньгам, но несут в себе рыночные риски. ИСЖ, с другой стороны, менее ликвиден и может привести к потерям при досрочном расторжении, но предлагает страховую защиту и потенциально более высокую доходность (хотя и не гарантированную).
"
198,Как закон ограничивает штрафы за просрочку по кредитной карте по сравнению с микрозаймом?,"
Закон ограничивает штрафы за просрочку по кредитной карте и микрозайму по-разному.

**По микрозаймам (МФО):**

*   Неустойка (штраф и пени) не может превышать 0,1% за каждый день просрочки.
*   Если МФО продолжает начислять проценты за период просрочки, то общая сумма штрафов и пеней не может быть больше 20% годовых.
*   При просрочке более 60 дней по займам, срок которых больше двух месяцев, кредитор может потребовать всю сумму долга сразу.
*   По коротким займам (менее двух месяцев) можно потребовать вернуть всю сумму долга при просрочке всего 10 дней.

**По кредитным картам:**

*   Штраф за просрочку начисляется в размере, указанном в договоре (например, 0,1% в день от суммы просроченного платежа).
*   Если банк продолжает начислять проценты по кредитной карте, штраф за просрочку может увеличить вашу ставку на 20%. Если же проценты не начисляются, то штраф составит до 0,1% в день от суммы просрочки.

**Ключевое отличие:**

Для микрозаймов установлены более жесткие ограничения на размер неустойки, особенно в отношении общей суммы штрафов и пеней. По кредитным картам ограничения менее строгие, и размер штрафа определяется договором, но также ограничен законом (максимум 0,1% в день).

В обоих случаях, просрочка негативно влияет на кредитную историю и может привести к более серьезным последствиям, таким как отказ в выдаче кредитов в будущем и даже судебное разбирательство.
"
199,Как проверить легальность финансовой компании перед переводом денег?,"
Чтобы проверить легальность финансовой компании перед переводом денег, необходимо выполнить следующие действия:

1.  **Проверить наличие в реестрах Банка России:** Убедитесь, что компания присутствует в реестрах Банка России, если она является брокером, инвестиционным консультантом, кредитным потребительским кооперативом или другой финансовой организацией, подлежащей контролю Банком России.
2.  **Проверить список сомнительных организаций:** Изучите список сомнительных организаций и интернет-проектов с признаками финансовых пирамид, публикуемый Банком России на его сайте.
3.  **Проверить данные в ЕГРЮЛ:** Изучите информацию о компании на сайте Федеральной налоговой службы (ФНС), обращая внимание на дату регистрации, размер уставного капитала и основной вид деятельности.
4.  **Изучить отзывы в Интернете:** Проанализируйте отзывы о компании в Интернете, обращая внимание на однотипность и возможную фальсификацию хвалебных отзывов.
5.  **Сверить документы:** Сравните полное название и реквизиты компании, указанные в договоре, на сайте организации, в реестрах Банка России и ФНС.
6.  **Убедиться в легальности компании-посредника:** Если вы используете компанию-посредника для перевода, убедитесь, что она работает легально, проверив ее на сайте Банка России по юридическому названию.
7.  **Проверить адрес сайта:** Убедитесь, что вы находитесь на официальном сайте компании, а не на сайте-двойнике.
8.  **Проверить маркировку сайта:** Если компания является микрофинансовой организацией, убедитесь, что ее сайт промаркирован синим кружочком с галочкой в поисковых системах «Яндекс» и Mail.ru.
9.  **Обратить внимание на ОГРН, ИНН и адрес кредитора:** При проверке МФО сверяйтесь не только по названию, но и по ОГРН, ИНН и адресу кредитора.

В случае сомнений или необходимости, рекомендуется проконсультироваться с юристом или финансовым специалистом.

**Важно:** Банки не компенсируют потери в случаях, когда вы сами совершаете перевод мошенникам.
"
200,"Как оспорить ошибку в кредитной истории, появившуюся после передачи долга новым кредитором?","Если после передачи долга новым кредитором в вашей кредитной истории появилась ошибка, вам необходимо действовать следующим образом:

1. **Напишите заявление кредитору (БКИ).** Обратитесь к кредитору, который передал ваш долг, и потребуйте исправить ошибку в кредитной истории. Кредиторы обязаны принимать такие обращения дистанционно – через сайт, мобильное приложение или электронную почту. В заявлении четко укажите, какую именно информацию вы считаете ошибочной и почему.
2. **Срок проверки кредитором.** Кредитор обязан провести проверку по вашему заявлению в течение 10 рабочих дней и переслать правильные данные в бюро кредитных историй (БКИ). Важно убедиться, что информация обновлена во всех БКИ, куда кредитор отправляет данные.
3. **Обратитесь непосредственно в БКИ.** Вы также можете самостоятельно обратиться в бюро кредитных историй с заявлением об оспаривании кредитной истории. Услуга по исправлению кредитной истории в БКИ предоставляется бесплатно.
4. **Срок проверки БКИ.** Проверка БКИ займет больше времени – 20 рабочих дней. Бюро перешлет ваше заявление кредитору и будет ждать ответа. Во время проверки, если кто-то запросит вашу кредитную историю, БКИ отметит, что данные уточняются и могут быть неточными.
5. **Подтверждение правоты.** Если кредитор подтвердит вашу правоту, БКИ исправит ошибку и сообщит вам об этом.
6. **Судебное разбирательство.** Если кредитор не согласится с вашими аргументами и будет настаивать на невыплаченном кредите или просрочке, вам придется решать проблему через суд.

**Важно:**

*   Регулярно проверяйте свою кредитную историю (не реже раза в год, а лучше перед обращением за новым кредитом). Каждое БКИ дважды в год предоставляет кредитный отчет бесплатно.
*   Сохраняйте все документы, подтверждающие ваши платежи и переписку с кредиторами и БКИ.

Если у вас возникли сложности или вы не уверены в своих действиях, рекомендуется обратиться к юристу или финансовому специалисту для получения консультации по вашему конкретному случаю."
201,"Как оформить возврат части расходов на обучение в виде налогового вычета, включая сроки поступления денег?","Для возврата части расходов на обучение в виде налогового вычета вам доступно два основных способа: через работодателя или напрямую через Федеральную налоговую службу (ФНС).

**1. Через работодателя:**

*   **Как это работает:** Вы предоставляете работодателю справку об оплате образовательных услуг (образцы доступны на сайте ФНС). С 2024 года не требуются налоговая декларация или договор на обучение. Работодатель запрашивает в налоговой подтверждение вашего права на вычет и прекращает удерживать НДФЛ с вашей зарплаты до полного возмещения вычета.
*   **Ограничения:** Этот способ доступен только для расходов на ваше обучение за текущий год.

**2. Через ФНС:**

*   **Необходимые документы:**
    *   Заявление на вычет.
    *   Декларация 3-НДФЛ (может потребоваться справка о доходах с места работы).
    *   Договор с образовательной организацией.
    *   Документы, подтверждающие ваши расходы (чеки, квитанции, платежные поручения, выписки из банка).
    *   Документы о родстве, если вы претендуете на вычет по расходам на обучение родственников.
    *   Справка об очном обучении, если вы хотите получить вычет за детей в возрасте от 18 до 24 лет.
*   **Подача документов:** Вы можете подать документы лично в отделение ФНС по месту регистрации или онлайн через личный кабинет налогоплательщика на сайте ФНС.
*   **Сроки поступления денег:** По закону, выплата должна быть осуществлена в течение месяца после проверки информации ФНС, однако обычно деньги поступают на счет быстрее.

**Упрощенный порядок (с 2024 года):**

В 2024 году некоторые образовательные организации начали автоматически передавать информацию о платежах в ФНС. В этих случаях вам может автоматически прийти заявка на возврат в ваш личный кабинет налогоплательщика на сайте ФНС, которую нужно будет только подтвердить электронной подписью (доступна бесплатно на сайте ФНС). Однако этот упрощенный порядок работает только для расходов на ваше обучение.

**Важные моменты:**

*   **Сумма вычета:** Вы можете вернуть 13% от суммы, потраченной на обучение. Максимальная сумма вычета за год составляет 19 500 рублей (при расходах 150 000 рублей). Вычет за обучение детей, дорогостоящее лечение или благотворительность выплачивается даже сверх этого лимита.
*   **Срок давности:** Вы можете запросить вычет за текущий год, а также за два предыдущих года.
*   **Ограничения по доходу:** Для получения вычета у вас должен быть официальный доход, с которого удерживается НДФЛ.
*   **Налоговые резиденты:** Вычет доступен только налоговым резидентам России (проживающим в стране не менее 183 дней в году и уплачивающим НДФЛ).

**Рекомендуется:** Если у вас возникнут сложности с заполнением документов или возникнут вопросы, связанные с конкретно вашей ситуацией, обратитесь к юристу или финансовому специалисту для консультации.
"
202,"Чем BNPL отличается от кредитной карты по источнику средств, срокам беспроцентного периода?","BNPL (Buy Now, Pay Later) и кредитные карты – оба варианта позволяют совершать покупки сейчас и оплачивать их позже, но между ними есть существенные отличия.

**Источник средств:**

*   **BNPL:** При оплате частями BNPL-сервис (например, сервис «купи сейчас, плати потом») заключает с вами **договор поручения**. Сервис оплачивает заказ продавцу от вашего имени, а вы обязуетесь вернуть эти деньги сервису в установленные сроки. Фактически это краткосрочный заем от BNPL-провайдера.
*   **Кредитная карта:** Вы используете кредитные средства, предоставленные **банком**. Банк оплачивает покупку продавцу, а вы должны вернуть долг банку.

**Сроки беспроцентного периода:**

*   **BNPL:** Обычно срок беспроцентного периода у BNPL-сервисов значительно **короче**, чем у кредитных карт –  обычно это 1,5-2 месяца.  Если не уложиться в этот срок, могут начисляться комиссии и штрафы.
*   **Кредитная карта:** Кредитные карты часто имеют **более длительный беспроцентный период** (грейс-период), который может достигать 50-100 дней. Если вы успеете погасить задолженность в течение этого периода, вы не заплатите никаких процентов.

**Другие отличия:**

*   **Кредитная история:** BNPL-сервисы часто **не передают информацию о вашей задолженности в бюро кредитных историй**. Это может быть как плюсом (задержка платежа не испортит кредитную историю), так и минусом (отсутствие положительной кредитной истории).  Кредитные карты, напротив, влияют на вашу кредитную историю.
*   **Ограничения:** BNPL часто имеет **ограничения по выбору магазинов и сумме покупки**. Кредитные карты более универсальны и позволяют совершать покупки где угодно, где принимают карты.
*   **Проверка кредитоспособности:** BNPL обычно одобряет заявки **быстрее и без тщательной проверки кредитной истории.** Кредитные карты требуют более серьезной проверки кредитоспособности.

В заключение, выбор между BNPL и кредитной картой зависит от вашей финансовой дисциплины, срочности покупки и доступных предложений. Если вам нужно небольшое количество времени, чтобы оплатить покупку, и вы уверены, что сможете погасить задолженность в срок, BNPL может быть удобным вариантом. Если вам нужен более гибкий инструмент с длительным беспроцентным периодом, кредитная карта может быть лучшим выбором.
"
203,"Как поступить, если в полисе ОСАГО применен неверный КБМ?","Если в вашем полисе ОСАГО применен неверный КБМ, вот что вы можете сделать:

1. **Обратитесь в страховую компанию:** Напишите заявление в свободной форме с требованием пересчитать стоимость полиса на основании правильных коэффициентов КБМ. Укажите реквизиты счета, на который нужно вернуть деньги в случае переплаты.
2. **Сроки исправления:** Страховщик обязан внести изменения в договор или выдать новый полис в течение 2 рабочих дней после вашего обращения. Разницу в цене полиса компания должна перечислить на ваш счет в течение 14 календарных дней после обращения.
3. **Проверка данных в НСИС:** Проверьте свою страховую историю в личном кабинете на сайте НСИС, чтобы убедиться, что там указаны все ваши полисы за последние 10 лет и правильные данные о страховых случаях. Если в НСИС указан неверный КБМ, необходимо обратиться к страховщику, который передал неправильные сведения в систему.
4. **Жалоба в Банк России:** Если страховая компания не исправила ошибку и не вернула деньги, вы можете подать жалобу в интернет-приемную Банка России.
5. **Обращение к финансовому омбудсмену:** Если страховщик не отвечает на ваше требование о возврате переплаты в течение 15 рабочих дней или отказывается менять стоимость полиса, вы можете обратиться к финансовому омбудсмену.
6. **Возврат переплаты:** Вы вправе вернуть переплату по полисам ОСАГО, оформленным по неверным коэффициентам за последние три года.

**Важно:** Если вы меняли водительское удостоверение, обязательно сообщите об этом своему страховщику, чтобы избежать проблем с КБМ. Также рекомендуется запросить у страховщика расчет размера страховой премии с указанием всех коэффициентов, чтобы проверить правильность расчета стоимости полиса.

Помните, что если сумма переплаты значительная, или вы не уверены в своих действиях, рекомендуется обратиться за консультацией к юристу или финансовому специалисту.
"
204,В чем разница между кешбэком и чарджбэком?,"Кешбэк и чарджбэк – это две совершенно разные вещи, хотя оба термина связаны с возвратом денег при использовании банковской карты.

**Кешбэк** – это программа лояльности, предлагаемая банком, когда часть потраченных денег возвращается на счет держателя карты. Это как скидка, которую вы получаете за оплату покупок картой. Сумма кешбэка обычно небольшая (0,5-2%, иногда выше по определенным категориям), и она начисляется за каждую покупку, соответствующую условиям программы лояльности. Кешбэк может быть в виде денег, бонусов или миль.

**Чарджбэк** – это процедура оспаривания платежа, когда покупатель не согласен с транзакцией по карте. Это способ вернуть деньги в случае, если вы оплатили товар или услугу, но не получили их, получили некачественный товар, или произошла ошибка при оплате. Чарджбэк – это не гарантированный возврат, и банк рассматривает каждую претензию индивидуально.

**Основные различия:**

*   **Цель:** Кешбэк – это бонус за использование карты, чарджбэк – это способ защиты прав потребителя при возникновении проблем с оплатой.
*   **Инициатор:** Кешбэк инициируется банком, чарджбэк – покупателем.
*   **Условия:** Кешбэк предоставляется при соблюдении условий программы лояльности, чарджбэк – при наличии оснований для оспаривания платежа (например, товар не получен или был бракованный).
*   **Гарантия:** Кешбэк гарантирован при соблюдении условий, чарджбэк – нет, решение принимает банк после рассмотрения претензии.

В заключение, кешбэк – это приятный бонус, а чарджбэк – это инструмент для защиты ваших прав как потребителя.
"
205,"Где в договоре должна быть указана полная стоимость кредита, что помогает отличить легального кредитора от черного?","Полная стоимость кредита (ПСК) должна быть указана в квадратной рамке в правом верхнем углу на первой странице договора кредита или займа. Она прописывается в рублях и в процентах годовых.

Наличие ПСК, оформленной именно так, – один из признаков легального кредитора. Черные кредиторы вряд ли будут следовать всем требованиям оформления договора, и могут не указывать ПСК в нужном месте или не указывать ее вообще.

Кроме того, легальный кредитор предоставит вам много документов с четко прописанным порядком заключения договора, выдачи кредита, условий возврата или использования. Он готов выдать вам эти документы или хотя бы ознакомить с ними. Черные кредиторы, как правило, работают с очень короткими договорами (1–2 листа), написанными мелким шрифтом и с неточными формулировками.
"
206,Какие финансовые продукты не покрывает система страхования вкладов?,"Система страхования вкладов (ССВ) не покрывает ряд финансовых продуктов. Это связано с тем, что они не являются банковскими вкладами в классическом понимании или содержат повышенные риски. Вот основные случаи, когда государственная страховка не действует:

*   **Сберегательные сертификаты на предъявителя:** Эти сертификаты не подпадают под действие ССВ.
*   **Деньги, переданные банкам в доверительное управление:** Вложения в доверительное управление не застрахованы государством.
*   **Средства на электронных кошельках и предоплаченных неименных картах:** Эти средства не защищены ССВ.
*   **Вклады в зарубежных филиалах российских банков:** Вклады, открытые в филиалах российских банков, расположенных за границей, не застрахованы.
*   **Субординированные депозиты:** Эти депозиты имеют более низкий приоритет при выплате в случае банкротства банка и не подпадают под действие ССВ.
*   **Номинальные счета (за исключением счетов для подопечных), залоговые счета и счета эскроу (кроме счетов для сделок с недвижимостью):** Эти счета не застрахованы государством.
*   **Обезличенные металлические счета:** Вклады в драгоценные металлы в обезличенной форме не подлежат страхованию.
*   **Деньги юридических лиц (кроме малых и средних предприятий из единого реестра, а также профсоюзов и социальных НКО):** Вклады юридических лиц, как правило, не застрахованы, за исключением определенных категорий.
*   **Публичные депозитные счета:** Эти счета не подпадают под действие ССВ.
*   **Счета и вклады компаний, признанных иностранными агентами:** Вклады таких компаний не застрахованы.
*   **Профессиональные счета актуариев.**

Кроме того, стоит помнить, что государственная страховка не покрывает:

*   **Деньги на счетах и вкладах сверх лимитов гарантированного возмещения (1,4 млн рублей).**
*   **Вклады на предъявителя (в том числе удостоверенные депозитным сертификатом или сберегательной книжкой на предъявителя).**
*   **Деньги, вложенные в ценные бумаги банка (акции, облигации, векселя и прочее).**

В случае сомнений, распространяется ли страховка на ваш конкретный случай, рекомендуется обратиться за разъяснениями в Агентство по страхованию вкладов (АСВ).

Также, стоит помнить, что при предложении ""уникальных"" инвестиционных продуктов, включающих в себя вклад и другие инструменты (ИСЖ, структурные облигации), государственная страховка распространяется только на часть, которая фактически является банковским вкладом. Остальные вложения не защищены государством.
"
207,Зачем проверять членство МФО в СРО перед оформлением займа?,"Членство МФО в саморегулируемой организации (СРО) – важный фактор, который стоит проверить перед оформлением займа. 

СРО устанавливают профессиональные стандарты и контролируют работу своих участников. Это означает, что МФО, входящая в СРО, обязана соблюдать определенные правила и нормы деятельности, что снижает риск мошенничества или недобросовестных практик.

**Что нужно знать:**

*   В России существует две основные СРО: Союз «Микрофинансовый альянс» и СРО «МиР».
*   Информацию о том, в какую СРО входит МФО, можно найти на сайтах этих организаций, где есть списки участников.
*   Если МФО отсутствует в списках обеих СРО, это повод для беспокойства. Возможно, ее исключили из СРО за нарушения, и лучше воздержаться от сотрудничества с такой организацией.
*   Иногда МФО может временно отсутствовать в списке СРО в период перехода из одной организации в другую, но такой переход не должен длиться более 90 дней.

В целом, проверка членства МФО в СРО – это дополнительная мера предосторожности, которая поможет вам обезопасить себя от недобросовестных кредиторов.

Если вы столкнулись со сложной ситуацией или у вас есть вопросы, рекомендую обратиться к юристу или финансовому специалисту для получения подробной консультации и оценки конкретного случая."
208,В каких ситуациях могут запретить выезд из России из‑за долгов?,"
В России выезд за границу может быть запрещен из-за наличия определенных долгов. Вот основные ситуации, когда это возможно:

**1. Сумма долга:**

*   **От 10 000 рублей:** Запрет на выезд может быть наложен при наличии долгов по алиментам или компенсации вреда здоровью, имуществу, морального вреда или в связи со смертью кормильца, а также по любым обязательствам, не погашенным в течение двух месяцев после установленного ФССП срока.
*   **От 30 000 рублей:** Запрет на выезд может быть наложен при задержке оплаты более чем на один день.

**2. Виды долгов, из-за которых могут запретить выезд:**

*   Просроченные кредиты и займы
*   Алименты
*   Штрафы (например, ГИБДД)
*   Коммунальные платежи
*   Налоги
*   Долги, заверенные у нотариуса
*   Любые другие долги, которые суд обязал погасить (например, компенсация за ущерб здоровью в ДТП)

**3. Процедура:**

*   ФССП (Федеральная служба судебных приставов) уведомляет о начале исполнительного производства письмом или через ""Госуслуги"".
*   Дается 5 дней на добровольную оплату долга.
*   Принудительное взыскание начинается после истечения этого срока.
*   ФССП может наложить временные запреты на выезд из страны, но это их право, а не обязанность.
*   Информация о невыездных передается в пограничную службу.

**4. Банкротство:**

*   Признание банкротом или прохождение процедуры внесудебного банкротства само по себе не является причиной запрета на выезд.
*   Однако, если банкротство происходит через суд, суд может ограничить выезд, если посчитает, что должник затягивает процесс или не намерен возвращаться.

**5. Индивидуальные предприниматели:**

*   Долги по бизнесу взыскиваются с ИП так же, как и личные долги.

**6. Что делать, чтобы избежать запрета на выезд:**

*   **До обращения в ФССП:** Обратиться к кредитору с просьбой об отсрочке или изменении графика платежей.
*   **После обращения в ФССП:** Подать заявление в суд об отсрочке или рассрочке, предоставив подтверждающие документы (например, о сокращении, болезни). Одновременно отправить копию заявления в ФССП с просьбой не применять меры взыскания.
*   **Строго соблюдать график платежей** в случае получения отсрочки или рассрочки.

**Важно:** Если вы столкнулись с финансовыми трудностями и имеете долги, рекомендуется обратиться за консультацией к юристу или финансовому специалисту для получения индивидуальной оценки ситуации и разработки стратегии решения проблемы.
"
209,"Почему рискованно сообщать коды из СМС в сценарии «задержалась посылка», а также показывать банковскую карту на видеособеседовании?","
Сообщать коды из СМС в сценарии «задержалась посылка» рискованно, потому что мошенники используют различные уловки, чтобы выманить у вас конфиденциальную информацию. Они могут притвориться сотрудниками службы доставки и под предлогом уточнения деталей доставки попросить вас предоставить код из СМС, который необходим для подтверждения операции. На самом деле, этот код позволит им получить доступ к вашим средствам или личным данным.

Показ банковской карты на видеособеседовании также опасен. Мошенники могут подсмотреть секретный код (CVC/CVV) на обратной стороне карты и использовать его для совершения несанкционированных покупок в интернете. Кроме того, номер карты и другие данные, которые могут быть видны во время демонстрации экрана, могут быть использованы для получения доступа к вашему онлайн-банку.

В обоих случаях важно помнить, что сотрудники банка или службы доставки никогда не будут запрашивать у вас конфиденциальную информацию, такую как коды из СМС, CVC/CVV-код или данные банковской карты. Если вас просят предоставить такую информацию, это, скорее всего, мошенники.

В случае получения подозрительных сообщений или звонков, необходимо немедленно прекратить общение и заблокировать карту, обратившись в банк. Также рекомендуется обратиться в полицию для сообщения о мошеннических действиях.
"
210,Почему свежая регистрация компании повышает риск для соискателя или инвестора?,"Свежая регистрация компании повышает риск для соискателя или инвестора по нескольким причинам, которые учитываются регуляторами и банками.

Во-первых, время создания фирмы – один из факторов, которые учитывает регулятор при оценке законности бизнеса. Новые компании часто попадают в зону повышенного внимания, поскольку у них еще нет доказанной истории деятельности и стабильности.

Во-вторых, новая компания может не иметь достаточного уставного капитала, что делает ее более уязвимой в финансовых вопросах.

В-третьих, у новой компании может быть недостаточно данных для оценки ее благонадежности, что вызывает сомнения у банков и инвесторов.

В-четвертых, компания, которая получает платежи без расшифровки, имеет мало шансов доказать законность своей деятельности.

Совокупность этих факторов увеличивает вероятность того, что компания может быть использована для нелегальных целей, таких как отмывание доходов, или просто окажется неспособной выполнить свои обязательства. Поэтому свежая регистрация компании может рассматриваться как фактор риска для потенциальных соискателей и инвесторов.
"
211,Какие ограничения по счетам предусмотрены для налоговых вычетов по ПДС с учетом сроков выплат?,"
Для получения налоговых вычетов по программе долгосрочных сбережений (ПДС) предусмотрены следующие ограничения по счетам и срокам выплат:

**1. Количество счетов:**

*   Вы можете иметь **не более трех** договоров ПДС, чтобы воспользоваться налоговыми вычетами. Это касается как счетов, открытых на ваше имя, так и на имя ваших близких родственников.

**2. Срок владения счетом и начала выплат:**

*   Выплаты по счетам ПДС должны начаться **не раньше чем через 15 лет** после заключения договора.
*   Либо выплаты могут начаться при достижении **55 лет для женщин и 60 лет для мужчин**, но также не ранее чем через 5 лет после открытия счета.

**3. Минимальный срок участия в ПДС (для сохранения права на вычеты):**

Этот срок зависит от года заключения договора:

*   **2024–2026 годы:** 5 лет
*   **2027 год:** 6 лет
*   **2028 год:** 7 лет
*   **2029 год:** 8 лет
*   **2030 год:** 9 лет
*   **С 2031 года:** 10 лет

Это означает, что даже если вы достигли возраста, с которого можно начинать выплаты (55/60 лет), вам нужно будет удерживать деньги на счете в течение указанного срока, чтобы сохранить право на налоговые льготы.

**4. Досрочное снятие средств:**

*   Досрочное снятие средств возможно, но может привести к потере права на налоговые льготы и необходимости вернуть ранее полученные вычеты.
*   Выкупная сумма может быть меньше размера внесенных взносов. Если же выкупная сумма превышает внесенные взносы, разница будет облагаться НДФЛ, а также НПФ удержит сумму ранее полученных вычетов.

**Важно:** Если вы открыли счет ПДС для близкого родственника, то в договоре должно быть прописано, кто имеет право на снятие средств. Досрочное снятие средств одним из сторон может привести к потере права на государственное софинансирование для того, кто заключил договор.

В целом, для сохранения права на налоговые льготы важно соблюдать установленные сроки и ограничения по количеству счетов, а также не снимать деньги со счета досрочно без веских оснований (например, тяжелой болезни).
"
212,Когда требуется тестирование клиента для ИСЖ в отличие от покупки отдельных ETF?,"Тестирование клиента требуется при оформлении полиса инвестиционного страхования жизни (ИСЖ) с октября 2024 года. Страховщик или его агент зададут четыре вопроса об особенностях и рисках ИСЖ. Если будет хотя бы одна ошибка, полис не продадут, и придется проходить тест заново, с перерывом не менее трех дней между попытками.

В отличие от этого, для покупки ETF (биржевых фондов) тестирование требуется не всегда:

*   Неквалифицированным инвесторам не нужно тестирование для покупки ETF, которые не связаны с недружественными странами и соответствуют одному из условий:
    *   Паи ETF входят в первый или второй котировальные списки российских бирж.
    *   ETF привязан к ведущим зарубежным индексам, и создатель фонда заключил договор с российской биржей о продаже и выкупе паев по требованию инвесторов.
*   Для остальных ""дружественных"" ETF начинающим инвесторам нужно проходить тестирование, но только *после* его успешного прохождения возможно приобретение таких ETF.

Таким образом, тестирование для ИСЖ сейчас является обязательным, а для ETF – выборочным, в зависимости от типа фонда и статуса инвестора. Также стоит помнить, что при неудачной попытке тестирования по ИСЖ нужно подождать 3 дня, прежде чем повторить попытку, в то время как для ETF, если вы не сдаете тест, вы просто не сможете совершить сделку."
213,"Где удобнее хранить «подушку безопасности», если нужен мгновенный доступ к деньгам?","Для хранения ""подушки безопасности"", если вам нужен мгновенный доступ к деньгам, лучше всего подойдет вклад до востребования или с возможностью частичного снятия в надежном банке. 

**Почему это хороший выбор:**

*   **Быстрый доступ:** Вы сможете снять деньги в любой момент без потери процентов (или с минимальными потерями, в зависимости от условий вклада).
*   **Страхование вкладов:** Деньги на вкладах застрахованы государством, что обеспечивает их сохранность даже в случае проблем у банка (до 1,4 млн рублей в одном банке).
*   **Начисление процентов:** На сберегательные счета и вклады начисляются проценты, которые компенсируют потери от инфляции.

**Дополнительные варианты:**

*   **Сберегательный счет:** Позволяет свободно распоряжаться средствами и получать небольшой доход.
*   **Накопительный счет:** Может иметь функцию частичного снятия, что удобно для постепенного использования средств.

**Важно:**

*   Старайтесь не держать слишком большие суммы на одном счете, чтобы уложиться в лимит страхования вкладов (1,4 млн рублей).
*   Не стоит хранить ""подушку безопасности"" в валюте, так как это может привести к дополнительным рискам, связанным с изменением курса валют.
*   В целом, стратегия ""сберечь"" (то есть хранить деньги на депозите) наиболее адекватна для финансовой подушки безопасности из-за необходимости мгновенного доступа к средствам и минимизации рисков."
214,Как получить инвествычет через посредника при продаже бумаг?,"
К сожалению, в предоставленных документах нет информации о получении инвествычета через посредника при продаже бумаг. 

Однако, я могу предоставить общую информацию об инвествычете и о том, как он работает.

**Инвестиционный вычет** – это возможность вернуть часть денег, потраченных на инвестиции. Существует два типа инвестиционного вычета:

*   **Тип А:** Возврат 13% от суммы, внесенной на ИИС (индивидуальный инвестиционный счет). Максимальная сумма возврата – 52 000 рублей в год (максимальная сумма пополнения ИИС – 400 000 рублей).
*   **Тип Б:**  Возврат налога с прибыли от продажи ценных бумаг.

**Порядок действий для получения инвестиционного вычета (Тип Б):**

1.  **Продайте ценные бумаги на ИИС.**
2.  **Подайте налоговую декларацию 3-НДФЛ.** В декларации укажите доход от продажи ценных бумаг и сумму налога, которую вы хотите вернуть.
3.  **Предоставьте брокеру поручение на возврат налога.** Брокер подготовит необходимые документы и передаст их в налоговую инспекцию.
4.  **Получите возврат налога.** Налоговая инспекция перечислит вам сумму налога на указанный вами счет.

**Важно:**

*   Для получения инвестиционного вычета необходимо быть налоговым резидентом РФ.
*   Инвестиционный вычет можно получить только с доходов, полученных от продажи ценных бумаг на ИИС.
*   Сумма вычета ограничена суммой уплаченного налога.

**Рекомендую обратиться к финансовому специалисту или юристу для получения консультации по конкретному случаю и правильному оформлению документов для получения инвестиционного вычета.**
"
215,Где проверить легальность МФО перед оформлением «нуля»?,"
Прежде чем оформлять заем в МФО, крайне важно убедиться в ее легальности. Вот несколько способов это сделать:

1. **Проверьте государственный реестр МФО:** Убедитесь, что выбранная организация внесена в государственный реестр микрофинансовых организаций на сайте Банка России. Обратите внимание не только на название, но и на ОГРН, ИНН и адрес кредитора.
2. **Проверьте членство в СРО:** МФО обязана быть членом одной из саморегулируемых организаций (СРО) – «Микрофинансовый альянс» или СРО «МиР». Проверьте наличие организации в списках на сайтах этих СРО. Отсутствие в списках СРО – тревожный сигнал.
3. **Обратите внимание на маркировку в поисковиках:** При поиске МФО в «Яндекс» и Mail.ru обращайте внимание на синий кружок с галочкой рядом с названием сайта. Это означает, что сайт прошел проверку и является надежным. Если галочки нет, это не обязательно означает мошенничество, но требует повышенного внимания.
4. **Внимательно изучите сайт:** Проверьте адрес сайта МФО на предмет подозрительных изменений или опечаток. Мошенники часто копируют сайты легальных МФО, чтобы обмануть клиентов.
5. **Остерегайтесь комиссий:** Закон не позволяет МФО требовать комиссии за рассмотрение заявки на заем. Если вас просят оплатить комиссию до получения займа, это признак мошенничества.

В случае возникновения сомнений или столкновения с подозрительной деятельностью, обращайтесь в Банк России и полицию.
"
216,Как снизить риск оспаривания сделки при покупке вторичного жилья?,"
При покупке вторичного жилья существует риск оспаривания сделки, например, из-за неожиданно объявившихся наследников или супругов, имеющих права на недвижимость. Чтобы снизить этот риск, рекомендуется следующее:

1.  **Тщательная проверка документов продавца и прав собственности:** Убедитесь, что у продавца есть все необходимые документы, подтверждающие его право собственности. Если продавец получил квартиру по наследству, выясните, не было ли других наследников, которые могли бы оспорить сделку. Если собственник состоял в браке на момент покупки, узнайте, как были разделены права на недвижимость в случае развода.
2.  **Заказ выписки из Единого государственного реестра недвижимости (ЕГРН):** Эта выписка содержит информацию о текущем владельце, истории переходов права собственности и наличии обременений.
3.  **Проверка на наличие обременений:** Удостоверьтесь, что на квартире нет никаких обременений, таких как залог, арест или ограничение прав собственника. Если есть обременения, проконсультируйтесь с юристом, чтобы оценить риски.
4.  **Сравнение плана БТИ с фактическим состоянием квартиры:** Убедитесь, что фактическая планировка квартиры соответствует плану БТИ. Наличие неузаконенной перепланировки может стать причиной отказа в регистрации сделки или признания ее недействительной.
5.  **Дополнительный анализ документов:** Обратитесь к юристам агентства недвижимости для проведения дополнительной проверки документов.
6.  **Страхование титула:** Оформите полис титульного страхования, который защитит вас от потерь в случае признания сделки недействительной из-за юридических казусов.
7.  **Использование безопасных способов расчетов:** Привлеките к сделке надежного посредника, такого как нотариус или банк, который будет хранить деньги до перерегистрации недвижимости. Рассмотрите варианты расчетов через депозит нотариуса, банковскую ячейку, аккредитив, счет эскроу или номинальный счет дочерней компании банка.

В идеале, наиболее безопасным сценарием является покупка квартиры у одного совершеннолетнего владельца, который владеет недвижимостью более трех лет и имеет понятную историю объекта.

В случае покупки квартиры, которая ранее была приобретена в ипотеку, расчеты должны проходить через банк, у которого недвижимость находилась в залоге. Сначала будет погашен ипотечный кредит продавца, а затем он получит оставшуюся сумму.

В целом, чтобы минимизировать риски при покупке вторичного жилья, рекомендуется проявлять осторожность, тщательно проверять документы и при необходимости обращаться за консультацией к юристу или финансовому специалисту.
"
217,Где получить выписку о состоянии пенсионных накоплений?,"Выписку о состоянии пенсионных накоплений можно получить в следующих местах:

*   В отделении Социального фонда России (СФР).
*   На сайте Социального фонда России.
*   На портале «Госуслуги» (вкладка «Документы», раздел «Работа и пенсия», подраздел «Пенсионные накопления»).

В выписке будет указана информация о сумме накоплений, части денег, приходящейся на пенсионные взносы, и доходе от инвестиций. Также в выписке можно проверить, где именно хранятся ваши накопления – в СФР или в негосударственном пенсионном фонде (НПФ).

Если ваши деньги хранятся в НПФ, вы можете запросить отчет о сумме накоплений непосредственно в самом фонде.
"
218,Чем отличаются переводы по номеру телефона через СБП от платежей по реквизитам с номером 30101?,"
Переводы по номеру телефона через Систему быстрых платежей (СБП) и платежи по реквизитам с номером 30101 – это разные способы перевода денег, предназначенные для разных целей.

**Переводы через СБП:**

*   **Удобство:** Для перевода нужны только номер телефона получателя и название его банка. Не требуется вводить сложные реквизиты счета.
*   **Скорость:** Переводы осуществляются практически мгновенно, в течение нескольких секунд.
*   **Комиссия:** Переводы до 100 000 рублей в месяц без комиссии. При превышении лимита комиссия может составлять до 0,5% от суммы, но не более 1500 рублей.
*   **Назначение:** Предназначены для быстрых и удобных переводов между физическими лицами, а также для оплаты покупок в интернет-магазинах через QR-коды.

**Платежи по реквизитам с номером 30101:**

*   **Реквизиты:** Требуют указания полных банковских реквизитов получателя, включая номер счета, номер счета банка (корреспондентский счет) и БИК банка. Номер счета, начинающийся с ""30101"", указывает на счет организации в Центральном банке Российской Федерации (Банке России).
*   **Скорость:** Могут занимать несколько рабочих дней.
*   **Назначение:** Используются для более формальных платежей, например, для перечисления денег организациям или в бюджет.

**Ключевое отличие:** СБП ориентирована на удобство и скорость переводов между людьми, а платежи по реквизитам – на точность и соответствие формальным требованиям банковских операций.

Важно помнить, что счета, начинающиеся с ""30101"", теперь используются только Банком России для учета средств коммерческих банков. Отправлять деньги по таким реквизитам безопасно, но это не имеет отношения к переводам через СБП.
"
219,Чем накопительное страхование жизни отличается от инвестиционного с точки зрения гарантии дохода?,"Накопительное страхование жизни (НСЖ) и инвестиционное страхование жизни (ИСЖ) отличаются подходом к гарантии дохода.

**Накопительное страхование жизни (НСЖ)** в большинстве случаев гарантирует фиксированную доходность по полису. Она зависит от срока договора: чем он больше, тем выше доходность.  Страховщики гарантируют возврат полной суммы взносов, даже если инвестиции окажутся неудачными.

**Инвестиционное страхование жизни (ИСЖ)** имеет доходность, зависящую от результатов инвестирования средств страховщиком в различные финансовые инструменты (государственные ценные бумаги, акции, облигации и т.д.).  Доход может быть выше, чем по банковским вкладам, но есть риск и не заработать, и даже потерять часть вложенных средств. Страховщики также обычно гарантируют возврат не менее 95% вложений.

Таким образом, **НСЖ предлагает более предсказуемый, но обычно меньший доход**, в то время как **ИСЖ дает потенциально более высокую доходность, но сопряжен с большим риском**.
"
220,"Какие требования к страхованию залога при ипотеке, включая последствия перерыва в полисе?","Согласно предоставленной информации, вот что нужно знать о страховании залога при ипотеке:

**Требования к страхованию залога:**

*   **Обязательность:** По закону, вы обязаны застраховать недвижимость, которая является залогом по ипотеке, в пользу банка.
*   **Сумма страхового покрытия:** Обычно страховой полис должен покрывать недвижимость как минимум на сумму остатка долга по ипотеке.
*   **Срок действия:** Банки обычно требуют оформления полиса страхования на весь срок действия ипотечного кредита, однако возможно оформление полиса на год с дальнейшим продлением.

**Последствия перерыва в страховании:**

*   **Досрочное погашение кредита:** Если страхование залога перестанет действовать, банк имеет право потребовать досрочного погашения всего кредита, так как у него не будет гарантий возврата средств в случае потери недвижимости.
*   **Поиск нового страховщика:** Вы можете сменить страховую компанию, если текущая не устраивает вас, но новый полис должен соответствовать требованиям банка.
*   **Своевременное продление:** Важно не допускать перерыва в страховании.

**Важно:**

*   Банк обязан уведомить вас о необходимости страхования и предоставить информацию о требованиях к страховщику.
*   Вы можете выбрать страховую компанию самостоятельно, банк не имеет права навязывать вам конкретного страховщика.
*   Сохраняйте все документы, связанные со страхованием, включая полисы, квитанции об оплате и уведомления о продлении.



"
221,Как проверить легальность сервиса для кошелька по сравнению с финансовым маркетплейсом?,"Для проверки легальности сервиса кошелька по сравнению с финансовым маркетплейсом, следует обратить внимание на несколько ключевых моментов. 

**Финансовые маркетплейсы** – это платформы, которые агрегируют предложения от различных финансовых организаций (банков, страховых компаний, брокеров и т.д.). Они не предоставляют финансовые услуги напрямую, а лишь помогают пользователям сравнивать и выбирать наиболее подходящие варианты.

**Сервисы кошельков (платежные системы)** предоставляют услуги по хранению и переводу денежных средств.

**Как проверить легальность:**

1.  **Наличие в реестре Банка России:**
    *   **Для сервисов кошельков:** Убедитесь, что компания, предоставляющая услуги кошелька, имеет лицензию на осуществление платежных услуг. Проверить наличие лицензии можно на сайте Банка России: [https://www.cbr.ru/](https://www.cbr.ru/).
    *   **Для финансовых маркетплейсов:** Важно убедиться, что сам маркетплейс, через который вы пользуетесь услугами, состоит в реестре Банка России. В реестре указаны не только названия маркетплейсов, но и адреса их сайтов.
2.  **Проверка сайта:**
    *   Внимательно проверяйте адрес сайта в строке браузера. Убедитесь, что это официальный сайт, а не подделка.
    *   Официальные сайты лицензированных форекс-дилеров (если речь идет о финансовых операциях, связанных с рынком Forex) помечены галочкой в синем кружке в поисковых системах Яндекс и Mail.ru.
3.  **Реквизиты и документы:**
    *   Внимательно изучите документы (договор, условия использования), прежде чем заключать сделку или переводить деньги.
    *   Проверьте, совпадают ли данные компании, указанные на сайте, в договоре и в реестре Банка России (если применимо).
4.  **Осторожность и здравый смысл:**
      *   Будьте особенно внимательны к предложениям, которые кажутся слишком хорошими, чтобы быть правдой.
      *   Не торопитесь с принятием решения и проконсультируйтесь с юристом или финансовым специалистом, если у вас есть какие-либо сомнения.

**Ключевое отличие:** Финансовый маркетплейс является посредником, в то время как сервис кошелька предоставляет финансовые услуги напрямую. Поэтому, для последнего особенно важно наличие лицензии Банка России.

В случае сомнений или возникновения подозрений на мошенничество, обратитесь в полицию.

**Важно:** Если информации в контексте недостаточно для вашего конкретного случая, рекомендуется обратиться к юристу или финансовому специалисту за консультацией."
222,"Какие платежи лучше проводить с расчетного счета, чтобы снизить риск блокировки?","
Чтобы снизить риск блокировки счета, рекомендуется проводить все услуги и налоги, связанные с бизнесом, именно с расчетного счета. Это демонстрирует, что компания является реально действующей организацией с прозрачным бизнесом, а не однодневкой или подставным юрлицом.

Не стоит использовать личные карты, привязанные к частным счетам, для оплаты по бизнесу, так как это может вызвать подозрения в сокрытии части операций от контроля.

Важно также помнить о других рекомендациях, чтобы избежать блокировок:

*   **Оперативно сообщайте банку обо всех изменениях** в вашей компании (ОКВЭД, учредители, директор, адрес).
*   **Не дробите бизнес на множество фирм и ИП**, так как это может быть расценено как попытка занижения налоговой базы.
*   **Раскрывайте полную информацию** в платежных документах, указывая конкретное назначение платежа (за какие товары, работы или услуги, по какому договору, есть ли НДС). Попросите об этом же своих контрагентов.

В случае, если банк все же счел ваши операции подозрительными и хочет закрыть счет, и вы не попали в зону риска на платформе ЗСК, банк обязан вернуть вам все деньги без комиссий и штрафов.
"
223,Где проверить легальность финансовой организации перед вложением денег?,"Прежде чем доверять организации свои деньги, необходимо тщательно ее проверить. Вот основные шаги:

1.  **Проверка в реестрах Банка России:** Убедитесь, что финансовая организация (брокер, инвестиционный консультант, кредитный потребительский кооператив и т.д.) внесена в реестр Банка России. Банк России контролирует деятельность таких организаций. Если организации нет в реестре, она работает нелегально. Важно помнить, что не все компании обязаны быть в реестрах Банка России, например, нефинансовые компании, привлекающие инвесторов напрямую, и некоторые виды кооперативов.
2.  **Проверка в списке сомнительных организаций:** Банк России публикует список компаний и интернет-проектов с признаками финансовых пирамид. Проверьте, нет ли интересующей вас компании в этом списке на сайте Банка России.
3.  **Проверка в ЕГРЮЛ:** Изучите информацию о компании в Едином государственном реестре юридических лиц (ЕГРЮЛ) на сайте Федеральной налоговой службы (ФНС). Обратите внимание на дату регистрации (не должна быть совсем недавней), размер уставного капитала (желательно не минимальный) и основной вид деятельности (должен соответствовать предлагаемым услугам).
4.  **Изучение отзывов:** Почитайте отзывы о компании в Интернете, но будьте осторожны с однотипными хвалебными отзывами, они могут быть фальшивыми.
5.  **Анализ документов:** Внимательно изучите договор и другие документы, сравнивая указанные в них данные с информацией из реестров Банка России и ФНС.

Если речь идет о **микрофинансовой организации (МФО)**, необходимо:

*   Убедиться, что она входит в государственный реестр МФО.
*   Сверить ОГРН, ИНН и адрес кредитора с данными в реестре.
*   Обратить внимание на наличие специальной маркировки (галочки в кружке) на сайте организации в поисковых системах Яндекс и Mail.ru.

Если речь идет о **кооперативе**:

*   Проверьте полное название организации в ЕГРЮЛ.
*   Убедитесь, что кооператив не находится в списке подозрительных организаций на сайте Банка России.
*   Внимательно изучите устав и договор участника.

Если речь идет о **банке**:

*   Проверьте наличие лицензии и официальные контакты на сайте Банка России.
*   Убедитесь, что банк входит в систему страхования вкладов.
*   Изучите финансовую отчетность банка (прибыль, активы, нормативы достаточности капитала и ликвидности).

В любом случае, не торопитесь с принятием решения и при необходимости проконсультируйтесь с юристом или финансовым специалистом.
"
224,"Каков минимальный срок «периода охлаждения» для обычных добровольных страховок, полисов, оформленных через банк вместе с кредитом, а также для договоров инвестиционного или накопительного страхования жизни?","Минимальный срок ""периода охлаждения"" зависит от вида страховки:

*   **Обычные добровольные страховки:** 14 дней.
*   **Страховки, оформленные вместе с кредитом или займом:** 30 дней.
*   **Полисы инвестиционного или накопительного страхования жизни,** в которые вложено меньше 1,5 млн рублей:
    *   Разовый платеж – 30 дней.
    *   Регулярные платежи – до третьего взноса, но не менее 4 недель.

Стоит помнить, что страховые компании могут устанавливать и более длительные сроки возврата денег по своей инициативе. Условия периода охлаждения всегда прописаны в договоре страхования или дополнительных соглашениях к нему.
"
225,Куда жаловаться при нарушениях со стороны НПФ или страхового посредника?,"Если вы считаете, что страховой посредник нарушил ваши права, в первую очередь сообщите о своих претензиях страховой компании, с которой он сотрудничает. Страховщики обязаны отвечать за действия своих представителей. Также можно отправить претензию непосредственно страховому брокеру.

Финансовые организации обязаны реагировать на запросы клиентов в течение 15 рабочих дней. Если ответа не будет или он вас не устроит, обратитесь в Банк России. В случае серьезных нарушений регулятор может отозвать лицензию у компании или брокера.

Кроме того, вы можете обратиться к финансовому омбудсмену для решения денежных споров до суда, например, если агент завысил стоимость полиса.

В случае проблем с НПФ или страховой компанией, если они нарушают правила договора, можно обратиться к финансовому уполномоченному. Его решения обязательны для исполнения компаниями, как и решения суда. Если компания отказывается оформлять полис обязательного страхования (ОМС, ОСАГО), жалуйтесь в Банк России.

Если вас не устраивает работа страховой компании, начните с письменной претензии. Если ответа нет в течение 15 рабочих дней или ответ вас не устраивает, подайте жалобу в Банк России. В случае споров по ОСАГО или занижения суммы выплаты, обращайтесь к финансовому омбудсмену.
"
226,Как ДСАГО влияет на необходимость доплаты виновником при крупном ущербе?,"ДСАГО (добровольное страхование автогражданской ответственности) создано для того, чтобы снизить финансовые риски виновника ДТП в случае, если ущерб превышает лимит выплат по ОСАГО. 

**Вот как это работает:**

*   **ОСАГО:** Максимальная выплата по ОСАГО составляет 400 000 рублей (в некоторых случаях может быть меньше – 200 000 или 100 000 рублей). Если ущерб превышает эту сумму, пострадавший может требовать доплату с виновника ДТП.
*   **ДСАГО:** ДСАГО дополняет ОСАГО. Вы сами определяете сумму покрытия по ДСАГО, которая может достигать 30 миллионов рублей. Если выплата по ОСАГО недостаточна, страховая компания по договору ДСАГО выплатит разницу, но в пределах выбранной вами суммы покрытия.

**Таким образом, ДСАГО влияет на необходимость доплаты виновником при крупном ущербе следующим образом:**

*   **Без ДСАГО:** Если ущерб превышает лимит ОСАГО, виновник должен будет доплачивать разницу из своих средств.
*   **С ДСАГО:** Если у виновника есть полис ДСАГО с достаточным покрытием, страховая компания по ДСАГО выплатит недостающую сумму, и виновнику не придется доплачивать.

**Пример:**

Допустим, виновник ДТП нанес ущерб на 750 000 рублей. Лимит ОСАГО – 400 000 рублей.

*   **Без ДСАГО:** Виновник должен доплатить 350 000 рублей.
*   **С ДСАГО (покрытие 500 000 рублей):** Страховая компания по ОСАГО выплатит 400 000 рублей, а страховая компания по ДСАГО – 100 000 рублей. Виновник не будет доплачивать.
*   **С ДСАГО (покрытие 750 000 рублей и более):** Страховая компания по ОСАГО выплатит 400 000 рублей, а страховая компания по ДСАГО – 350 000 рублей. Виновник не будет доплачивать.

**Важно помнить:**

*   Полис ДСАГО не является обязательным, но может значительно снизить ваши финансовые риски в случае ДТП с крупным ущербом.
*   При выборе полиса ДСАГО важно определить оптимальную сумму покрытия, исходя из ваших финансовых возможностей и потенциальных рисков.

Если у вас есть конкретная ситуация, требующая юридической консультации, рекомендуется обратиться к юристу или финансовому специалисту."
227,Какие ограничения действуют для неквалифицированных инвесторов при покупке акций и паев закрытых ПИФов?,"Для неквалифицированных инвесторов действуют определенные ограничения при покупке акций и паев закрытых ПИФов.

**Акции:** Неквалифицированные инвесторы могут покупать акции российских и иностранных компаний из котировальных списков, а также акции зарубежных компаний, входящие в расчет известных биржевых индексов из перечня Банка России. Однако с 1 января 2025 года доступ к бумагам иностранных эмитентов ограничен странами ЕАЭС.

**Паи закрытых ПИФов:**
*   Покупка паев закрытых ПИФов, как правило, доступна только квалифицированным инвесторам.
*   Неквалифицированным инвесторам для вложения в паи таких ПИФов необходимо пройти тестирование.
*   Однако, если «неквал» уже покупал паи таких ЗПИФов до 1 октября 2021 года, тестирование не понадобится.

В целом, для неквалифицированных инвесторов закон предусматривает доступ к более простым и менее рискованным инструментам. Если инвестор хочет торговать более сложными инструментами, необходимо пройти тестирование для подтверждения знаний и опыта. Однако даже после прохождения теста, доступ к некоторым активам, предназначенным исключительно для квалифицированных инвесторов, останется закрытым.
"
228,Чем отличается ДСАГО от каско по объекту защиты?,"ДСАГО и каско защищают разные объекты.

**Каско** защищает *интересы владельца* транспортного средства. Это значит, что если вы сами стали виновником ДТП и ваш автомобиль пострадал, каско возместит этот ущерб.

**ДСАГО** защищает от *имущественных интересов третьих лиц*, пострадавших по вашей вине. Если вы повредите чужой автомобиль, платить будет страховая компания, выпустившая ваш полис ДСАГО, а не вы лично.

Таким образом, каско защищает ваш автомобиль, а ДСАГО – чужое имущество, которое вы можете повредить. ДСАГО дополняет ОСАГО и начинает действовать, когда выплат по ОСАГО недостаточно для компенсации ущерба пострадавшим. Сумму покрытия по ДСАГО вы можете выбрать сами, до 30 млн рублей.
"
229,Чем отличается ответственность эмитента по облигациям от акций?,"
У эмитентов облигаций и акций разная ответственность перед инвесторами.

**В случае выпуска облигаций** компания обязана по графику выплачивать купонный доход и в момент погашения — основной долг, то есть номинал ценной бумаги. Если у эмитента оказывается недостаточно денег на запланированный платеж, возможны два варианта.

Когда финансовые трудности временные, и компания рассчитывает в ближайшем будущем поправить свое положение, у нее есть шанс договориться с держателями облигаций о реструктуризации задолженности. То есть изменить график выплат — отложить, временно уменьшить или растянуть их. В таком случае компания продолжает работать.

Но если выхода из финансового кризиса не предвидится или прийти к согласию с инвесторами не удается, эмитент обязан объявить дефолт. Биржа немедленно прекращает торги его ценными бумагами. Затем, как правило, начинается процедура банкротства. Инициировать ее могут как раз владельцы облигаций.

Если у вас есть гарантии или поручительства Корпорации МСП, она погасит за вас большую часть долга перед инвесторами. В такой ситуации банкротства, скорее всего, можно будет избежать.

**В случае выпуска акций** эмитент не обязан что-то платить инвесторам. Они получат деньги, только если собрание акционеров решит потратить часть прибыли компании на дивиденды. При этом, как правило, контрольный пакет акций находится у владельцев компании — и они соглашаются на выплаты, только когда это не мешает развитию бизнеса.

Такой вариант выгоднее для вас, но гораздо более рискован для инвесторов. Именно поэтому привлечь покупателей акций гораздо сложнее. Как правило, это удается лишь успешным и публичным компаниям, у которых уже есть опыт выхода на фондовый рынок с облигациями.
"
230,Как меняется лимит возмещения по ремонту авто при европротоколе без фотофиксации по сравнению с оформлением через ГИБДД?,"При оформлении ДТП по европротоколу без фотофиксации лимит возмещения значительно снижается по сравнению с оформлением через ГИБДД. Давайте рассмотрим детали:

*   **При оформлении через ГИБДД:** Максимальный размер возмещения составляет **400 000 рублей** как за ущерб автомобилю, так и за вред жизни и здоровью.
*   **При оформлении по европротоколу без фотофиксации:** Возмещение составит всего **100 000 рублей**.

Таким образом, разница в максимальной сумме выплат может достигать 300 000 рублей. Это означает, что в случае более серьезных повреждений автомобиля, при оформлении европротокола без фотофиксации, вам придется доплачивать из своего кармана, чтобы покрыть все расходы на ремонт.

В контексте также говорится, что при отсутствии фотофиксации, страховщик может вообще отказать в выплате, если у водителей есть разногласия.

Поэтому, если повреждения выглядят серьезными или есть сомнения в возможности договориться со вторым участником ДТП, рекомендуется отказаться от европротокола и вызвать сотрудников ГИБДД для оформления аварии. Это позволит вам претендовать на максимальную сумму возмещения в размере 400 000 рублей."
231,Как обезопасить себя на случай утери векселя?,"В случае утери векселя, вам придется доказывать в суде, что он действительно был выдан. В качестве доказательства можно предоставить договор купли-продажи векселя.

Чтобы обезопасить себя, рекомендуется:

*   **Хранить вексель в надежном месте.**
*   **Сохранять копию договора купли-продажи векселя.**
*   **При возможности, оформлять вексель в электронном виде (если это предусмотрено законодательством и соглашением сторон).**
*   **Подключить мобильный банк, чтобы отследить операции, которые вы не совершали.**
*   **Не храните крупные суммы денег на карте, которую вы носите с собой и используете для повседневных трат.**
*   **Расскажите пожилым родственникам об уловках мошенников — именно они чаще всего становятся мишенью злоумышленников.**

Стоит помнить, что в случае утери векселя, процедура взыскания долга через суд может быть более сложной, чем при наличии оригинала векселя. Поэтому важно быть максимально внимательным и осторожным при обращении с этим ценным документом."
232,"Кто защищает клиентов при проблемах банка, а кто при отзыве лицензии у страховщика?","При проблемах с банком и при отзыве лицензии у страховщика задействованы разные организации-защитники клиентов.

**При проблемах с банком:**

*   Защита клиентов в случаях недобросовестной деятельности или финансовых проблем банка осуществляется путем **отзыва лицензии**. Это мера, направленная на защиту вкладчиков, когда у банка почти не осталось собственных средств, он не выдает деньги с вкладов, не проводит платежи и т.д.

**При отзыве лицензии у страховщика:**

*   Если страховщик не может выполнить свои обязательства, к управлению приходит **Агентство по страхованию вкладов (АСВ)**. АСВ в течение 45 дней обязуется расторгнуть все договоры и вернуть деньги клиентам в течение шести месяцев, если это предусмотрено договорами.
*   В случае, если компания прекращает деятельность по собственному желанию, она должна **урегулировать все отношения с клиентами** (либо дождаться окончания срока действия полисов, либо предложить досрочное расторжение с возвратом части денег, либо передать договоры другому страховщику). Банк России, как правило, не разрешает уход с рынка, пока отношения с клиентами не урегулированы.
*   Если у страхового посредника (агента или брокера) есть нарушения, можно обратиться в **страховую компанию (в случае с агентом)** или напрямую к **брокеру** с претензией.
*   Также можно обратиться в **Банк России** или к **финансовому омбудсмену** для разрешения споров.
*   При невыплате страхового возмещения, можно обратиться к **финансовому уполномоченному**.

В заключение, при проблемах с банком ключевым защитником является Банк России, принимающий решение об отзыве лицензии, и АСВ, осуществляющий выплаты вкладчикам. При проблемах со страховщиком существует более широкий спектр инструментов защиты и задействованных организаций, включая АСВ, Банк России, финансового омбудсмена и финансового уполномоченного."
233,Где надежнее сохранить деньги при отзыве лицензии банка: в векселе или при расчетах через банковскую ячейку?,"При отзыве лицензии банка, **гораздо надежнее сохранить деньги при расчетах через банковскую ячейку**, чем в векселе.

**Почему банковская ячейка надежнее:**

*   **Полное возмещение:** При отзыве лицензии банка деньги, находящиеся в банковской ячейке, можно забрать полностью, без каких-либо лимитов.
*   **Независимость от финансового состояния банка:** Деньги в ячейке не учитываются в общей сумме активов банка и не подвержены риску быть потерянными при его банкротстве.

**Почему вексель менее надежен:**

*   **Отсутствие страхования:** Вексели не застрахованы государственной системой страхования вкладов.
*   **Риск потери средств:** В случае отзыва лицензии у банка-эмитента векселя, вероятность получения выплаты по векселю крайне мала, так как векселедержатели относятся к последней очереди кредиторов.
*   **Ограниченная ликвидность:** Вексель нельзя погасить до указанного срока, что может создать проблемы в случае срочной необходимости в деньгах.

**Важно:**

*   Для максимальной безопасности при использовании банковской ячейки лучше заключить **договор ответственного хранения**, а не договор аренды. В этом случае банк несет ответственность за сохранность содержимого ячейки и проведет опись имущества.
*   При заключении договора аренды рассмотрите возможность **отдельного страхования** имущества, хранящегося в ячейке.

Таким образом, в ситуации отзыва лицензии банка, банковская ячейка предоставляет гораздо более надежный способ сохранения ваших средств, чем вексель.
"
234,"Как при разводе делят жилье и долг по семейной ипотеке, если взнос был из маткапитала","
При разводе, если жилье было приобретено с использованием материнского капитала, и оформлена семейная ипотека, процесс раздела имеет свои особенности. Вот как это происходит:

**1. Общие принципы раздела имущества:**

*   **Совместно нажитое имущество:** Если недвижимость была приобретена в браке, то по умолчанию считается совместно нажитым имуществом и делится между супругами пополам, даже если оформлена только на одного из них.
*   **Общие долги:** Долги по ипотеке, даже если кредит брал один супруг, также делятся поровну.

**2. Особенности раздела при использовании материнского капитала:**

*   **Невозможность продажи до погашения ипотеки:** До полного погашения ипотечного кредита продать недвижимость, купленную с использованием материнского капитала, не получится.
*   **Выделение долей детям:** После погашения ипотеки и снятия обременения с жилья необходимо выделить доли в собственности детям и зарегистрировать их в Росреестре. Только после этого органы опеки дадут согласие на продажу недвижимости.
*   **Размер детских долей:** Закон не устанавливает конкретный размер детских долей. Однако, при разделе имущества через суд определяется, какая часть площади квартиры была оплачена материнским капиталом, и эта часть делится между детьми и родителями поровну. Остальная часть распределяется между супругами.
    *   **Пример:** Если материнский капитал составил 12% от стоимости квартиры, то при разводе эти 12% площади могут быть разделены между Ольгой, Иваном и их дочерью в равных долях (по 4% каждому). Остальные 88% будут поделены между супругами в соответствии с их долями в совместно нажитом имуществе.

**3. Варианты раздела по соглашению сторон:**

*   **Переоформление кредита и недвижимости:** Один из супругов может отказаться от своей доли в жилье и долге, если второй согласен взять ипотечный кредит на себя. При этом первый супруг может претендовать на компенсацию половины выплаченных взносов за время брака.
*   **Выделение долей и разделение кредита:** Определяются доли в недвижимости, и каждый супруг оформляет свой кредитный договор с банком. Важно, чтобы жилье оставалось в собственности до полного погашения обоих кредитов.
*   **Досрочное погашение и продажа:** Если остаток по кредиту небольшой, можно досрочно погасить долг, а затем продать жилье и разделить вырученные деньги пропорционально долям.
*   **Продажа заложенной квартиры:** По соглашению с банком жилье выставляется на продажу, долг погашается из вырученных средств, а остаток делится между супругами.

**4. Важные моменты:**

*   **Согласование с банком:** Любые сделки с ипотечным жильем требуют согласования с банком.
*   **Риски при невыполнении обязательств:** Если один из супругов не сможет выполнять платежи по кредиту, банк может выставить его долю на торги.
*   **Срок исковой давности:** Если раздел имущества не был оформлен сразу после развода, то оспорить его можно в течение трех лет.

**Рекомендации:**

*   **Брачный договор:** Наличие брачного договора значительно упрощает процесс раздела имущества.
*   **Соглашение с банком:** Необходимо заранее обсудить с банком варианты раздела ипотечного жилья.
*   **Юридическая консультация:** В сложных случаях рекомендуется обратиться к юристу или финансовому специалисту для получения квалифицированной помощи. Особенно это актуально при наличии материнского капитала, так как необходимо учитывать интересы детей.
"
235,"Какие госгарантии предусмотрены для средств пайщиков КПК, а также для взносов в ЖНК?","
В отношении средств пайщиков КПК государственные гарантии ограничены. КПК не входят в государственную систему страхования вкладов, поэтому пайщики должны самостоятельно следить за финансовым состоянием кооператива.

Однако, все КПК (кроме сельскохозяйственных) обязаны делать отчисления в компенсационный фонд саморегулируемой организации (СРО) – 0,2% от среднегодовых активов. В случае банкротства КПК, пайщики могут получить до 5% средств компенсационного фонда, пропорционально своей доле в кооперативе. Сельскохозяйственные КПК могут не делать такие отчисления, и в этом случае возмещение в случае банкротства не гарантировано.

Многие КПК также страхуют привлеченные деньги в страховых компаниях и обществах взаимного страхования, но риск потери сбережений все же остается.

Что касается ЖНК (жилищно-накопительных кооперативов), то **взносы пайщиков не застрахованы государством**. Если ЖНК обанкротится, участники вряд ли получат назад все свои вложения.

В обоих случаях, учитывая отсутствие полной государственной гарантии, рекомендуется тщательно изучать деятельность кооператива, его финансовое состояние и принимать осознанные решения. В случае возникновения сомнений или сложных ситуаций, рекомендуется обратиться к юристу или финансовому специалисту для получения квалифицированной консультации.
"
236,Когда имеет смысл жаловаться в Банк России по проблеме с финансовой организацией?,"
Вам следует жаловаться в Банк России в следующих случаях, связанных с финансовыми организациями:

* **Нарушение закона финансовой организацией:** Если компания нарушает закон, например, отказывается оформлять ОСАГО при наличии всех необходимых данных. Банк России обяжет организацию устранить нарушение, может наложить штраф или отозвать лицензию.
* **Проблемы с банками, страховыми компаниями, МФО, КПК, ЖНК, СКПК, ломбардами, НПФ, АИФ, управляющими компаниями, брокерами, доверительными управляющими, форекс-дилерами, регистраторами, депозитариями, инвестиционными советниками, биржами и бюро кредитных историй.** Банк России осуществляет надзор за этими организациями.
* **Невыполнение обязательств или предоставление некачественных услуг:** Если банк отказывается выдавать кредит без страховки, пытается навязать страховку, не отвечает на претензии в течение 15-25 рабочих дней или дает формальный ответ.
* **Проблемы с краудинвестинговыми площадками:** Банк России контролирует работу инвестиционных платформ.
* **Подозрительные финансовые операции:** Если вы стали жертвой мошенников, Банк России расследует ситуацию и передает информацию в полицию и прокуратуру.

**Важно:** Банк России не выплачивает компенсации, но рассматривает жалобы и принимает меры для защиты прав потребителей.

**Дополнительные советы:**

*   Прежде чем обращаться в Банк России, попробуйте уладить проблему напрямую с финансовой организацией.
*   При подаче жалобы приложите все имеющиеся документы, подтверждающие вашу позицию.
*   В некоторых случаях может потребоваться обратиться в другие ведомства, такие как Роспотребнадзор, ФАС или финансовый омбудсмен.
*   Если вы не уверены, куда обратиться, проконсультируйтесь со специалистами Банка России через чат приложения «ЦБ Онлайн» или по телефону горячей линии.
*   В сложных случаях рекомендуется обратиться к юристу или финансовому специалисту.
"
237,Что использовать для покрытия неожиданных трат?,"Для покрытия неожиданных трат рекомендуется использовать финансовую подушку безопасности. 

**Что это такое?**

Финансовая подушка безопасности – это своего рода резервный фонд, который поможет пережить финансовые трудности, например, временную потерю дохода или необходимость в срочных расходах.

**Как создать финансовую подушку безопасности?**

*   **Откладывайте часть дохода каждый месяц:** рекомендуется откладывать хотя бы 15% от зарплаты.
*   **Храните деньги на депозите в банке:** это позволит не только сохранить сбережения, но и получать проценты, компенсирующие инфляцию. Депозиты застрахованы государством, что повышает их надежность.
*   **Размер подушки:** В идеале, размер финансовой подушки должен составлять от трех до шести среднемесячных доходов вашей семьи.

**Альтернативные варианты:**

Вместо депозита можно использовать вклад до востребования или с возможностью частичного снятия. 

**Примеры из жизни:**

*   Если у вас временно перестали давать карманные деньги или пропала подработка, финансовая подушка поможет вам продолжить оплачивать необходимые расходы, такие как обеды в школе или транспорт.
*   В случае сокращения на работе или возникновения форс-мажорных обстоятельств, запас денег позволит вам избежать серьезных финансовых проблем.

Создание финансовой подушки безопасности – это важный шаг к финансовой стабильности и уверенности в будущем.
"
238,Почему переводы через СБП по номеру телефона упрощают межбанковские расчеты?,"Переводы через Систему быстрых платежей (СБП) по номеру телефона упрощают межбанковские расчеты по нескольким причинам:

*   **Удобство и простота:** Для перевода нужно знать только номер телефона получателя и название его банка, что значительно проще, чем запоминать и правильно вводить полные реквизиты счета или номер карты. Это снижает вероятность ошибок и ускоряет процесс.
*   **Скорость:** Переводы через СБП осуществляются практически мгновенно, в то время как обычные межбанковские переводы могут идти несколько рабочих дней.
*   **Доступность:** СБП доступна клиентам многих банков, что делает ее удобным инструментом для переводов между разными банками. Список банков-участников СБП можно найти на сайте Национальной системы платежных карт.
*   **Безопасность:**  При оплате по QR-коду через СБП не нужно вводить реквизиты на сайте, что снижает риск мошенничества.
*   **Лимиты и комиссии:**  При переводах через СБП установлены лимиты и комиссии, которые могут быть более выгодными, чем при использовании других способов межбанковских переводов. До 100 000 рублей в месяц переводы бесплатны.
*   **Бизнес-переводы:** С 1 января компании и предприниматели могут мгновенно переводить средства друг другу через СБП, что значительно ускоряет расчёты между организациями.

В целом, СБП упрощает и ускоряет межбанковские переводы, делая их более доступными и удобными для широкого круга пользователей.  
"
239,"Куда подавать заявку на продажу заблокированных активов, находящихся в паях ПИФа, с учетом доступности управляющих компаний на финансовых маркетплейсах?","Если у вас есть паи с заблокированными бумагами, заявку на продажу необходимо подать в **управляющую компанию (УК) фонда**. 

Вам нужно только подать в УК заявку на продажу.  УК сама определит, какие из паев можно выставить на торги, и посчитает их стоимость.

Что касается доступности УК на финансовых маркетплейсах, то это может упростить процесс подачи заявки, если ваша УК представлена на таком маркетплейсе. В этом случае вы сможете подать заявку онлайн через платформу маркетплейса. Однако, даже если УК не представлена на маркетплейсе, вы все равно можете подать заявку напрямую в УК (через ее сайт, по телефону или лично).

**Важно:**

*   Передумать и отозвать заявление нельзя.
*   Если сумма заблокированных активов превышает 100 000 рублей, УК определит, какие паи выставить на торги.
*   Учитывайте, что доходы по амортизированным ЗПИФам (ЗПИФ-А) предсказать сложно, поэтому новичкам на фондовом рынке не рекомендуется в них инвестировать.

Если у вас возникнут дополнительные вопросы или вам потребуется консультация по конкретной ситуации, рекомендуется обратиться к финансовому специалисту или юристу."
240,Можно ли торговать на бирже без брокера?,"Нет, торговать на бирже без брокера невозможно. Брокер выступает посредником между инвестором и эмитентом (компанией, чьи ценные бумаги вы планируете купить). Брокер должен иметь лицензию Банка России для работы на фондовом рынке.

Процесс инвестирования через брокера включает следующие шаги:

1.  **Заключение договора о брокерском обслуживании:** Важно внимательно изучить тарифы и условия договора.
2.  **Открытие брокерского счета и счета депо:** На брокерский счет вы помещаете деньги для инвестиций, а счет депо используется для учета ваших ценных бумаг.
3.  **Подача поручений брокеру:** Вы даете брокеру указания о покупке или продаже финансовых инструментов.
4.  **Комиссии и налоги:** Брокер взимает комиссию за свои услуги, а также с прибыли от инвестиций нужно платить налог на доходы физических лиц (НДФЛ).
5.  **Пополнение и вывод средств:** Вы можете пополнять брокерский счет и выводить с него деньги.

Торговля вне биржи также возможна, но связана с повышенными рисками, так как цены могут отличаться от рыночных, а надежность компаний, чьи ценные бумаги вы покупаете, не проверяется биржей. Поэтому рекомендуется торговать через лицензированного брокера, который обеспечит безопасность и прозрачность сделок.
"
241,"Как разместить подушку безопасности, чтобы она была защищена и без сюрпризов по условиям?","Для создания финансовой подушки безопасности рекомендуется разместить ее на депозите в банке. Это позволит не только сохранить ваши сбережения, но и получать проценты, компенсирующие потери от инфляции. 

**Вот несколько моментов, которые стоит учитывать:**

*   **Вклад до востребования или с возможностью частичного снятия:** Это обеспечит вам быстрый доступ к средствам в экстренной ситуации.
*   **Надежный банк:** Выбирайте банк с хорошей репутацией и устойчивым финансовым положением.
*   **Страхование вкладов:** Убедитесь, что ваш вклад застрахован государством. Это гарантирует возврат ваших средств в случае банкротства банка (в пределах установленной суммы страхования).
*   **Размер подушки безопасности:** Рекомендуется отложить от трех до шести среднемесячных доходов вашей семьи.
*   **Регулярное пополнение:** Старайтесь каждый месяц откладывать часть зарплаты, например, 15%, чтобы постепенно увеличивать размер вашей финансовой подушки.

В целом, размещение финансовой подушки безопасности на банковском вкладе – это надежный и удобный способ защитить ваши сбережения и обеспечить себе финансовую стабильность в непредвиденных ситуациях.

**Важно:** Если у вас есть вопросы, касающиеся выбора конкретного банковского продукта или размера финансовой подушки безопасности, исходя из вашей индивидуальной ситуации, рекомендуется обратиться к финансовому специалисту или юристу."
242,Как многодетной семье сократить расходы на музеи во время отдыха?,"Многодетным семьям есть несколько способов сократить расходы на посещение музеев во время отдыха:

*   **Бесплатное посещение федеральных музеев, парков и выставок:** Многодетные семьи в России могут бесплатно посещать федеральные музеи, парки и выставки. Не забудьте взять с собой документы, подтверждающие ваш статус многодетной семьи.
*   **Льготные дни:** Многие музеи выделяют определенный день месяца для льготного посещения, в том числе для многодетных семей. Уточняйте эту информацию на сайтах музеев или в информационных центрах для туристов.
*   **Скидки:** Государственные и частные культурные заведения нередко предоставляют скидки многодетным семьям. Всегда спрашивайте о возможности получения скидки при покупке билетов.
*   **Бесплатные экскурсии:** Во многих городах проводятся бесплатные обзорные экскурсии, о которых можно узнать в информационных центрах для туристов.
*   **Дни свободного посещения:** Некоторые музеи устраивают дни свободного посещения для всех желающих.

Помните, что для подтверждения льгот вам могут потребоваться документы, подтверждающие ваш статус многодетной семьи."
243,Почему повторяются финансовые пузыри?,"Финансовые пузыри и пирамиды повторяются из-за нескольких причин. Во-первых, люди склонны к жадности и желанию быстро разбогатеть. Мошенники пользуются этими желаниями, обещая высокую доходность без особых усилий. Во-вторых, люди часто не обладают достаточными финансовыми знаниями и не понимают рисков, связанных с инвестициями. Они доверяют обещаниям и рекламе, не проводя должной проверки. В-третьих, финансовые пирамиды постоянно эволюционируют и маскируются под различные формы организаций, что затрудняет их распознавание.

В частности, в настоящее время финансовые пирамиды могут скрываться под видом инвестиционных предприятий, предлагающих акции, облигации, криптовалюту или другие активы, обещая сверхприбыль. Также они могут маскироваться под управляющие компании, потребительские кооперативы или даже букмекерские конторы. Важно помнить, что мошенники изобретательны и постоянно придумывают новые способы обмана.

Если вам предлагают инвестировать в что-то, что кажется слишком хорошим, чтобы быть правдой, будьте осторожны. Проведите тщательную проверку компании и ее предложений. Проверьте, имеет ли компания лицензию на осуществление инвестиционной деятельности. Обратите внимание на прозрачность информации о компании и ее деятельности. Если вам что-то неясно или вызывает сомнения, лучше отказаться от инвестиций.

В случае, если вы уже стали жертвой финансовой пирамиды, не стоит полагаться на обещания мошенников о ""компенсации"", так как это может привести к дальнейшей потере денег. Обратитесь в правоохранительные органы и подготовьте все имеющиеся у вас документы, связанные с этим мошенничеством.

Для более детальной оценки конкретной ситуации и получения квалифицированной помощи рекомендуется обратиться к юристу или финансовому специалисту."
244,Как технологии меняют финансовые услуги по мнению авторов подборок?,"
Авторы подборок книг отмечают, что технологии меняют мир вокруг нас, и финансовые услуги не исключение. Они подчеркивают, что технологии позволяют решать финансовые вопросы дистанционно, не выходя из дома, через мобильные приложения и сайты банков и других организаций. 

Вот как это проявляется:

*   **Доступность:** Финансовые маркетплейсы предоставляют доступ к множеству банков и финансовых организаций, даже если в вашем городе мало их офисов.
*   **Удобство:** Возможность сравнивать предложения по кредитам, вкладам, страховке и другим финансовым продуктам онлайн, экономя время и силы.
*   **Дистанционное обслуживание:** Оплата услуг, пополнение счетов, отслеживание баланса и другие операции можно выполнять удаленно.
*   **Автоматизация:** Подключение автоплатежей для регулярных счетов (связь, коммунальные услуги и т.д.).
*   **Прозрачность:** С 2024 года кредиторы обязаны включать все дополнительные услуги в ПСК (полную стоимость кредита), что помогает заемщикам понимать, за что они переплачивают.

Авторы также напоминают о важности кибербезопасности при использовании онлайн-сервисов и рекомендуют быть внимательными к фишинговым сайтам и использовать сложные пароли.
"
245,Куда обращаться при споре со страховщиком по ИСЖ и по ОСАГО?,"
Если вы не согласны с размером компенсации по денежной выплате, вот что можно сделать:

1.  **Напишите письменную претензию в страховую компанию.** У вас есть 15 рабочих дней на получение ответа.
2.  **Обратитесь к финансовому омбудсмену.** Это особенно полезно, если страховая компания нарушила сроки ответа или вы не удовлетворены их решением. Решения омбудсмена имеют силу судебных постановлений.
3.  **Подайте жалобу в Банк России.** Приложите документы, подтверждающие вашу правоту, включая претензию и ответ страховой компании.
4.  **Пожалуйтесь в Российский союз автостраховщиков (РСА).** РСА может штрафовать страховые компании за нарушения.
5.  **Обратитесь в суд.** Если вы не согласны с заключением финансового омбудсмена, вы имеете право обратиться в суд.

В случае проблем со страховым возмещением по ОСАГО, если в аварии повредились только транспортные средства, обращайтесь к своему страховщику. Если в аварии пострадали люди, требовать возмещение нужно в страховой компании виновника ДТП. В особых случаях, когда у страховщиков отозвана лицензия, обращайтесь в РСА.

**Важно:** Сохраняйте все документы, связанные с аварией и взаимодействием со страховой компанией, так как они могут потребоваться при обращении к финансовому омбудсмену или в суд.

Для получения конкретной консультации по вашей ситуации, рекомендуется обратиться к юристу или финансовому специалисту."
246,"Какой уровень ПДН считается безопасным, а что происходит при превышении 50%?","
Согласно предоставленной информации, безопасным считается уровень ПДН до 30%. В этом случае вероятность отказа в кредите минимальна.

При ПДН от 30% до 50% получить кредит будет сложнее, но шансы еще есть. Однако, при ПДН выше 50% возрастает риск неспособности погасить долг, и кредиторы могут предложить более высокую процентную ставку или вовсе отказать в выдаче кредита.

Когда ПДН превышает 50%, даже небольшие финансовые трудности, такие как потеря работы, могут привести к проблемам с выплатами. Если кредиты ""съедают"" более 80% дохода, даже небольшая задержка зарплаты может привести к просрочкам. Банки вряд ли одобрят кредит в такой ситуации.

Важно помнить, что банки и МФО обязаны предупреждать заемщиков с ПДН выше 50% о риске не справиться с платежами.
"
247,"Что делать при мошеннических автоплатежах, как снизить риск повторения?","Если с вашего счета проходят мошеннические автоплатежи, вот что нужно делать:

1.  **Немедленно заблокируйте карту:** Позвоните в банк по номеру, указанному на обратной стороне карты, и сообщите о мошеннической операции.
2.  **Обратитесь в банк с заявлением:** Напишите заявление о несогласии с операцией и запросите выписку по счету. Сохраните экземпляр заявления с отметкой банка о приеме.
3.  **Обратитесь в правоохранительные органы:** Подайте заявление о хищении в полицию.
4.  **Смените пароли:** Как можно быстрее смените пароли от мобильного банка и личного кабинета на сайте банка.

**Как снизить риск повторения:**

*   **Отключите автоплатежи:** Отключите все подозрительные автоплатежи, которые вы не санкционировали.
*   **Обновите реквизиты:** Убедитесь, что реквизиты получателей автоплатежей актуальны.
*   **Используйте отдельную карту:** Используйте для автоплатежей отдельную дебетовую или предоплаченную карту, на которой хранится только сумма, необходимая для регулярных платежей. Не используйте кредитные карты или карты с овердрафтом.
*   **Подключите уведомления:** Подключите СМС или push-уведомления по всем банковским картам, чтобы оперативно узнавать о любых платежах.
*   **Будьте бдительны:** Не переходите по сомнительным ссылкам и не сообщайте никому конфиденциальную информацию о своих картах и счетах.
*   **Установите самозапрет на кредиты:** Это предотвратит оформление кредитов мошенниками на ваше имя.

**Важно:** Если мошенники получили доступ к вашему счету из-за вашей собственной беспечности (например, вы сообщили им ПИН-код или код из СМС), банк, скорее всего, не вернет вам деньги. В этом случае вам придется обращаться в полицию.

Если же техническая защита банка оказалась недостаточной, банк может компенсировать ваши потери.

**Дополнительные советы по безопасности:**

*   Никому не сообщайте полные реквизиты банковской карты, включая трехзначный код с обратной стороны.
*   Не переходите по сомнительным ссылкам из сообщений и не переводите незнакомцам деньги по первому требованию.
*   Получив звонок из финансовой организации, положите трубку и перезвоните туда сами, найдя номер на официальном сайте.
*   Не соглашайтесь на ""заманчивые предложения"" без размышления.
*   Не публикуйте в открытом доступе свои персональные данные.
*   Установите самозапрет на кредиты.

В случае столкновения с мошеннической схемой, расскажите о ней, чтобы предупредить других людей.
"
248,Когда вступят в силу изменения в ОСАГО после подачи заявления?,"Когда доплата не требуется, изменения вступят в силу сразу после того, как вы подадите заявление страховщику. Но если стоимость полиса вырастет — только после того, как вы внесете разницу. При этом срок действия договора ОСАГО останется прежним.

Также, с 2 марта автовладельцы смогут оформить ОСАГО на срок от одного дня до трех месяцев. Важно учитывать, что цена краткосрочного полиса может оказаться выше, чем годового полиса с сокращенным периодом использования.
"
249,Почему новичку опасно спекулировать деривативами?,"

Новичку опасно спекулировать деривативами по нескольким причинам, которые вытекают из общей информации об инвестициях и рисков, связанных с финансовыми инструментами:

* **Высокий риск:** Деривативы – это сложные финансовые инструменты, стоимость которых зависит от базового актива (акции, валюта, товары и т.д.). Из-за эффекта кредитного плеча, даже небольшие изменения в цене базового актива могут привести к значительным убыткам или прибыли. Для новичка, не имеющего опыта и понимания принципов работы рынка, оценить и контролировать эти риски крайне сложно.
* **Сложность понимания:** Деривативы требуют глубоких знаний о финансовых рынках, математических моделях и стратегиях управления рисками. Новичку может быть трудно понять, как работают эти инструменты, какие факторы влияют на их цену и как правильно ими торговать.
* **Возможность быстрой потери капитала:** Из-за высокого риска и эффекта кредитного плеча, деривативы могут привести к быстрой и значительной потере капитала. Новичку, не имеющему финансовой подушки безопасности, это может быть особенно опасно.
* **Необходимость постоянного мониторинга:** Торговля деривативами требует постоянного мониторинга рынка и быстрого реагирования на изменения. Новичку может быть сложно уделять достаточно времени и внимания этому процессу.

В целом, деривативы – это инструменты для опытных инвесторов, которые хорошо понимают риски и имеют достаточно знаний и опыта для управления ими. Новичкам рекомендуется начинать с более простых и понятных финансовых инструментов, таких как банковские вклады или паевые инвестиционные фонды (ПИФы).

**Рекомендации для начинающих инвесторов:**

*   **Не инвестируйте последние деньги:** Сначала создайте финансовую подушку безопасности, равную 3-6 месячным доходам.
*   **Начните с простых инструментов:** Рассмотрите банковские вклады или ПИФы.
*   **Диверсифицируйте портфель:** Не кладите все яйца в одну корзину, распределяйте вложения между разными активами.
*   **Постоянно обучайтесь:** Изучайте финансовые рынки и инструменты, чтобы принимать осознанные решения.
*   **Обратитесь к профессионалам:** Если вам нужна помощь, обратитесь к финансовому консультанту или юристу.

В случае сомнений или недостатка знаний, лучше воздержаться от инвестиций в сложные и рискованные инструменты, такие как деривативы.
"
250,Как корректно учесть территориальный коэффициент при покупке ОСАГО онлайн?,"
Территориальный коэффициент влияет на стоимость полиса ОСАГО, и при покупке онлайн важно учесть этот фактор. 

**Как это работает:**

*   Цена полиса ОСАГО зависит от места постоянного проживания владельца автомобиля.
*   Транзитный полис (на 20 дней) действует по всей стране и не учитывает территориальный коэффициент, что иногда может сделать его выгоднее краткосрочного полиса.

**Как проверить и учесть:**

1.  **Сравните цены:** Рассчитайте стоимость полиса ОСАГО с учетом вашего региона проживания, а также стоимость транзитного полиса (если он вам подходит).
2.  **Проверьте данные в НСИС:** После оформления полиса убедитесь, что страховая компания правильно внесла ваши данные в базу НСИС (Национальная система страхования). Это можно сделать, авторизовавшись на сайте НСИС через Госуслуги или ваш онлайн-банк. Сотрудники ГИБДД сверяются именно с этой базой данных при проверках.
3.  **Будьте внимательны к цене:** Слишком низкая цена полиса должна насторожить, так как может указывать на ошибки или мошенничество.

**Дополнительные советы:**

*   Если вы купили машину в одном городе, а зарегистрировать хотите в другом, рассмотрите возможность оформления транзитного полиса.
*   При покупке краткосрочного полиса (от 1 дня до 3 месяцев) уточните у страховой компании, какой коэффициент применяется для расчета его стоимости, так как единых коэффициентов для таких полисов нет. Возможно, годовой полис с сокращенным периодом использования (например, 3 месяца) окажется выгоднее.

Внимательная проверка данных и сравнение цен помогут вам выбрать наиболее выгодный вариант полиса ОСАГО.
"
251,Какой общий риск несут клиент брокера и владелец депозитарных расписок при отзывах лицензий у посредников?,"
Общий риск для клиента брокера и владельца депозитарных расписок при отзыве лицензии у посредника заключается в возможности неполного или полного возврата денег и ценных бумаг.

**Для клиента брокера:**

*   **Банкротство брокера:** Отзыв лицензии часто предшествует банкротству брокера, что значительно усложняет возврат активов.
*   **Потеря денег и ценных бумаг:** Если у брокера финансовые проблемы, он может не иметь достаточных активов для выполнения своих обязательств перед клиентами. Инвестиции не подпадают под систему страхования вкладов, поэтому государство не гарантирует возврат средств.
*   **Риск использования брокером средств:** Брокер мог использовать средства клиентов в своих интересах, и в случае банкротства эти средства могут быть невозвратными.

**Для владельца депозитарных расписок:**

*   **Потеря доступа к ценным бумагам:** При отзыве лицензии у депозитария возникает риск потери доступа к ценным бумагам, которые он хранил.
*   **Задержки в передаче активов:** Процедура передачи активов другому депозитарию может занять длительное время, что создаст неудобства для владельца расписок.
*   **Риск банкротства депозитария:** Если депозитарий также обанкротится, вернуть ценные бумаги будет еще сложнее.

**Как снизить риски:**

*   **Не хранить долго деньги на брокерском счете:** Переводить средства в ценные бумаги или выводить на банковский счет.
*   **Отдельный (сегрегированный) счет:** Открыть отдельный счет, запрещающий брокеру использовать ваши деньги.
*   **Запрет на использование ценных бумаг:** Запретить брокеру использовать ваши ценные бумаги.
*   **Лицевой счет в реестре акционеров:** Перевести ценные бумаги на лицевой счет в реестре акционеров.
*   **Постоянный мониторинг:** Следить за финансовыми новостями и запрашивать выписки о состоянии счетов.
*   **Обращение в Банк России:** В случае нарушения прав обращаться в Банк России.

В целом, важно помнить, что инвестиции всегда сопряжены с риском, и необходимо тщательно выбирать брокера и оценивать свои возможности. В случае возникновения проблем рекомендуется обратиться к юристу или финансовому специалисту для получения квалифицированной помощи."
252,Какая страховка обязательна при ипотеке?,"
При ипотеке обязательно нужно страховать предмет залога, то есть саму недвижимость. Это требование закона, и банк имеет право потребовать эту страховку, чтобы защитить свои деньги в случае повреждения или уничтожения заложенного имущества (например, пожара). Обычно полис оформляется на сумму остатка долга по ипотеке и переоформляется каждый год. Важно не допускать перерыва в страховании, иначе банк может потребовать досрочного погашения кредита.

Страхование жизни и здоровья заемщика – это добровольная страховка. Однако, если вы откажетесь от нее, банк, скорее всего, повысит процентную ставку по кредиту, так как риски для него возрастают.

В контексте также упоминается, что банки могут предлагать оформить страхование жизни через застройщика по льготным ставкам, но стоит внимательно изучать условия, так как страховка может быть включена в сумму кредита и обходиться дороже, чем при самостоятельном выборе страховой компании. Важно помнить о периоде охлаждения в 30 дней, в течение которого можно отказаться от страховки и вернуть деньги.
"
253,Что делать с сомнительной или поврежденной банкнотой?,"
Если у вас есть сомнительная или поврежденная банкнота, вот что можно сделать:

**Если вы обнаружили подозрительную банкноту до того, как она оказалась у вас в кошельке:**

*   Попросите ее заменить или откажитесь от сделки.

**Если вы обнаружили подозрительную банкноту уже у себя:**

*   Ни в коем случае не пытайтесь ей расплатиться.

**Что делать с сомнительной или поврежденной банкнотой:**

*   Отнесите ее в любой банк. Экспертиза проводится бесплатно, часто сразу при вас.
*   Если купюра повреждена, но подлежит обмену, банк выдаст вам новую.
*   Если установить подлинность банкноты сложно, ее отправят на проверку в Банк России.
*   Если деньги окажутся настоящими, банк зачислит их на ваш счет.
*   Если же банкнота фальшивая, ее стоимость не возмещается.

**Важно:**

*   Если у вас есть фрагменты поврежденной банкноты, соберите их аккуратно и отнесите в банк для экспертизы. Если сохранилось не менее 55% банкноты, ее могут обменять.
*   Если от банкноты осталось меньше 55%, ее уже не обменять.
*   Суммы до 40 000 рублей обмениваются без документов, свыше – потребуется паспорт.

Помните, что поврежденные монеты также можно обменять в банке при соблюдении определенных условий (сохранение не менее 75% массы, отсутствие значительных изменений формы и т.д.).
"
254,Как сочетается рекомендация работать официально с защитой пенсионных накоплений государством?,"Давайте разберемся, как сочетается рекомендация работать официально с защитой пенсионных накоплений государством.

Вы заключаете договор долгосрочных сбережений с любым негосударственным пенсионным фондом (НПФ), подключившимся к программе, и начинаете отчислять туда взносы. Государство тоже пополняет эти счета. Вдобавок вы получаете право на налоговый вычет – можете вернуть часть уплаченного за год подоходного налога.

Если вы официально работали с 2002 по 2014 год, у вас есть пенсионные накопления. Это часть будущей государственной пенсии, которая находится на вашем личном пенсионном счете в Социальном фонде России (СФР) либо в НПФ. Ее тоже разрешается перевести в программу долгосрочных сбережений.

Фонд будет инвестировать ваши деньги, чтобы уберечь их от инфляции и преумножить. Начать получать ежемесячные выплаты от НПФ можно будет через 15 лет с момента заключения договора либо с 55 лет для женщин, с 60 – для мужчин.

Забрать все сбережения вместе с инвестиционным доходом разрешается и раньше, если деньги потребуются на лечение тяжелой болезни или семья потеряет кормильца. При этом ваш счет в программе не закроется — при желании вы сможете пополнить его позже.

Все ваши взносы в ПДС, а также инвестдоход по нимзастрахованы государством на сумму до 2,8 млн рублей. Пенсионные накопления, которые вы перевели в программу, доплаты от государства и набежавший на них доход защищены полностью и не учитываются в лимите. В случае проблем у фонда, они компенсируются отдельно от страховки по взносам — другими словами, выплаты могут быть больше 2,8 млн рублей.

Государство гарантирует защиту ваших пенсионных взносов — деньги не исчезнут, даже если у НПФ отзовут лицензию или он обанкротится. В таком случае Агентство по страхованию вкладов (АСВ) переведет компенсацию на ваш пенсионный счет в СФР.

Таким образом, работая официально и создавая пенсионные накопления, вы получаете государственную защиту этих средств. В случае проблем с НПФ, ваши деньги будут застрахованы и компенсированы государством."
255,Чем биржевые фонды отличаются от ПИФов по комиссиям и ликвидности?,"
Биржевые фонды (ETF и БПИФы) и другие виды ПИФов (открытые, интервальные, закрытые) имеют существенные различия в комиссиях и ликвидности.

**Ликвидность:**

*   **Биржевые фонды:** Паи ETF и БПИФов торгуются на бирже как обычные акции. Это означает, что вы можете купить или продать их в любой момент в течение торгового дня по текущей рыночной цене через своего брокера. Операция происходит быстро, и деньги поступают на ваш брокерский счет сразу после продажи.
*   **Другие ПИФы:** Паи этих фондов часто нельзя купить или продать на бирже. Покупка и продажа обычно осуществляются через управляющую компанию (УК) или ее агента.
    *   **Открытые ПИФы:** Паи можно продать или погасить в любой рабочий день, но расчеты могут занимать до 10 рабочих дней (обычно 3 дня).
    *   **Интервальные ПИФы:** Покупка и продажа возможны только в определенные промежутки времени, указанные в правилах фонда.
    *   **Закрытые ПИФы:** Вложить деньги можно только при создании фонда, а выйти из него – только при его ликвидации.

**Комиссии:**

*   **Биржевые фонды:** Комиссия за управление инвестиционным портфелем обычно составляет 0,2–0,8% в год.
*   **Открытые ПИФы:** Комиссия может быть значительно выше – от 1 до 5% в год.

Таким образом, даже при одинаковом составе портфеля, инвестиции в биржевой фонд, как правило, будут более выгодными из-за более низкой комиссии.

В целом, биржевые фонды предлагают более высокую ликвидность и более низкие комиссии по сравнению с другими видами ПИФов.
"
256,Чем отличается защита сбережений в банке от защиты в кредитном потребительском кооперативе?,"Защита сбережений в банке и в кредитном потребительском кооперативе (КПК) существенно отличается.

**Защита в банке:**

*   **Государственное страхование:** Деньги, вложенные в банки, участвующие в системе страхования вкладов, застрахованы государством через Агентство по страхованию вкладов (АСВ).
*   **Гарантированная сумма:** В случае отзыва лицензии у банка, вкладчик имеет право на получение компенсации в пределах 1,4 миллиона рублей. В некоторых случаях, эта сумма может быть увеличена до 10 миллионов рублей.
*   **Гарантированный доход:** Доход по вкладу в банке заранее известен и гарантирован.

**Защита в КПК:**

*   **Отсутствие государственного страхования:** Сбережения в КПК не подпадают под государственную систему страхования вкладов. Это означает, что в случае банкротства кооператива, вернуть свои деньги полностью может быть невозможно.
*   **Компенсационный фонд СРО:** Большинство КПК (кроме сельскохозяйственных) делают отчисления в компенсационный фонд саморегулируемой организации (СРО). В случае банкротства КПК, пайщики могут рассчитывать на получение до 5% средств из этого фонда, пропорционально своей доле.
*   **Страхование в страховых компаниях:** Некоторые КПК дополнительно страхуют привлеченные средства в страховых компаниях или обществах взаимного страхования, однако это не гарантирует полного возмещения вложенных средств.
*   **Риск потери сбережений:** Риск потери сбережений в КПК значительно выше, чем при размещении средств в банке.

**Вывод:**

Вклады в банках более надежны, так как они защищены государством. Вклады в КПК сопряжены с более высоким риском, но потенциально могут принести более высокий доход. 

**Рекомендация:**

Перед принятием решения о размещении средств в КПК тщательно изучите финансовое состояние кооператива, условия участия и возможные риски. В случае сомнений рекомендуется обратиться за консультацией к юристу или финансовому специалисту.
"
257,Какие меры Банк России применяет для защиты клиентов?,"Банк России применяет ряд мер для защиты клиентов:

*   **Борьба с мошенничеством:** Банк России ведет базу данных счетов, замеченных в преступных схемах. Если вы отправляете деньги на такой счет, банк обязан заблокировать перевод на два дня и уведомит вас об этом. Также, банк может приостановить операцию, если она вызывает подозрения (крупная сумма, необычный контрагент и т.д.).
*   **Регулирование финансовых организаций:** Банк России контролирует банки, страховые компании, пенсионные фонды, брокеров и другие финансовые организации, устанавливая нормативы и следя за их соблюдением, чтобы обеспечить устойчивость финансового рынка и защитить средства клиентов.
*   **Защита прав потребителей финансовых услуг:** Банк России следит за тем, чтобы финансовые организации не навязывали ненужные услуги и не отказывали в обслуживании без оснований, а также контролирует доступность финансовых продуктов, поддерживая развитие дистанционных каналов обслуживания.
*   **Борьба с отмыванием доходов и финансированием терроризма:** Банки обязаны противодействовать отмыванию доходов и финансированию терроризма, отказывая в проведении операций, если видят признаки возможного нарушения закона.
*   **Повышение финансовой грамотности:** Банк России проводит образовательные программы и мероприятия, чтобы помочь людям разбираться в финансовых продуктах и защищаться от мошенников.
*   **База данных мошеннических счетов:** Банк России предоставляет доступ к базе данных мошеннических счетов всем российским банкам, что позволяет им быстро блокировать карты и счета мошенников.
*   **Интернет-приемная и форма анонимного информирования:** Банк России принимает сообщения о мошенничестве через интернет-приемную и форму анонимного информирования, анализирует информацию и передает ее в правоохранительные органы.

В случае мошеннических действий, помимо обращения в полицию, рекомендуется сообщить о случившемся в свой банк и в Банк России. Это поможет предотвратить дальнейшие мошеннические действия и защитить других клиентов."
258,Чем электронные деньги отличаются от записей в блокчейне?,"
Электронные деньги – это безналичные средства, которые хранятся на счете в банке и используются для оплаты товаров и услуг через предоплаченные карты или электронные кошельки. Они не требуют открытия банковского счета для использования.

Записи в блокчейне, напротив, представляют собой информацию о транзакциях, записанную в непрерывную цепочку блоков. В отличие от банковских счетов, записи в блокчейне нельзя изменить или удалить, можно только добавить новые. Блокчейн – это технология распределенных реестров, где информация хранится на множестве компьютеров, что обеспечивает ее надежность и защиту от потери.

**Основные отличия:**

*   **Хранение:** Электронные деньги хранятся на счете в банке, а записи в блокчейне распределены по множеству компьютеров.
*   **Изменяемость:** Записи в блокчейне неизменяемы, а информация на банковском счете может быть изменена банком.
*   **Анонимность:** Кошельки в блокчейне часто анонимны, в то время как банковские счета обычно связаны с личностью владельца.
*   **Контроль:** Контроль над электронными деньгами осуществляется банком, а над активами в блокчейне – владельцем кошелька.
*   **Безопасность:** Блокчейн обеспечивает высокую степень безопасности благодаря шифрованию и распределенному хранению данных.

Важно помнить, что блокчейн и электронные деньги – это разные технологии с разными принципами работы. Если у вас возникнут вопросы, связанные с конкретными финансовыми операциями или юридическими аспектами использования блокчейна, рекомендуется обратиться к юристу или финансовому специалисту."
259,"Какие материалы применяют для повышения износостойкости российских банкнот, пример — купюра 200 рублей?","Банкнота в 200 рублей изготовлена на хлопковой бумаге повышенной плотности с полимерной пропиткой, и поэтому она чуть толще, чем все остальные банкноты. Купюра рассчитана на частое использование — полимерная защита повышает стойкость к загрязнению и помогает такой банкноте работать до 20 месяцев. До этого у самых ходовых банкнот номиналом 50 и 100 рублей средний срок службы был намного короче — около 15 месяцев.

В некоторых странах, например Вьетнаме, Мальдивах, Сингапуре, для банкнот используют пластик. Для стран с жарким и влажным климатом полимерные деньги подходят лучше всего — они не поглощают воду, пот и грязь и потому не теряют форму и остаются чистыми.

Но у пластиковых купюр есть и недостатки: в них нельзя использовать многие защитные признаки — например, металлические нити и водяные знаки. С пластиковой поверхности краски стираются легче, чем с хлопковой бумаги. При сгибании на полимерных банкнотах образуются заломы и полностью выпрямить их уже не удается.

Поэтому для нашей страны Банк России выбрал комбинированный вариант: ходовые сторублевые и двухсотрублевые купюры изготавливаются из хлопковых волокон, но их покрывают специальным полимерным лаком. Он защищает деньги от загрязнений и бактерий и увеличивает срок службы."
260,Какие налоговые льготы дает ИИС-3 и на какой срок его имеет смысл открывать у брокера?,"Инвестиционный счет третьего типа (ИИС-3) предоставляет владельцу сразу две налоговые льготы:

*   **Вычет на взнос:** возможность вернуть часть средств, внесенных на счет за год, но не более суммы уплаченного НДФЛ. Для этого необходим официальный доход, с которого уплачиваются налоги.
*   **Вычет на доход:** освобождение от НДФЛ с прибыли, полученной от операций на счете. Официальный доход для получения этой льготы не требуется.

**На какой срок имеет смысл открывать ИИС-3 у брокера?**

Минимальный срок владения ИИС-3 зависит от года открытия:

*   В 2024–2026 годах – 5 лет;
*   В 2027 году – 6 лет;
*   В 2028 году – 7 лет;
*   В 2029 году – 8 лет;
*   В 2030 году – 9 лет;
*   С 2031 года – 10 лет.

Зачет идет только полных лет владения счетом. Например, если ИИС-3 открыт 1 апреля 2024 года, то закрыть его без потери льгот можно не раньше 1 апреля 2029 года.

Если у вас уже есть ИИС-1 или ИИС-2, и вы трансформируете его в ИИС-3, то к сроку владения новым счетом может быть прибавлено до трех лет владения старым счетом.

Важно помнить, что снятие средств с ИИС-3 до истечения минимального срока приведет к потере льгот и необходимости вернуть полученные вычеты на взносы, а также уплатить НДФЛ с дохода. Исключением является вывод средств на оплату дорогостоящего лечения.

В календарный год, когда вы закрываете ИИС-3, вычет на взносы не действует.
"
261,"Как проверить, что предложение по кредиту или рефинансированию исходит от легального банка, а не от мошенников?","Чтобы убедиться, что предложение по кредиту или рефинансированию исходит от легального банка, а не от мошенников, необходимо предпринять несколько шагов:

**1. Проверка в реестре Банка России:**

*   Первым делом, проверьте, состоит ли организация в реестре на сайте Банка России. Если компании нет в Справочнике финансовых организаций, это явный признак нелегального кредитора.
*   Даже если название компании есть в списке, будьте внимательны. Мошенники могут создавать сайты, имитирующие сайты легальных организаций, используя их названия, логотипы и дизайн.

**2. Внимательность к сайту:**

*   Обратите внимание на адрес сайта. Убедитесь, что он соответствует официальному адресу банка.
*   Проверьте наличие фиктивной лицензии. Сверьте номер лицензии, указанный на сайте, с данными в справочнике Банка России.
*   Оцените качество дизайна сайта. Сайты мошенников часто имеют низкое качество дизайна, неполный функционал (например, не открываются разделы ""Руководство"", ""Наши офисы"", ""Контакты"") и отсутствие важной информации (уставные документы, финансовая отчетность).
*   Обратите внимание на маркировку в поисковых системах Яндекс и Mail.ru. Сайты проверенных финансовых организаций отмечены специальным знаком – синим кружком с галочкой.

**3. Внимательное изучение договора:**

*   Внимательно читайте договор перед подписанием. Легальный кредитор должен предоставить вам все необходимые документы, в которых четко прописаны условия кредитования, порядок возврата средств и другие важные детали.
*   Обратите внимание на полную стоимость кредита, которая должна быть указана в квадратной рамке на первой странице договора.
*   Все условия договора должны быть прописаны в отдельной таблице.
*   Если условия договора кажутся вам неточными, двусмысленными или противоречивыми, не подписывайте его. Возьмите документы домой и внимательно изучите их в течение 5 дней. Легальный кредитор не должен отказывать вам в этом.

**4. Остерегайтесь заманчивых предложений:**

*   Будьте осторожны с подозрительно выгодными условиями кредитования. Убедитесь, что все обещания, данные менеджером, прописаны в договоре.
*   Не принимайте решения под давлением. Если вам слишком настойчиво предлагают кредит, это может быть признаком мошенничества.

**5. Проверка предложений по рефинансированию:**

*   Убедитесь, что предложение по рефинансированию исходит от банка, а не от мошенников. Проверьте название банка и его лицензию в Справочнике участников финансового рынка Банка России.

**6. Дополнительные советы:**

*   При выборе МФО, проверьте ее в государственном реестре МФО, обращая внимание на ОГРН, ИНН и адрес кредитора.
*   Не платите комиссии за рассмотрение заявки на кредит. По закону МФО не имеют права требовать такую комиссию.
*   Если вы столкнулись с мошенниками, немедленно сообщите об этом в Банк России и полицию.

**Важно помнить:** Если у вас возникли сомнения в легальности предложения по кредиту или рефинансированию, лучше обратиться за консультацией к юристу или финансовому специалисту. Они помогут вам оценить риски и принять правильное решение.
"
262,"Куда жаловаться, если оформили ИСЖ без тестирования под видом вклада?","Здравствуйте!

Судя по предоставленной информации, если вам оформили инвестиционное страхование жизни (ИСЖ) без проведения обязательного тестирования, которое должно было выявить ваше понимание рисков, вы имеете право расторгнуть договор и потребовать возврата всех внесенных средств, даже после окончания периода охлаждения.

**Вот что вы можете сделать:**

1.  **Расторжение договора:** Вы вправе разорвать договор ИСЖ и забрать все свои взносы, поскольку страховщик или его агент не выполнили требование о проверке знаний.
2.  **Обращение к страховщику:** Направьте письменное требование страховой компании о расторжении договора и возврате средств.
3.  **Жалоба в Банк России:** Если страховая компания отказывается выполнять ваши требования, обратитесь с жалобой в Банк России через интернет-приемную ([https://www.cbr.ru/](https://www.cbr.ru/)) или по телефону горячей линии (300 для мобильных, 8-800-300-30-00 для стационарных).
4.  **Обращение к финансовому омбудсмену:** Если сумма спора не превышает 500 000 рублей и разногласия возникли не позднее трех лет назад, вы можете обратиться к финомбудсмену.
5.  **Суд:** В случае, если сумма вложенных средств превышает 500 000 рублей или истек срок обращения к финомбудсмену, рекомендуется обратиться в суд. Важно подать иск в течение года после покупки страховки, пока действует срок исковой давности.

**Дополнительные рекомендации:**

*   Внимательно читайте договор страхования и памятку с основными условиями полиса перед подписанием.
*   Задавайте вопросы страховщику или агенту, если что-то непонятно.
*   Сформируйте финансовую подушку безопасности, прежде чем заниматься инвестициями.

**Важно:** Данная информация носит общий характер. Для получения консультации по конкретно вашей ситуации рекомендую обратиться к юристу или финансовому специалисту."
263,Как вовлечь детей в семейное планирование финансов без жесткого контроля?,"
Вовлечь детей в семейное планирование финансов без жесткого контроля – отличная идея! Вот несколько способов, основанных на предоставленной информации:

**1. Обсуждайте семейный бюджет открыто:**

*   Расскажите ребенку (в зависимости от возраста, конечно, упрощая информацию) о том, как распределяется зарплата, сколько уходит на обязательные платежи (квартплата, еда и т.д.), и сколько откладывается на отпуск или другие цели.
*   Покажите на своем примере, как вы ведете бюджет и принимаете финансовые решения. Это лучший способ научить ребенка финансовой грамотности.

**2. Предоставьте ребенку самостоятельность в управлении карманными деньгами:**

*   Давайте деньги на определенный период (например, на неделю), а не ежедневно. Это способствует планированию.
*   Позвольте ребенку самому решать, как тратить свои деньги, даже если он совершит ошибки. Ошибки – это часть обучения.
*   Постепенно расширяйте зону ответственности: от покупки продуктов по списку до планирования и закупки школьных принадлежностей.

**3. Поощряйте накопления:**

*   Помогите ребенку превратить желания в конкретные финансовые цели.
*   Поддерживайте его в стремлении копить на мечту, даже если это всего лишь новая игрушка.
*   Используйте копилку (банку, свинью-копилку или мобильное приложение) для визуализации прогресса.

**4. Вовлекайте в обсуждение семейных трат:**

*   Дети с 10 лет могут выступать в роли ""финансовых консультантов"" семьи.
*   Попросите их посчитать, сколько семья теряет денег, когда не выключают свет или не закрывают кран. Это поможет им понять ценность ресурсов.

**5. Используйте современные финансовые инструменты:**

*   Рассмотрите возможность завести дополнительную карточку к своему счету с лимитом для ребенка. Это позволит ему самостоятельно совершать покупки, а вам – контролировать расходы и обучать финансовой ответственности.

**6. Разговаривайте о мошенничестве:**

*   Объясните ребенку, как распознавать мошеннические схемы, особенно в интернете.
*   Научите его проверять информацию и обращаться за помощью к родителям в подозрительных ситуациях.

**Важно помнить:**

*   Не наказывайте и не критикуйте ребенка за ошибки в финансовых вопросах.
*   Не платите за хорошие оценки или выполнение домашних обязанностей. Это может сформировать неверную мотивацию.
*   Подавайте пример финансовой грамотности своим поведением.

**Дополнительные ресурсы:**

*   Книга Евгении Блискавки ""Дети и деньги. Самоучитель семейных финансов для детей"" может быть очень полезна для начала разговора о деньгах с ребенком.

В заключение, вовлечение детей в семейное планирование финансов должно быть деликатным и основанным на доверии. Важно создать атмосферу, в которой ребенок не боится задавать вопросы и учиться на своих ошибках.
"
264,"Как хранить акции, чтобы снизить риск потери при банкротстве брокера?","Из предоставленной информации следует несколько способов хранения акций, позволяющих снизить риск потери в случае банкротства брокера:

**1. Личный счет депо в депозитарии:**

*   Акции, приобретенные через брокера, обычно хранятся на вашем личном счете депо в депозитарии.
*   Регулярно запрашивайте выписку по счету депо, чтобы контролировать свои активы.
*   В случае банкротства брокера, если он не имел права распоряжаться вашими деньгами, деньги на специальном брокерском счете и активы на вашем личном счете депо не должны быть затронуты. Вы можете перевести их в другой депозитарий или к регистратору.

**2. Лицевой счет у регистратора:**

*   Можно открыть лицевой счет в реестре акционеров у регистратора, обслуживающего компанию, выпустившую акции.
*   Перевод акций к регистратору защищает их от доступа со стороны брокера.
*   Однако, перевод может быть дорогим (комиссии депозитария и регистратора).
*   Если у регистратора отзовут лицензию, ваши акции передадут другому регистратору или саморегулируемой организации (СРО), поэтому вы их не потеряете.

**3.  Разделение счета депо:**

*   Разделите счет депо на торговую и основную часть.
*   Храните активы в основном разделе счета и запретите брокеру использовать их.
*   Для сделок используйте только торговую часть.
*   После покупки переводите акции из торговой части в основную.

**4. Отдельный (сегрегированный) счет:**

*   Открытие отдельного счета, на котором брокер не имеет права использовать ваши средства.
*   Это может повысить стоимость брокерского обслуживания.

**Что делать при банкротстве брокера для максимизации шансов на возврат активов:**

1.  **Запросите отчет о сделках:** Получите документ, подтверждающий ваши права на активы.
2.  **Направьте поручение на вывод активов:** Потребуйте от брокера перевести деньги на ваш банковский счет, а акции – в другой депозитарий или к регистратору.
3.  **Включитесь в процедуру банкротства:** Отслеживайте дату начала процедуры банкротства и направьте требование о включении в реестр кредиторов арбитражному управляющему, брокеру и суду, приложив подтверждающие документы.
4.  **Крайние сроки:** Убедитесь, что подадите документы в установленные сроки, чтобы не упустить возможность возмещения.

**Важно помнить:**

*   Инвестиции всегда сопряжены с риском. Вкладывайте только те деньги, которые вы готовы потерять.
*   Выбирайте надежного брокера.
*   Внимательно читайте договор с брокером.
*   Регулярно следите за своими счетами и операциями.
*   В случае сомнений обратитесь к юристу или финансовому специалисту для получения индивидуальной консультации.
"
265,"К кому обратиться, если МФО навязала платные услуги и отказывается возвращать деньги?","
Если МФО навязала платные услуги и отказывается возвращать деньги, вот что можно сделать:

1.  **Попытайтесь уладить вопрос с самой МФО.** Объясните, что вы не должны оплачивать эти услуги. Если компания настаивает, рассмотрите возможность обращения к другому кредитору.
2.  **Потребуйте возврат денег.** Если МФО уже списала деньги, потребуйте их возврата.
3.  **Воспользуйтесь периодом охлаждения.** Если вы успели оформить дополнительные услуги, у вас есть 30 дней с момента подписания договора на эти услуги, чтобы отказаться от них и потребовать возврата денег.
4.  **Обратитесь к финансовому омбудсмену.** Он рассматривает обращения клиентов финансовых организаций бесплатно, и его решения имеют юридическую силу.
5.  **Пожалуйтесь в Банк России.** Регулятор проведет проверку, и если жалоба подтвердится, накажет компанию.
6.  **Обратитесь в Роспотребнадзор.** Это особенно актуально, если МФО навязывает услуги, от которых вам нет никакой выгоды.
7.  **Обратитесь в саморегулируемую организацию (СРО).** Каждая МФО обязана состоять в одной из СРО.
8.  **В случае мошенничества** обратитесь в полицию и Банк России.

**При подаче заявления на возврат средств не забудьте приложить:**

*   копию паспорта;
*   копии договора на услугу и документов об оплате;
*   банковские реквизиты, если хотите получить деньги на счет.

Компания обязана вернуть средства в течение 7 рабочих дней.

Если вы не уверены в своих правах или в правильности составления жалобы, рекомендуется обратиться к юристу или финансовому специалисту для получения консультации."
266,Как соотносятся создание безналичных денег банками с выпуском криптовалюты в блокчейне?,"

Создание безналичных денег банками и выпуск криптовалюты в блокчейне – это принципиально разные процессы, хотя оба они приводят к увеличению количества денег в обращении.

**Создание безналичных денег банками:**

Как описано в предоставленных документах, коммерческие банки создают деньги, выдавая кредиты. Например, банк может использовать ваш депозит в 100 000 рублей, чтобы выдать кредит другому клиенту в 90 000 рублей. Таким образом, количество денег в экономике увеличивается, хотя физически количество наличных денег остается прежним. Это происходит за счет кредитной деятельности банков и не является эмиссией новых денег в прямом смысле. Банк платит проценты по вашему депозиту, а заемщик платит проценты по кредиту.

**Выпуск криптовалюты в блокчейне:**

В случае криптовалют, как объясняется в документах, новые единицы валюты создаются в процессе майнинга. Майнеры решают сложные задачи, чтобы добавить новый блок в блокчейн, и в качестве награды получают определенное количество криптовалюты. Эти монеты ""возникают буквально из воздуха"" и зачисляются на счет майнера. При этом часто существует ограничение на общее количество монет, которое может быть выпущено.

**Основные различия:**

*   **Эмитент:** Безналичные деньги создаются коммерческими банками в процессе кредитования, а криптовалюты выпускаются децентрализованной сетью (майнерами) по определенному алгоритму.
*   **Основа:** Безналичные деньги основаны на доверии к банковской системе и регулируются центральным банком. Криптовалюты основаны на криптографии и децентрализации, и не контролируются каким-либо одним органом.
*   **Эмиссия:** Создание безналичных денег происходит в процессе кредитования, а выпуск криптовалюты – это отдельный процесс, вознаграждающий майнеров за поддержание работы сети.
*   **Ограничения:** Количество безналичных денег не имеет жесткого ограничения, в то время как у многих криптовалют есть максимальный предел эмиссии.

Цифровой рубль, в отличие от криптовалют, выпускается Банком России и не имеет отдельного курса по отношению к другим валютам. 1 рубль = 1 цифровой рубль. Таким образом, он больше похож на безналичные деньги, чем на криптовалюту.
"
267,"Как безопасно купить страховку онлайн, чтобы при навязывании можно было вернуть деньги?","Безопасно ли оформлять полис через посредника? Да, оформление полиса через посредника может быть удобным, особенно если вам нужна помощь в подборе подходящего предложения или осмотр имущества. Однако важно убедиться, что посредник работает легально. Агентов компании можно проверить на ее сайте, а страховых брокеров – в реестре Банка России.

**Как безопасно купить страховку онлайн:**

1.  **Проверяйте сайт:** Перед покупкой полиса онлайн, независимо от того, оформляете ли вы его через посредника или напрямую у страховщика, сверьте адрес сайта в госреестре Банка России. Это поможет избежать фишинговых страниц, созданных для кражи ваших данных и денег.
2.  **Используйте маркетплейсы с осторожностью:** Покупать страховку можно и на финансовых маркетплейсах, где удобно сравнивать предложения разных компаний. Но выбирайте маркетплейсы из реестра финансовых платформ, чтобы избежать поддельных сайтов.
3.  **Проверяйте агентов:** Если вы покупаете полис через онлайн-агента, уточните у страховщика, можно ли купить его полис на выбранном вами сайте.
4.  **Обращайте внимание на галочки:** В поисковых системах Яндекс и Mail.ru официальные сайты страховщиков и страховых брокеров отмечены специальными галочками.
5.  **Внимательно читайте документы:** Перед подписанием любых документов внимательно их изучите. Убедитесь, что вы понимаете, какие страховки включены в стоимость кредита или займа, и какие из них являются обязательными.
6.  **Используйте период охлаждения:** В течение 14 дней после покупки полиса вы имеете право отказаться от него и вернуть деньги.
7.  **Не торопитесь с решением:** У вас есть 5 рабочих дней после одобрения кредита или займа, чтобы изучить документы и принять взвешенное решение.
8.  **Проверяйте лицензию:** Перед заключением договора убедитесь, что у страховщика есть лицензия Банка России.

**Что делать, если вам навязали страховку:**

*   Если вас убеждают, что без страховки кредит не получить, это обман. Вы должны страховать только жилье, которое становится залогом по ипотеке.
*   Не связанные с кредитом полисы оформляются отдельным заявлением. Отказ от их подписания не должен повлиять на условия кредита.
*   Если вы обнаружили, что купили страховой полис только после подписания всех документов, проверьте, включена ли его стоимость в сумму долга и начисляются ли на нее проценты.
*   Вы можете отказаться от страховки в течение 30 календарных дней и получить деньги обратно.

**Куда обращаться в случае нарушения прав:**

*   Если вы считаете, что страховая компания или посредники нарушили ваши права, обращайтесь в Банк России.
*   При занижении или задержке выплаты обращайтесь к финансовому омбудсмену.
*   При отказе от выполнения условий договора обращайтесь в приемную Банка России.

**Важно:** Если у вас возникли сложности или вы не уверены в своих правах, рекомендуется обратиться к юристу или финансовому специалисту для получения консультации по конкретному случаю."
268,Где займы обычно обходятся дороже: в банках или в КПК?,"Займы в КПК обычно обходятся дороже, чем в банках, но дешевле, чем в МФО и ломбардах. 

В предоставленных документах указано, что предельная ставка по потребительским займам больше 30 000 рублей на срок от месяца до двух в МФО во втором квартале 2023 года составляла 203% годовых, а в КПК — 27%. Также в одном из примеров, приведенных в документах, указано, что Сергею Львовичу кооператив готов дать заем под 20% годовых.

Однако, стоит учитывать, что помимо процентов по займу в КПК могут быть дополнительные взносы (вступительный, членские, в резервный фонд и обязательный), которые увеличивают общую переплату.

Поэтому, при выборе между банком и КПК, необходимо тщательно сравнивать все условия и учитывать все возможные расходы.
"
269,"Как проверить, что сайт оплаты или продажи полиса настоящий?","

Здравствуйте! Чтобы не стать жертвой мошенников при покупке полиса, особенно онлайн, важно тщательно проверять сайт, на котором вы собираетесь совершить оплату или приобрести полис. Вот на что стоит обратить внимание, основываясь на предоставленной информации:

**1. Проверка лицензии страховой компании:**

*   Убедитесь, что у страховой компании есть действующая лицензия Банка России на осуществление страховой деятельности, особенно на тот вид страхования, который вам нужен. Проверить лицензию можно в справочнике Банка России на сайте [www.cbr.ru](www.cbr.ru).

**2. Проверка адреса сайта:**

*   **Официальные сайты:** Используйте ссылки на официальные сайты страховщиков из справочника Банка России или с сайта Российского союза автостраховщиков (РСА).
*   **Маркировка в поисковиках:** В поисковых системах «Яндекс» и Mail.ru официальные сайты страховых компаний обычно отмечены специальной галочкой в синем кружке. Отсутствие этой галочки должно вас насторожить.
*   **Внимательность к адресу:** Тщательно проверяйте адресную строку браузера. Мошенники часто создают сайты-клоны, отличающиеся от оригинальных лишь на несколько букв. Лучше всего набирать адрес сайта вручную или использовать закладки.
*   **https и значок замка:** Убедитесь, что адрес сайта начинается с `https://`, а в конце адресной строки есть значок закрытого замка. Это означает, что соединение защищено.

**3. Проверка полиса после покупки:**

*   **QR-код:** На каждом полисе (бумажном или электронном) должен быть QR-код. Считайте его с помощью смартфона, чтобы убедиться в правильности информации о страховой компании, номере полиса, дате выдачи и сроке действия. Проверьте также данные о вашем автомобиле (марка, модель, VIN-код, госномер).
*   **НСИС (Национальная страховая информационная система):** Проверьте подлинность полиса ОСАГО на сайте НСИС. Введите серию и номер полиса, и вы увидите информацию о страховщике и застрахованном автомобиле. Если полис не найден или данные неверны, это признак мошенничества.
*   **Личный кабинет на сайте страховщика:** Зарегистрируйтесь на сайте страховой компании и проверьте, отображается ли ваш договор в личном кабинете.

**4. Дополнительные меры предосторожности:**

*   **Полномочия посредника:** Если вы покупаете полис через страхового агента или брокера, проверьте его документы (паспорт, агентский договор, доверенность) и убедитесь, что он действительно работает с данной страховой компанией. Эту информацию можно уточнить на сайте страховщика или по телефону горячей линии.
*   **Осторожность с предложениями:** Будьте осторожны с полисами по слишком привлекательным ценам. Слишком низкая цена может быть признаком мошенничества.
*   **Безопасность данных:** Если вы подозреваете, что попали на мошеннический сайт и оставили там свои данные, немедленно заблокируйте банковскую карту и обратитесь в банк для ее перевыпуска.

**В случае сомнений:**

*   Позвоните на горячую линию страховой компании и уточните информацию о сайте или посреднике.
*   Если вы стали жертвой мошенников, обратитесь в полицию с заявлением о мошенничестве и предоставьте копию заявления в банк.

Помните, что в случае покупки поддельного полиса вы рискуете получить штраф, остаться без страховой защиты в случае ДТП или других страховых случаев, а также столкнуться с уголовной ответственностью за попытку мошенничества.
"
270,Законен ли отказ в продаже ОСАГО из‑за несоответствия данных проверке в НСИС?,"В целом, отказ в продаже ОСАГО только из-за несоответствия данных проверке в Национальной страховой информационной системе (НСИС) **незаконен**. Страховщик не имеет права отказывать в заключении договора ОСАГО, если данные в НСИС не совпадают с предоставленной вами информацией.

Однако, это не означает, что любые расхождения игнорируются. Если ваши данные не совпадают с информацией в базе НСИС, страховая компания обязана:

1.  **Пояснить причину несоответствия.** Менеджер должен сразу указать, что именно не так и каких документов не хватает.
2.  **Попросить уточнить данные.** Вас попросят уточнить информацию и предоставить сканы недостающих документов. У вас будет 3 часа на это, иначе заявление будет аннулировано.
3.  **Исправить данные в НСИС.** Страховщик обязан передать в НСИС верные данные, если в системе есть ошибка. Любая страховая компания, продающая автополисы, может это сделать.

**Что делать, если страховая компания отказывается оформлять полис только из-за несоответствия в НСИС?**

*   **Потребуйте письменный отказ** с указанием конкретной причины.
*   **Обратитесь к другому страховщику.** По закону, все компании, занимающиеся ОСАГО, обязаны продавать полисы всем желающим.
*   **Обратитесь в НСИС.** Вы можете самостоятельно проверить и исправить информацию о себе в НСИС через Госуслуги или онлайн-банк.
*   **Подайте жалобу** в Банк России или Роспотребнадзор.

**Важно:** Если вы обнаружили ошибку в данных о себе в НСИС, рекомендуется как можно скорее обратиться в страховую компанию или напрямую в НСИС для ее исправления. Это поможет избежать проблем при оформлении полиса ОСАГО в будущем и при возможных проверках ГИБДД.

**Внимание!** Если вам предлагают полис по подозрительно низкой цене, это может быть признаком мошенничества или намеренного искажения данных. Всегда тщательно проверяйте информацию в договоре и в базе НСИС.
"
271,Почему индекс бигмака не подходит для измерения инфляции?,"

Индекс бигмака не подходит для измерения инфляции, поскольку изначально не задумывался как серьезный инструмент экономического анализа. Он не учитывает множество факторов, влияющих на стоимость товаров и валюты, таких как:

*   **Спрос населения:** Предпочтения и покупательская способность населения в разных странах могут существенно различаться.
*   **Состав продуктов:** В разных странах состав Биг Мака может отличаться (например, использование баранины или курицы вместо говядины в Индии), что искажает сравнение.
*   **Конкуренция:** Уровень конкуренции на рынке фастфуда в разных странах влияет на цены.
*   **Локальная стратегия сети:** McDonald's может применять разные ценовые стратегии в разных странах.
*   **Местная специфика:** На стоимость Биг Мака могут влиять местные налоги, транспортные расходы и другие факторы.
*   **Изменение курса валют:** Курсы валют могут резко меняться, что существенно влияет на стоимость Биг Мака в пересчете на доллары США.

В качестве примера, в Венесуэле в 2012 году Биг Мак был самым дорогим в мире, а через три года – самым дешевым из-за резких изменений курса валюты.

Индекс бигмака скорее является забавным способом сравнения валют, чем точным инструментом для измерения инфляции или покупательной способности.

Если вам необходимо оценить свою личную инфляцию, рекомендуется использовать калькулятор инфляции, указав свои ежемесячные расходы на различные категории товаров и услуг. Также можно самостоятельно рассчитать индекс роста цен, следуя инструкциям, представленным в тексте.
"
272,"В какой срок после объявления санкций нужно перевести иностранные облигации к другому посреднику, чтобы не лишиться купонов?","
Согласно предоставленной информации, после объявления санкций компаниям обычно дается две-четыре недели на завершение операций, прежде чем начнут действовать ограничения. 

В случае, если ваш брокер передал ваши бумаги другой компании, которая также оказалась под санкциями, порядок действий будет таким же: посредник должен передать ваши активы другой компании, на которую не наложены санкции, или предложить вам самостоятельно перевести активы.

**Важно действовать очень быстро.** Если ваш брокер или управляющий не направит всех своих клиентов централизованно, и вы сами не успеете перейти к другому посреднику до введения санкций в действие, вы можете потерять доступ к своим иностранным активам.

В контексте не указан конкретный срок для перевода облигаций, чтобы не лишиться купонов. Однако, учитывая, что время до начала действия санкций ограничено, рекомендуется **действовать как можно быстрее** и связаться с вашим посредником для уточнения сроков подачи заявки на продажу заблокированных активов. Брокеры и управляющие могут устанавливать собственные сроки сбора заявлений от клиентов, которые могут быть меньше, чем общий срок (до 8 мая 2024 года).

Для получения более точной информации о сроках и процедуре перевода активов, а также о возможных рисках и последствиях, рекомендуется обратиться к юристу или финансовому специалисту.
"
273,Почему не стоит одновременно подавать много кредитных заявок при высоком ПДН?,"Подача множества кредитных заявок одновременно при высоком показателе долговой нагрузки (ПДН) нежелательна по нескольким причинам:

*   **Снижение кредитного рейтинга:** При высоком ПДН шансы на одобрение кредита и так невелики, а каждый отказ из-за этого снижает ваш кредитный рейтинг. Бюро кредитных историй (БКИ) расценивает множественные запросы в короткий срок как настораживающий фактор и может ухудшить вашу кредитную историю, даже если ухудшение будет небольшим.
*   **Автоматический отказ:** Банки и МФО используют для расчета ПДН сложную формулу. Даже если кредит будет одобрен, то большой ПДН говорит о том, что при малейших финансовых сложностях будет тяжело справиться с выплатами, попасть в долговую яму и стать банкротом. Если вы подадите несколько заявок, то банки или МФО вероятнее всего откажут в выдаче кредита из-за высокого ПДН.
*   **Ухудшение финансового положения:** Если у вас высокий ПДН (более 50%), возрастает риск не справляться с выплатами по кредитам. В такой ситуации, получение еще одного кредита может усугубить ваше финансовое положение.

Вместо того, чтобы подавать заявки во множество организаций, лучше сначала отобрать те, которые предлагают наиболее подходящие условия, и подавать заявки последовательно. Если вам нужна помощь в подборе кредитных предложений, вы можете обратиться к кредитному брокеру, но стоит убедиться в его надежности и оценить стоимость его услуг."
274,В каких случаях страховку оплачивает не клиент?,"
В контексте предоставленных документов, есть несколько случаев, когда страховку оплачивает не клиент:

*   **Страхование жизни и здоровья (ИСЖ):** В случае смерти застрахованного, страховую выплату получает выгодоприобретатель, указанный в договоре. Также, в случае тяжелого заболевания или инвалидности, страховая выплата может быть произведена, если соответствующие риски были включены в полис и за них была уплачена дополнительная плата.
*   **Перестрахование:** Если страховая компания застраховала крупный риск (например, склад с дорогим оборудованием) и заключила договор перестрахования с другими компаниями, то в случае наступления страхового случая часть выплат может быть произведена перестраховочной организацией.
*   **Обязательное страхование:** В некоторых случаях, например, при наступлении страхового случая по полису ОСАГО, выплату производит страховая компания виновника ДТП, а не пострадавшего.
*   **Выплаты по договору, где клиент не нарушал условия:** Если клиент не нарушал условия страхования (например, не нарушал меры предосторожности, вовремя сообщил о краже карты и заблокировал ее), то страховая компания должна произвести выплату. В некоторых случаях, если банк сам возместит потери клиента, страховая компания не будет повторно их компенсировать.

В общем, выплата страховки не всегда ложится на плечи клиента. Она может быть произведена страховой компанией в пользу выгодоприобретателя, перестраховочной организацией или даже банком, в зависимости от условий договора и обстоятельств страхового случая.

**Важно:** Если у вас возникла конкретная ситуация, требующая юридической консультации, рекомендуется обратиться к юристу или финансовому специалисту для получения квалифицированной помощи."
275,Какие ограничения на выдачу наличной валюты действуют для средств на счетах по сравнению с деньгами в банковской ячейке?,"
Ограничения на выдачу наличной валюты существенно различаются для средств на счетах и для денег, хранящихся в банковской ячейке.

**Средства на счетах (вкладах):**

*   **Ограничения по сумме:** Вы можете получить наличную валюту, только если она была на счете до 9 марта 2022 года. Максимальная сумма, которую можно снять наличными в одном банке, не превышает 10 000 долларов США или эквивалент в евро.
*   **Ограничения по времени:** Если валюта поступила на счет после 9 марта 2022 года, ее можно получить только в рублях.
*   **Курс обмена:** Конвертация валюты в рубли происходит по официальному курсу Банка России на день выдачи, если валюта была на счете до 9 сентября 2022 года. Деньги, поступившие после этой даты, конвертируются по собственному курсу банка.
*   **Комиссии:** До 9 марта 2026 года банки не вправе брать комиссию за выдачу валюты со счетов и вкладов.

**Банковская ячейка:**

*   **Отсутствие ограничений:** Если вы хранили валюту в банковской ячейке, вы можете забрать всю сумму в любой момент без каких-либо ограничений по сумме или времени.

Таким образом, основное отличие заключается в том, что **деньги в банковской ячейке доступны в полном объеме в любой момент**, в то время как **выдача наличной валюты со счетов ограничена по сумме, времени и условиям конвертации**."
276,Почему для успеха важен отказ от шаблонов?,"Для успеха важен отказ от шаблонов, так как это позволяет находить нестандартные решения сложных задач и выходить за пределы привычного. Как отмечается в текстах, человечество всегда стремилось к открытиям, покоряя океаны и космос, и это удавалось только тем, кто мыслил неординарно.

В контексте карьеры и развития, отказ от шаблонов особенно важен для руководителей. Книга Маршалла Голдсмита ""Прыгни выше головы!"" выделяет вредные привычки, которые мешают успешным людям двигаться вперед, например, чрезмерное рвение к победе или отказ воспринимать негативную информацию. Осознание и преодоление этих привычек, то есть отказ от устоявшихся шаблонов поведения, является шагом к достижению больших успехов.

В финансовой сфере важно учитывать особенности своего характера при инвестировании. Как отмечает эксперт, инвестиции в акции могут быть более прибыльными, но и более стрессовыми. Если человек эмоционален и тяжело переживает потери, ему лучше выбирать более консервативные инструменты, такие как облигации. Иными словами, подбор финансовых инструментов должен соответствовать вашему характеру и темпераменту, а не следовать общепринятым шаблонам.

Кроме того, важно избегать негативных установок, заложенных в детстве, которые могут помешать достижению благополучия. Нужно создавать у детей чувство безопасности и уверенности в завтрашнем дне, не перекладывая на них свои взрослые проблемы. 

В целом, отказ от шаблонов, осознание своих вредных привычек и учет индивидуальных особенностей - ключевые факторы для достижения успеха в различных сферах жизни.
"
277,"Где искать официальные списки мер поддержки, банков-участников программ?","Для поиска официальных списков мер поддержки и банков-участников программ, можно воспользоваться следующими ресурсами:

* **Портал «Мой бизнес»:** Здесь можно найти контакты горячих линий в вашем регионе, полный список организаций, помогающих предпринимателям (центры «Мой бизнес», гарантийные фонды, лизинговые компании, МФО и др.).
* **Сайты местных органов исполнительной власти:** На сайтах администраций городов или областей часто есть специальные разделы для предпринимателей с информацией о региональных мерах поддержки.
* **Сайт МСП.РФ:** Этот сайт содержит информацию обо всех федеральных и региональных мерах поддержки, подходящих для вашего бизнеса.
* **Портал Минэкономразвития:** Здесь можно найти полные условия программ кредитования на восстановление деятельности под 3% и информацию о банках-участниках.
* **Сайт Корпорации МСП:** На этом сайте опубликованы списки банков, участвующих в программе кредитования МСП под 8,5%, а также информация о гарантиях и поручительствах.
* **Сайт МСП Банка:** Здесь можно получить информацию о финансовой помощи и условиях участия в программах финансирования.
* **Сайт ДОМ.РФ:** На этом сайте можно найти информацию об ипотечном кредитовании с господдержкой и список банков-участников.
* **Сайт Минсельхоза:** Для предприятий аграрной сферы.
* **Сайт Фонда содействия инновациям:** Для предприятий научно-технической сферы.

Важно проверять актуальность информации, так как условия программ и списки участников могут меняться.
"
278,"Что грозит созаемщику, если основной заемщик прекратил выплаты?","Если основной заемщик прекратил выплаты по кредиту, созаемщику грозит следующее:

**1. Обязанность выплачивать долг в полном объеме.** Созаемщик несет такую же ответственность за кредит, как и основной заемщик. Это означает, что если основной заемщик не может платить, банк потребует выплаты долга от созаемщика.

**2. Начисление штрафов и пени.** Как и в случае с основным заемщиком, созаемщику будут начисляться штрафы и пени за просрочку платежей.

**3. Ухудшение кредитной истории.** Информация о просрочках по кредиту будет отражена в кредитной истории созаемщика, что может затруднить получение кредитов в будущем.

**4. Судебные разбирательства и взыскание имущества.** Если созаемщик не будет выплачивать долг добровольно, банк может обратиться в суд. В случае выигрыша в суде, банк вправе взыскать долг с созаемщика, в том числе путем обращения взыскания на его имущество (счета, вклады, недвижимость и т.д.).

**5. Испорченные отношения с основным заемщиком.** Как показывает пример из предоставленных документов, ситуация с непогашенным кредитом может серьезно испортить отношения между созаемщиком и основным заемщиком.

**Важно:** Созаемщик может попытаться договориться с основным заемщиком о разделе долга и зафиксировать это соглашение в письменной форме. Однако, банк не будет принимать во внимание такое соглашение и будет требовать выплаты долга в полном объеме с любого из созаемщиков.

**Рекомендации:**

*   Прежде чем соглашаться стать созаемщиком, тщательно взвесьте все риски и убедитесь в платежеспособности основного заемщика.
*   Заключите с основным заемщиком соглашение о взаимных обязательствах, в котором четко определите порядок и условия выплаты долга.
*   Внимательно изучите кредитный договор и убедитесь, что вы понимаете свои права и обязанности.
*   В случае возникновения проблем с выплатой кредита, немедленно обратитесь в банк для обсуждения возможных вариантов решения.
*   Если у вас возникли сложные юридические вопросы, связанные с кредитом, рекомендуется обратиться к юристу или финансовому специалисту."
279,Какие последствия наступают при несвоевременных выплатах по краудлендингу и по облигациям?,"## Последствия несвоевременных выплат по краудлендингу и облигациям

**Краудлендинг (инвестиции в долг через платформы):**

Если вы не сможете вовремя выплатить долг по краудлендингу, последствия могут быть следующими:

*   **Штрафы, пени и неустойка:** Условия просрочки должны быть четко прописаны в договоре с инвесторами.
*   **Судебное взыскание:** Кредиторы (инвесторы) имеют право потребовать возврат денег через суд, если вы не погасите долг добровольно.
*   **Компенсация инвесторам платформой:** Некоторые платформы компенсируют инвесторам их вложения, если вы не можете расплатиться. В этом случае право требования долга переходит к платформе, которая также может обратиться в суд.
*   **Ухудшение кредитной истории:** Информация о просрочке будет передана в бюро кредитных историй, что затруднит получение кредитов в будущем.
*   **Начисление пени и штрафов:** Даже если кредитор не напомнил о просрочке, информация о ней будет передана в бюро кредитных историй, и долг будет расти из-за пени и штрафов. Кредитор вправе потребовать всю сумму долга с процентами, если просрочка превысит определенный срок (например, 60 дней).

**Облигации:**

При несвоевременных выплатах по облигациям последствия могут быть следующими:

*   **Ухудшение кредитной истории:** Просрочка будет отражена в вашей кредитной истории, что повлияет на возможность получения кредитов в будущем.
*   **Судебное взыскание:** Эмитент облигаций (компания или государство) может обратиться в суд для взыскания долга.
*   **Риск дефолта:** Если эмитент обанкротится, вы можете потерять все вложенные деньги, так как облигации не застрахованы системой страхования вкладов.
*   **Снижение стоимости облигации:** Если вы захотите продать облигацию досрочно, ее стоимость может значительно снизиться из-за вашей неплатежеспособности.

**Общие рекомендации:**

В случае возникновения финансовых трудностей, которые могут привести к просрочке платежей, рекомендуется:

*   **Связаться с кредитором (инвесторами или эмитентом облигаций)** для обсуждения возможных вариантов решения проблемы (например, реструктуризация долга).
*   **Обратиться к юристу или финансовому специалисту** для получения консультации по конкретной ситуации.
*   **Помнить, что просрочка платежей негативно влияет на кредитную историю и может привести к серьезным финансовым последствиям.**

**Важно:** Данная информация носит общий характер. Конкретные последствия просрочки платежей зависят от условий договора с кредитором.
"
280,Почему досрочный платеж по кредиту лучше вносить в дату планового платежа?,"
Досрочное погашение кредита – это отличный способ сэкономить на процентах и быстрее избавиться от долга. Вот что важно знать, чтобы сделать это максимально эффективно:

**Когда лучше всего вносить досрочные платежи?**

*   **В дату планового платежа или сразу после него.** Это наиболее выгодный вариант, так как вся сумма пойдет на сокращение основного долга, а не на погашение начисленных процентов. Если вы внесете платеж в другой день, банк сначала погасит проценты, которые накопились с момента предыдущего платежа, и только оставшаяся часть пойдет на уменьшение долга.
*   **Чем раньше, тем лучше.** В начале срока кредита досрочное погашение дает наибольшую экономию, так как проценты еще не успели начислиться в больших объемах. Ближе к концу срока кредита эффект от досрочного погашения будет менее заметным.

**Что нужно учитывать?**

*   **Новый график платежей.** После внесения досрочного платежа банк обязан предоставить вам новый график погашения кредита в течение трех дней. Однако даты регулярных платежей при этом не изменятся.
*   **Предупреждение банка.** По закону, банк нужно предупредить о досрочном погашении за 30 календарных дней. Однако многие банки принимают платежи раньше, например, в дату ближайшего платежа по графику. Уточните этот вопрос в вашем банке или в договоре.
*   **Просрочки.** Даже если вы внесли досрочный платеж, не забывайте о регулярном платеже по графику. В противном случае вы можете получить штраф за просрочку.
*   **Выбор между сокращением срока и уменьшением платежа.** Если ваша цель – максимально снизить переплату, выгоднее сокращать срок кредита.

**Важно помнить:**

*   Банки и МФО обязаны принимать любые суммы для досрочного погашения.
*   Если после досрочного погашения банк не предоставил новый график платежей, продолжайте вносить обычные платежи, чтобы избежать просрочек.

Если у вас есть дополнительные вопросы или вам нужна консультация по конкретной ситуации, рекомендую обратиться к юристу или финансовому специалисту."
281,Как учесть инфляцию в семейном плане для сохранения сбережений?,"Для учета инфляции в семейном финансовом плане и сохранения сбережений необходимо учитывать несколько важных моментов. Инфляция напрямую влияет на покупательную способность ваших денег, поэтому важно планировать так, чтобы избежать ее негативного воздействия.

Во-первых, при планировании бюджета и постановке финансовых целей, необходимо закладывать возможные потери бюджета от инфляции. Это означает, что при оценке необходимой суммы для достижения цели, например, первоначального взноса по ипотеке или на образование ребенка, нужно учесть ожидаемый рост цен за период накопления.

Во-вторых, важно не просто откладывать деньги, а инвестировать их таким образом, чтобы доходность превышала уровень инфляции. Цель Банка России по инфляции составляет 4% в год, следовательно, средний доход от инвестиций должен быть не ниже этого показателя.

Существуют различные финансовые инструменты, которые могут помочь вам компенсировать инфляцию и приумножить ваши сбережения:

*   **Банковский депозит:** Практически не несет рисков благодаря системе страхования вкладов, однако процентная ставка может быть ниже уровня инфляции.
*   **Облигации федерального займа (ОФЗ):** Считаются надежным инструментом, особенно если инвестировать в них на срок не менее трех лет.
*   **Индивидуальный инвестиционный счет (ИИС):** Позволяет получать налоговый вычет, но сопряжен с определенными рисками.
*   **Вклады в иностранной валюте:** Могут помочь защитить от инфляции, но также несут валютные риски.

Кроме того, важно регулярно пересматривать свой финансовый план с учетом текущего уровня инфляции и корректировать стратегию накоплений при необходимости. Старайтесь избегать соблазнов потратить накопления на текущие нужды и выбирайте такие варианты хранения средств, которые усложняют или делают невыгодным их изъятие до достижения цели (например, срочные вклады или ОФЗ).

В заключение, учет инфляции – это ключевой аспект успешного финансового планирования семьи. Не стоит держать деньги «под подушкой», так как это приводит к потере их реальной стоимости. Инвестируйте средства в надежные финансовые инструменты и регулярно пересматривайте свой план, чтобы обеспечить финансовую стабильность и достижение поставленных целей.

В случае необходимости разработки индивидуального плана, адаптированного к вашим конкретным обстоятельствам, я рекомендую обратиться к финансовому консультанту или инвестиционному советнику.
"
282,Чем отличаются решения для закрытия кассового разрыва для инвестора на бирже и для бизнеса?,"

Различия в решениях для закрытия кассового разрыва для инвестора на бирже и для бизнеса заключаются в следующем:

**Для бизнеса (эмитента ценных бумаг):**

*   **Выпуск акций:** Предлагает инвесторам долю в компании в обмен на финансирование. Компания не обязана выплачивать инвесторам фиксированный доход (дивиденды), но инвесторы становятся совладельцами и могут влиять на развитие бизнеса. Это рискованно как для компании, так и для инвесторов. Требует регистрации компании как акционерного общества.
*   **Выпуск облигаций:** Компания занимает деньги у инвесторов и обязуется выплачивать проценты (купонный доход) и погасить основной долг в будущем. Это более предсказуемый способ финансирования, чем выпуск акций, так как компания сама определяет условия выплат. Подходит для компаний любой организационной формы.
*   **Риски:** В случае неудачи бизнес-идеи и невыполнения обязательств перед инвесторами, может быть инициирована процедура банкротства и распродажа активов компании.
*   **Процедура:** Выпуск ценных бумаг – долгий процесс, требующий раскрытия информации о компании (структура, стратегия, финансовая отчетность) и постоянного информирования инвесторов.

**Для инвестора на бирже:**

*   **Покупка акций:** Инвестор приобретает долю в компании и рассчитывает на получение дивидендов в будущем (если компания решит их выплачивать). Это более рискованный вариант, чем покупка облигаций.
*   **Покупка облигаций:** Инвестор предоставляет компании заем и рассчитывает на получение купонного дохода и возврат номинала облигации в установленный срок. Это более консервативный вариант инвестирования.
*   **Риски:** Инвестор может потерять часть или все вложенные средства, если компания обанкротится или не сможет выплачивать купонный доход/дивиденды. На бирже нет страховки, как в случае с банковскими депозитами.
*   **Возможности:** Инвестор имеет более широкий круг компаний для инвестирования, чем кредиторы (банки, МФО).

**Ключевое отличие:**

Для бизнеса выпуск ценных бумаг – это способ привлечения финансирования, а для инвестора – способ вложения средств с целью получения прибыли. Бизнес берет на себя обязательства перед инвесторами, а инвестор несет риски, связанные с инвестициями.

**Важно помнить:**

Прежде чем принимать решение об инвестировании или выпуске ценных бумаг, необходимо тщательно оценить все риски и преимущества, а также проконсультироваться с финансовым специалистом или юристом.
"
283,Почему сумма списания по рублевой карте за границей может отличаться от ожидаемой?,"Сумма списания по рублевой карте за границей может отличаться от ожидаемой из-за нескольких факторов, которые связаны с конвертацией валюты и комиссиями. Вот подробное объяснение:

1. **Конвертация валюты платежной системой:** Когда вы совершаете покупку в иностранной валюте (например, в японской иене), платежная система (Visa, Mastercard, и т.д.) сначала конвертирует эту валюту в свою базовую валюту (чаще всего доллары или евро). За эту конвертацию платежная система берет комиссию, которая может составлять до 3% от суммы покупки.

2. **Конвертация валюты банком:** Ваш банк, получив информацию о сумме покупки в долларах (или евро), должен списать эту сумму с вашего рублевого счета. Так как ваш счет рублевый, банк проводит еще одну конвертацию – из долларов (или евро) в рубли. Конвертация может происходить по внутреннему курсу банка или по курсу Банка России.

3. **Разница курсов:** Курсы валют постоянно меняются. Сумма, заблокированная на вашей карте в момент покупки, рассчитывается по одному курсу. Фактическое списание средств со счета может произойти через 1-3 рабочих дня, и за это время курс валюты может измениться. Из-за этой разницы курсов итоговая сумма списания может отличаться от заблокированной.

4. **Комиссия банка за трансграничную операцию:** Банк может взимать комиссию за проведение трансграничной операции, которая может составлять до 1,5% от суммы покупки.

**Пример:**

Вы купили товар в Токио за 10 000 иен.

*   **Иена -> Доллар:** Платежная система конвертирует 10 000 иен в доллары по своему курсу, например, 1 иена = 0,007 доллара. Получается 70 долларов. Плюс комиссия платежной системы 3% (около 2,1 доллара). Итого: 72,1 доллара.
*   **Доллар -> Рубль:** Ваш банк конвертирует 72,1 доллара в рубли по своему курсу, например, 1 доллар = 90 рублей. Получается 6489 рублей. Плюс комиссия банка 1,5% (около 97,34 рубля). Итого: 6586,34 рубля.

В итоге, с вашей карты может быть списано 6586,34 рубля, хотя на момент покупки была заблокирована сумма, эквивалентная примерно 6489 рублей, просто из-за разницы курсов и комиссий.

**Рекомендации:**

*   Уточните в своем банке комиссии за проведение операций за границей (конвертация валюты, комиссия за трансграничную операцию).
*   При оплате картой за границей старайтесь выбирать оплату в местной валюте, чтобы избежать лишних конвертаций и комиссий.
*   По возможности, используйте валютные или мультивалютные карты, чтобы избежать конвертации из рублей.

Если у вас возникли вопросы по конкретной операции, обратитесь непосредственно в свой банк для получения подробной информации. Для более детального консультирования по вопросам финансовых операций и выбора оптимальных карт, рекомендуется обратиться к финансовому специалисту.
"
284,Чем краудинвестинг отличается от краудлендинга?,"Краудинвестинг и краудлендинг – оба являются видами краудфандинга, то есть коллективного финансирования через инвестиционные платформы, но принципиально отличаются способом взаимодействия с инвесторами и условиями возврата средств.

**Краудлендинг** по сути является заемом. Вы привлекаете деньги от людей и компаний под проценты, и обязуетесь вернуть их в оговоренный срок. Это похоже на кредит, только его предоставляют не банки, а частные инвесторы через онлайн-платформы. Обычно процентные ставки по краудлендингу выше, чем в банках, но и требования к заемщику менее строгие.

**Краудинвестинг** предполагает, что инвесторы не дают вам в долг, а инвестируют в вашу компанию, становясь ее совладельцами. Взамен они получают акции или облигации компании. Если компания будет успешной, они получат прибыль (дивиденды по акциям или купонный доход по облигациям). Если же у компании возникнут проблемы, они могут потерять свои вложения.

**Ключевые различия в таблице:**

| Характеристика | Краудлендинг | Краудинвестинг |
|---|---|---|
| **Суть** | Заем | Инвестиция |
| **Что получают инвесторы** | Проценты по займу и возврат основной суммы долга | Акции или облигации компании, потенциально дивиденды/купонный доход |
| **Права инвесторов** | Кредиторы | Совладельцы (акционеры) или кредиторы (облигации) |
| **Риски для инвесторов** | Риск невозврата займа | Риск потери вложений в случае неудачи компании |
| **Подходит для** | Закрытия кассовых разрывов, пополнения оборотных средств, закупок | Начала нового проекта или развития существующего бизнеса |

Таким образом, краудлендинг подходит для ситуаций, когда вам нужны деньги на короткий срок, и вы готовы выплачивать проценты, а краудинвестинг – когда вы планируете долгосрочное развитие и готовы делиться частью компании с инвесторами.
"
285,Что делать при подозрительном звонке «службы безопасности» на фоне блокировки карты?,"Здравствуйте!

Вы обеспокоены звонками о блокировке карты из-за санкций? Это понятно, так как мошенники часто используют подобные ситуации для обмана. Согласно предоставленной информации, эти звонки, скорее всего, являются мошенническими. Мошенники пользуются новостями о блокировках банковских карт и счетов, чтобы выманить у людей деньги и секретные реквизиты.

**Вот что нужно делать в такой ситуации:**

1.  **Не паникуйте.** Шумиха вокруг этой темы часто преувеличена.
2.  **Не поддерживайте разговор.** Если вам звонят от имени банка и пугают блокировками, не вступайте в диалог.
3.  **Немедленно позвоните в свой банк** по номеру горячей линии, указанному на официальном сайте финансовой организации или на вашей банковской карте. Это позволит вам проверить информацию и убедиться, действительно ли ваша карта заблокирована.
4.  **Будьте бдительны.** Мошенники могут говорить о ""секретной информации"" или давить на вас, требуя немедленных действий. Не поддавайтесь на провокации.

**Как защитить себя от мошенников:**

*   **Подключите СМС-оповещения по карте:** чтобы получать уведомления о всех операциях.
*   **Никому не сообщайте ПИН-код, CVC-/CVV-код, срок действия карты и другую конфиденциальную информацию.** Сотрудники банка никогда не будут запрашивать эти данные по телефону.
*   **Не позволяйте уносить карту из поля зрения.**
*   **Прикрывайте клавиатуру при вводе ПИН-кода.**
*   **Заходите только на проверенные сайты и не переходите по подозрительным ссылкам.**
*   **Перепроверяйте любую информацию о блокировке карты, связываясь напрямую с банком.**

**Если у вас есть подозрения, что вы стали жертвой мошенников:**

*   Немедленно обратитесь в полицию.
*   Сообщите в свой банк.

**Важно помнить:** Банковская карта – это всего лишь инструмент доступа к вашему счету. Блокировка карты не означает потерю денег, они остаются на вашем счете.

В случае возникновения сложных ситуаций, особенно связанных с крупными суммами или юридическими аспектами, рекомендую обратиться за консультацией к юристу или финансовому специалисту.
"
286,"В каких ситуациях предпринимателю проще воспользоваться лизингом, чем кредитом?","
Предпринимателю проще воспользоваться лизингом, чем кредитом, в следующих ситуациях:

*   **Сложности с получением кредита:** Получить предпринимательский кредит бывает сложно, особенно для начинающих предпринимателей. Лизинговые компании предъявляют менее строгие требования.
*   **Необходимость в оборудовании, транспорте или недвижимости:** Лизинг особенно удобен для приобретения спецтехники, транспорта, недвижимости или оборудования для бизнеса.
*   **Отсутствие залога:** Для лизинга не требуется вносить залог, в отличие от кредита, где залог часто необходим. Само приобретаемое имущество и является залогом.
*   **Гибкие условия:** Условия лизингового договора (срок лизинга и график платежей) обычно более гибкие, чем условия кредитного договора.
*   **Экономия на налоге на прибыль:** Лизинговые платежи учитываются в бухгалтерских документах как расходы, что позволяет уменьшить налогооблагаемую базу.
*   **Возможность получения скидок:** Лизинговые компании часто закупаются оптом и получают скидки на оборудование и транспорт.
*   **Упрощение логистики:** Лизинговая компания может взять на себя доставку, таможенное оформление и монтаж оборудования.
*   **Наличие госпрограмм:** Многие предприниматели могут воспользоваться госпрограммами льготного лизинга с более низкими ставками.
*   **Небольшой срок ведения бизнеса:** Лизинговые компании охотнее идут на сделку с начинающими предпринимателями (существующими менее года), чем банки.
*   **Отсутствие имущества для залога:** Если у предпринимателя нет имущества для залога или его стоимость невелика, лизинг может быть более доступным вариантом.

В некоторых случаях, например, при необходимости получить машину для личных целей, стоит сравнить предложения лизинговых компаний и условия автокредитов в банках, так как кредит может оказаться выгоднее из-за НДС на лизинговые платежи.

Также важно помнить, что в лизинг нельзя взять земельный участок, природный объект или имущество, которое не подлежит свободной продаже.
"
287,Почему обещания «100% результата» и гарантированной прибыли без риска — признак мошенничества?,"Обещания ""100% результата"" и гарантированной прибыли без риска – это явный признак мошенничества, и вот почему:

**В финансовых вопросах невозможно гарантировать результат.** Любые инвестиции сопряжены с риском потери средств. Рыночная конъюнктура постоянно меняется, и даже самые опытные инвесторы не могут предсказать будущее с абсолютной точностью. Если вам предлагают гарантированный доход, это должно вызывать подозрения.

**Это типичный прием финансовых пирамид и мошенников.** Как указывается в предоставленных документах, мошенники часто используют подобную тактику, чтобы привлечь клиентов. Они обещают неслыханно высокий доход без риска, чтобы заманить людей и получить их деньги.

**Такая практика запрещена законом.** Обещания гарантированной прибыли запрещены на финансовом рынке, так как вводят вкладчиков в заблуждение и создают ложные ожидания.

**В реальности, чтобы получить высокую прибыль, необходимо идти на риск.** Чем выше потенциальная доходность, тем выше и риск потери инвестиций. Здравый смысл подсказывает, что не бывает беспроигрышных вариантов.

**Мошенники используют эти обещания, чтобы ввести вас в заблуждение и заставить поверить в их схему.** Они играют на вашем желании быстро и легко заработать, и, к сожалению, многие люди становятся жертвами этих обманов.

**Если вам предлагают ""100% результат"" или гарантированную прибыль без риска, следует быть крайне осторожным.**  Внимательно изучите все детали предложения, проверьте репутацию компании и проконсультируйтесь с финансовым специалистом или юристом, прежде чем принимать какие-либо решения.  Возможно, это финансовая пирамида или другая мошенническая схема.
"
288,В каких случаях можно получить повышенную компенсацию до 10 млн рублей при проблемах с банком?,"Повышенную компенсацию до 10 млн рублей можно получить в следующих случаях:

*   **Счета эскроу для покупки недвижимости:** Если деньги находились на счете эскроу, предназначенном для покупки квартиры, дома, дачи или земельного участка со строениями.
*   **Определенные поступления на счет:** Если деньги поступили на счет после продажи имущества (квартиры, дома, дачи, земельного участка со строениями), оформления наследства, получения решения суда, возмещения ущерба жизни, здоровью или имуществу, получения выходного пособия, компенсаций или других выплат по трудовому договору, перечисления материнского капитала, социальных выплат или пособий, выдачи гранта в форме субсидии.

**Важно:** Повышенная выплата полагается только в том случае, если деньги поступили на счет не ранее чем за три месяца до отзыва лицензии банка или введения моратория на выплаты по вкладам.

Также стоит помнить, что государство гарантирует возврат до 1,4 млн рублей по всем вашим счетам и вкладам в одном банке. Если у вашего банка отзовут лицензию, вы сможете запросить выплату через сайт Агентства по страхованию вкладов (АСВ) или портал «Госуслуги».
"
289,"Какие налоговые либо государственные стимулы доступны для НПФ, ДМС, страхования жизни?","Доступны следующие налоговые и государственные стимулы для НПФ, ДМС, страхования жизни:

**1. Налоговые льготы по договорам страхования жизни (ИСЖ и НСЖ):**

*   **Налоговый вычет на взносы:** позволяет вернуть часть уплаченного подоходного налога (НДФЛ) по договорам страхования жизни сроком от 5 лет. Важно, чтобы у вас был официальный доход, с которого удерживался НДФЛ. Сумма возврата ограничена (в 2024 году до 150 000 ₽ в год).
*   **Страховое возмещение по риску смерти** не облагается налогом.
*   **Выплата по дожитию** освобождается от уплаты НДФЛ при соблюдении условий: взносы делались за себя, и доход по полису не превышает лимита, рассчитываемого на основе суммы взносов и ключевой ставки Банка России.
*   Вложения в НСЖ не считаются имуществом и не подлежат конфискации или разделу при разводе.
*   **Не нужно платить подоходный налог** с выплат по страховым случаям.
*   Часть инвестдохода по ИСЖ также может быть освобождена от НДФЛ, в зависимости от ключевой ставки Банка России.

**2. Программа долгосрочных сбережений (ПДС):**

*   **Софинансирование от государства:** С 1 января 2024 года государство добавляет до 36 000 рублей в год на счет в НПФ, в зависимости от суммы ваших взносов и ежемесячного дохода.
*   **Налоговый вычет на взносы:** Возможность вернуть 13% от суммы взносов, но не больше суммы уплаченного НДФЛ и в пределах лимита (ожидается 52 000 рублей в 2024 году).
*   **Вычет на доход:** Возможность не платить НДФЛ с выплат, полученных от НПФ.

**3. Налоговые льготы в целом:**

*   Существует **вычет на долгосрочные сбережения**, который объединяет в себе вычет на взносы и вычет на доход. Он доступен при использовании ИИС-3, ПДС или накоплении на дополнительную пенсию в НПФ.
*   Налоговые льготы по долгосрочным сбережениям можно сочетать с другими налоговыми вычетами (например, имущественным, социальным).

**Важно помнить:**

*   Условия получения налоговых льгот могут меняться, поэтому важно следить за обновлениями законодательства.
*   Для получения конкретных рекомендаций по налоговым вычетам и программам сбережений рекомендуется обратиться к юристу или финансовому специалисту.
*   Наличие и размер налоговых льгот зависят от конкретных условий договоров и вашей индивидуальной ситуации."
290,"Почему при разделе ипотечной квартиры важно учитывать лимиты льготных программ, если ставка была снижена за счет застройщика?","
При разделе ипотечной квартиры, когда ставка была снижена за счет застройщика, важно учитывать лимиты льготных программ по нескольким причинам:

**1. Потеря льготной ставки:** Ипотека от застройщика часто предполагает снижение ставки на период строительства за счет субсидий от застройщика. Однако, после завершения строительства ставка становится рыночной. При разделе квартиры, если остаток долга по ипотеке после продажи доли превышает лимиты льготных программ (например, 12 млн рублей в Москве и Санкт-Петербурге для ипотеки с господдержкой), то на оставшуюся сумму кредита будет применена стандартная, более высокая процентная ставка. Это может существенно увеличить ежемесячные платежи и общую переплату по кредиту.

**2. Несоответствие условиям льготной программы:** Льготные программы имеют определенные требования к заемщикам и объектам недвижимости. Раздел квартиры может привести к тому, что один из собственников перестанет соответствовать этим требованиям (например, изменится состав семьи для ""Семейной ипотеки""). В этом случае, льготная ставка будет аннулирована для всей суммы кредита.

**3. Риск увеличения финансовой нагрузки:** Если после раздела квартиры один из собственников не сможет самостоятельно погасить оставшуюся часть ипотеки, это может привести к просрочкам по платежам и, как следствие, к штрафам и ухудшению кредитной истории.

**4. Сложности с рефинансированием:** В случае необходимости рефинансирования ипотеки после раздела квартиры, могут возникнуть сложности с получением льготной ставки, если сумма кредита превышает лимиты.

**В вашем случае:**

Если вы планируете разделить ипотечную квартиру, необходимо тщательно оценить, как это повлияет на условия ипотечного кредита. Важно:

*   **Рассчитать остаток долга:** Определить, какая сумма долга останется после продажи доли.
*   **Проверить соответствие лимитам:** Убедиться, что остаток долга не превышает лимиты льготных программ.
*   **Узнать условия банка:** Обратиться в банк для консультации и уточнения условий сохранения льготной ставки после раздела квартиры.
*   **Проконсультироваться со специалистом:** Рекомендуется обратиться к юристу или финансовому консультанту для получения квалифицированной помощи в оценке рисков и разработке оптимальной стратегии.

В заключение, раздел ипотечной квартиры, особенно при наличии льготной ставки, требует внимательного анализа и планирования, чтобы избежать нежелательных финансовых последствий.
"
291,Какие признаки укажут на финансовую пирамиду под видом инвестпроекта либо «работы с высоким доходом»?,"
Финансовая пирамида, маскирующаяся под инвестиционный проект или ""работу с высоким доходом"", имеет ряд характерных признаков. Вот основные из них, основываясь на предоставленной информации:

*   **Гарантированный высокий доход без риска:** Вам обещают доход значительно выше рыночного, при этом уверяют в отсутствии каких-либо рисков. Это нереалистично, так как любые инвестиции сопряжены с риском.
*   **Сложная схема начисления дохода:** Расчет прибыли представлен запутанной формулой с множеством непонятных параметров, что делается для того, чтобы скрыть истинную схему работы.
*   **Привлечение новых клиентов:** Вам предлагают вознаграждение за привлечение новых вкладчиков, что является ключевым признаком пирамиды – для выплат старым участникам нужны деньги новых.
*   **Отсутствие подтверждения инвестиций:** Вам не предоставляют доступ к финансовым документам, а предлагают переводить деньги не по реквизитам компании, а на счета других лиц (карты, электронные кошельки, наличные без чеков).
*   **Скрытые контакты:** На сайте компании отсутствуют контактные данные (телефоны, email, почтовый адрес), общение происходит только через обратный звонок, чат или мессенджеры.
*   **Непрозрачная деятельность:** Компания может позиционировать себя как занимающаяся перспективным бизнесом, высокотехнологичными разработками или инновационными проектами, но не предоставляет конкретной информации о своей деятельности.
*   **Несоответствие деятельности и регистрации:** Компания зарегистрирована как, например, пекарня, но предлагает инвестиции в криптовалюту.
*   **Однотипные хвалебные отзывы:** В интернете преобладают однотипные положительные отзывы, которые могут быть поддельными.
*   **Несоответствие реквизитов:** Расхождения в реквизитах компании в договоре, на сайте и в официальных реестрах.

**Важно помнить:** Если вы обнаружили хотя бы один из этих признаков, стоит серьезно задуматься и провести тщательную проверку компании. Прежде чем инвестировать, убедитесь, что компания зарегистрирована в реестре Банка России (если это финансовая организация) и отсутствует в списке сомнительных организаций, публикуемом Банком России. Также рекомендуется проверить данные в ЕГРЮЛ и проконсультироваться с юристом.
"
292,Почему включение платных сервисов в сумму кредита ведет к переплате?,"Включение стоимости страховок и дополнительных услуг в сумму кредита может привести к переплате, поскольку на эту сумму начисляются проценты. То есть, вы платите проценты не только за те деньги, которые вам действительно потребовались, но и за стоимость ненужных сервисов. 

**Что говорит закон:**

*   По новому закону, банки обязаны включать цену всех платных сервисов в полную стоимость кредита (ПСК).
*   У вас есть право отказаться от ненужных дополнительных услуг в течение 30 дней с момента заключения договора и вернуть деньги.
*   Банк может включить цену страховок и дополнительных сервисов в сумму кредита только с вашего согласия.

**Как это работает на практике (пример с Константином):**

Константин хотел занять 5000 рублей, но получил на карту только эту сумму, в то время как его долг на сайте МФО составлял 8000 рублей. Разница в 3000 рублей была потрачена на дополнительные сервисы, которые были включены в сумму займа, и на которые затем начислялись проценты.

**Что нужно делать, чтобы не переплатить:**

1.  **Тщательно проверяйте кредитный договор:** Перед подписанием договора внимательно изучите все пункты, особенно сумму кредита и график платежей.
2.  **Обращайте внимание на полную стоимость кредита (ПСК):** ПСК должна быть указана в квадратной рамке на первой странице договора и включать в себя все дополнительные услуги и сервисы, которые влияют на условия выдачи кредита.
3.  **Откажитесь от ненужных услуг:** Если вам предлагают дополнительные услуги, которые вам не нужны, откажитесь от них. Попросите банк внести правки в договор.
4.  **Оценивайте выгоду:** Если некоторые сервисы полезны, решите, хотите ли вы оплатить их отдельно или за счет кредита (с учетом начисления процентов).
5.  **Учитывайте период ""охлаждения"":** В течение 30 дней после заключения договора вы можете отказаться от ненужных услуг и вернуть деньги.

**Важно помнить:**

*   Банки и МФО могут использовать различные уловки, чтобы продать вам дополнительные сервисы.
*   Внимательно читайте все документы, прежде чем их подписывать.
*   Не стесняйтесь задавать вопросы кредитному менеджеру и требовать разъяснения непонятных пунктов договора.
*   Если вы не уверены в своих правах или сомневаетесь в правильности действий банка, обратитесь к юристу или финансовому специалисту для консультации.
*   В случае нарушения ваших прав, вы можете обратиться в Банк России или Роспотребнадзор."
293,"Когда уместнее выбрать краудфандинг, а не копить самостоятельно?","
Краудфандинг может быть более уместен, чем самостоятельное накопление средств, в нескольких ситуациях:

*   **Срочная потребность в финансировании:** Если вашему бизнесу срочно нужны деньги на небольшой срок, краудлендинг может быть быстрым решением.
*   **Привлечение профессиональных инвесторов:** Если вы планируете начать новый бизнес-проект или развить существующий, краудинвестинг позволит привлечь инвесторов в обмен на ценные бумаги вашей компании.
*   **Наличие спроса на ваш продукт или услугу:** Если у вас есть востребованный продукт или услуга (например, цех металлопроката, маникюрный салон, творческий проект), вы можете предложить инвесторам результат своего труда в обмен на финансирование. Это может быть оформлено через выпуск утилитарных цифровых прав (УЦП), дающих право на получение товара, работы, услуги или интеллектуального продукта.
*   **Творческие и креативные проекты:** Краудфандинг с нефинансовым вознаграждением особенно хорошо подходит для творческих проектов, где авторы могут убедить людей поддержать их планы.
*   **Недостаточная кредитная история или убедительный бизнес-план для банков:** Краудинвестинговые площадки часто имеют менее жесткие требования к компаниям, чем банки, что делает их доступными для предприятий без кредитной истории или с неидеальным бизнес-планом.
*   **Тестирование идеи:** Краудфандинг позволяет проверить интерес к вашему проекту и собрать средства одновременно. Если проект не набирает достаточную сумму, вы можете понять, что идея не востребована.

**Важно помнить:**

*   При краудфандинге с нефинансовым вознаграждением, необходимо предложить инвесторам какие-то бонусы или выгоды, чтобы привлечь их.
*   Необходимо четко определить срок действия предложения, минимальную и максимальную сумму сбора средств.
*   Если не удастся собрать минимальную необходимую сумму, финансирование не будет получено.
*   В случае успеха, важно выполнить свои обязательства перед инвесторами и предоставить обещанное вознаграждение.

В зависимости от ваших целей и особенностей проекта, вы можете выбрать один из видов краудфандинга: краудлендинг, краудинвестинг, краудфандинг с нефинансовым вознаграждением или благотворительный краудфандинг.
"
294,Как оформить вычет на инвестиционный доход по ИИС‑3 при закрытии счета?,"Для оформления вычета на инвестиционный доход по ИИС-3 при закрытии счета, необходимо учитывать несколько моментов:

**1. Срок владения счетом:**

*   Вы должны владеть ИИС-3 не менее минимального срока, который зависит от года открытия счета (см. информацию выше). Если вы закроете счет раньше этого срока, вы потеряете право на вычеты и должны будете вернуть ранее полученные вычеты на взносы, а также уплатить пени.
*   Вы можете забрать деньги с ИИС в любой момент после истечения минимального срока владения, сохранив право на вычет на доход.

**2. Условия получения вычета:**

*   Вычет на доход освобождает от НДФЛ с прибыли от инвестиций, но только с той прибыли, которая получена от ценных бумаг, выпущенных в России и странах ЕАЭС.
*   С дохода по зарубежным активам необходимо будет заплатить НДФЛ.
*   В год закрытия ИИС-3 вычет на взносы не действует.
*   Если сумма дохода по всем закрытым в этом году ИИС-3 превышает 30 млн рублей, с части прибыли придется заплатить НДФЛ.

**3. Процедура оформления:**

*   Обратитесь к своему брокеру или управляющему. Они выступают в качестве налогового агента и не будут удерживать НДФЛ с вашей прибыли при закрытии счета.
*   Брокер или управляющий уточнит список необходимых документов для оформления вычета. Обычно требуется справка из налоговой о том, что вы не получали вычет на взнос по этому счету (если применимо).
*   Как правило, при закрытии счета брокер автоматически рассчитает сумму дохода, освобожденную от налога, и предоставит вам необходимые документы для подтверждения.

**Важные замечания:**

*   Если вы ранее получали вычет на взносы по ИИС-3, вы не можете заменить его вычетом на инвестиционный доход.
*   Вычет на доход можно получить только при закрытии счета и не ранее чем через минимальный срок владения.

Пожалуйста, уточните у своего брокера или управляющего все детали и необходимые документы для оформления вычета на инвестиционный доход, так как процедура может отличаться в зависимости от компании.
Если у вас возникнут дополнительные вопросы или потребуется более конкретная консультация, рекомендуется обратиться к юристу или финансовому специалисту."
295,"Как залог снижает риск потерь для того, кто предоставляет деньги?","Залог снижает риск потерь для того, кто предоставляет деньги, потому что в случае, если заемщик не может вернуть долг, кредитор (банк или МФО) имеет право забрать имущество, которое было предоставлено в залог, и продать его для погашения долга. 

Это означает, что кредитор имеет дополнительную гарантию возврата своих средств, что снижает его риск. Именно поэтому кредиты и займы с залогом (так называемые обеспеченные кредиты) обычно имеют более низкие процентные ставки, чем необеспеченные кредиты.

В контексте начинающих предпринимателей, которые часто сталкиваются с трудностями в получении кредитов из-за высоких рисков, предоставление залога может значительно увеличить их шансы на одобрение кредита. Если же у предпринимателя нет имущества для залога, ему могут помочь государственные структуры, такие как Корпорация МСП или региональные гарантийные организации (РГО), которые гарантируют банку-партнеру возврат части долга в случае неплатежеспособности предпринимателя.

Кроме залога, существуют и другие виды обеспечения, такие как поручительство и созаемщик, которые также снижают риски для кредитора. Поручитель обязуется выплатить долг за заемщика, если тот не сможет это сделать, а созаемщик несет такую же ответственность за погашение кредита, как и сам заемщик.
"
296,Обязателен ли для продавцов прием платежей по QR-коду через СБП по сравнению с планом приема цифровых рублей крупным бизнесом?,"
Нет, прием платежей по QR-коду через СБП не является обязательным для продавцов, в отличие от обязательного приема карт ""Мир"" для бизнеса с годовой выручкой от 20 миллионов рублей. 

Согласно предоставленной информации, продавцы сами решают, как им удобнее рассчитываться с покупателями. Закон обязывает принимать платежи только с карт «Мир» для компаний с выручкой от 20 млн рублей в год, но это требование не распространяется на оплату по картам других платежных систем или по QR-коду.

Оплата по QR-коду через СБП является альтернативным и часто более выгодным способом приема платежей, но подключение к ней остается на усмотрение продавца.
"
297,Может ли банк отказать в кредите после биометрической идентификации?,"Да, банк имеет право отказать в кредите даже после успешной биометрической идентификации. Биометрическая идентификация подтверждает личность клиента, но не гарантирует одобрение кредита. 

Банк может отказать в кредите по тем же причинам, что и при личном обращении в отделение, например, из-за нестабильного дохода или наличия сомнений в законности происхождения средств.

Если вы считаете отказ неправомерным, вы можете подать жалобу в интернет-приемной Банка России.

В целом, биометрия упрощает удаленное получение банковских услуг, позволяя стать клиентом банка, не посещая его отделение. Однако, решение о выдаче кредита остается за банком и основывается на оценке кредитоспособности заемщика.
"
298,Какие признаки операций чаще всего вызывают у банка подозрения в мошенничестве?,"Банк может заподозрить мошенничество и приостановить операцию в следующих случаях:

*   **Перевод на необычно большую сумму** (по меркам вашего бизнеса) или **необычному контрагенту** (например, иностранной компании).
*   **Перевод оформлен неправильно**: отсутствие информации о назначении перевода, из-за чего нет ясности, на что идут деньги.
*   **Снятие крупных сумм со счетов сразу после их зачисления**.
*   **Транзакция выбивается из ряда обычных сделок компании**, а назначение платежа не соответствует ее деятельности.
*   **Подозрительные реквизиты получателя**: данные получателя могут оказаться в базе счетов, замеченных в преступных схемах.
*   **Попытки выманить конфиденциальную информацию** по телефону (полные реквизиты карты, CVC/CVV-код, SMS-коды, пароли).

Важно помнить, что банк обязан сообщить вам о приостановке операции и причине. В этом случае лучше связаться с банком, уточнить причину остановки операции и подтвердить транзакцию. Также стоит проинформировать вашего бизнес-партнера, если платеж был остановлен из-за того, что его реквизиты оказались в базе мошеннических счетов.

Если у вас возникли подозрения относительно действий мошенников, немедленно прервите разговор и позвоните в банк по официальному телефону горячей линии.
"
299,Какой вариант финансирования выбрать сезонному бизнесу при риске отказа банка из‑за регулярных платежей?,"Для сезонного бизнеса, сталкивающегося с риском отказа в кредите из-за необходимости регулярных платежей, есть несколько вариантов финансирования, которые могут быть более подходящими:

1. **Обеспечение по кредиту:**
   *   Поскольку банк беспокоится о вашей способности выплачивать кредит в летние месяцы, предложите обеспечение. Это может быть залог имущества, гарантия или поручительство.
   *   Рассмотрите возможность получения поддержки от участников Национальной гарантийной системы, что может снизить риски для банка.

2. **Кредит под залог имущества:**
   *   Если у вас есть ценное имущество, его можно предложить в качестве залога. Это увеличит ваши шансы на получение кредита, особенно если вы начинающий предприниматель.

3. **Государственная поддержка через Корпорацию МСП или РГО:**
   *   Если у вас нет достаточного имущества для залога, обратитесь в Корпорацию МСП или региональные гарантийные организации (РГО). Они могут гарантировать банку-партнеру погашение части долга в случае вашей неплатежеспособности.

4. **Факторинг:**
   *   Факторинг позволяет получить финансирование под будущую выручку (дебиторскую задолженность) без необходимости предоставления залога.
   *   Фактор может проверить платежеспособность ваших клиентов и контролировать возврат денег, снижая риски неплатежей.
   *   Факторинг позволяет масштабировать оборот, увеличивая финансирование вместе с ростом продаж.

**Важно помнить:**

*   Банки могут предлагать кредиты меньшего размера или увеличивать срок выплат, чтобы снизить свои риски.
*   При выборе варианта финансирования учитывайте свою финансовую ситуацию и риски, связанные с каждым инструментом.
*   В случае возникновения сложностей с получением финансирования, рекомендуется обратиться к финансовому специалисту или юристу для получения консультации.

Поскольку ваш бизнес сезонный, факторинг может быть особенно полезен, так как он позволяет получить финансирование сразу после отгрузки товара, не дожидаясь оплаты от клиентов. Это поможет вам поддерживать денежный поток в течение всего года.
"
300,"Как действует страхование вкладов для номинального счета на ребенка, по сравнению с обычным банковским вкладом?","
Страхование вкладов для номинального счета на ребенка и обычного банковского вклада имеет некоторые отличия, но в целом оба варианта защищены государством.

**Общие принципы страхования вкладов:**

*   В обоих случаях действует система страхования вкладов, гарантированная государством.
*   Если банк, в котором открыт счет или вклад, лишается лицензии, вкладчик имеет право на получение компенсации.
*   В настоящее время (по состоянию на дату обновления информации в документах) максимальная сумма компенсации составляет 1,4 млн рублей. При этом суммируются все счета и вклады в этом банке, включая проценты. В некоторых случаях размер страховки может быть повышен до 10 млн рублей.

**Особенности страхования номинального счета:**

*   Компенсация по номинальному счету может достигать 1,4 млн рублей, и эта сумма *не уменьшает* лимит возмещения по остальным вашим счетам и вкладам в этом банке. То есть, если у вас есть и номинальный счет на ребенка, и обычный вклад, вы можете получить компенсацию до 1,4 млн рублей по каждому из них в случае банкротства банка.
*   Деньги на номинальном счете защищены от взысканий с родителей (например, по их долгам), так как формально они принадлежат ребенку.

**Особенности обычного банковского вклада:**

*   Страхование действует стандартно, в пределах установленного лимита.
*   Владельцем вклада является сам вкладчик (или его законный представитель, если вкладчик несовершеннолетний).

**Важно:**

*   В случае с номинальным счетом важно помнить, что средства на нем должны использоваться в интересах ребенка.
*   В случае с полисом накопительного страхования жизни для детей, в отличие от банковских депозитов, деньги не застрахованы государством. Если у страховой компании отзовут лицензию, вернуть накопления будет сложнее.
*   При выборе способа накопления средств для ребенка (номинальный счет, вклад, страхование) необходимо учитывать свои цели, финансовые возможности и риски.

В общем, оба варианта предлагают защиту средств, но номинальный счет имеет дополнительные гарантии в плане защиты от взысканий с родителей и отдельного лимита страхования.
"
301,"Как распознать обман в звонках про блокировку карты из‑за SWIFT, где перепроверять такую информацию?","Судя по всему, вам звонят мошенники, использующие панику вокруг отключения банков от SWIFT. Они пытаются выманить у вас деньги или получить доступ к вашим банковским данным.

**Почему это обман:**

*   **Звонки о блокировке из-за санкций - это распространенная схема мошенников.** Они используют новостные поводы, чтобы запугать людей и получить доступ к их финансам.
*   **Банки не звонят клиентам с угрозами блокировки карты.** Если у банка есть подозрения, они не будут запугивать, а предложат вам самостоятельно связаться с ними для уточнения информации.

**Что делать, если вам звонят с подобными угрозами:**

1.  **Не поддерживайте разговор.** Не сообщайте никакой личной информации, включая данные карты, пароли или коды из СМС.
2.  **Немедленно прекратите разговор.** Просто положите трубку.
3.  **Свяжитесь с вашим банком напрямую.** Позвоните по официальному номеру телефона, указанному на вашей карте или на официальном сайте банка. Уточните информацию о состоянии вашей карты и счетов. *Не перезванивайте по номеру, указанному в подозрительном сообщении или названному звонившим!*
4.  **Сообщите в полицию.** Если вы стали жертвой мошенников, обратитесь в правоохранительные органы.

**Где можно перепроверить информацию:**

*   **На официальном сайте вашего банка:** Найдите контактный телефон горячей линии.
*   **На банковской карте:** Номер телефона горячей линии обычно указан на обратной стороне карты.
*   **На сайте Банка России:** Здесь можно найти список официальных сайтов банков: [https://www.cbr.ru/](https://www.cbr.ru/)
*   **Горячая линия Банка России:** 8-800-300-3000.

**Важно помнить:** Банк никогда не будет запрашивать у вас полные реквизиты карты, включая трехзначный код на обратной стороне, код из СМС или пароль для доступа к онлайн-банку. Будьте бдительны и не поддавайтесь на провокации!

Если вы не уверены, является ли звонок обманным, лучше перестраховаться и самостоятельно связаться с вашим банком.
"
302,По каким признакам распознать фишинговый сайт или письмо?,"Здравствуйте!

Фишинговые сайты и письма маскируются под настоящие, чтобы украсть ваши личные данные и финансовую информацию. Вот основные признаки, на которые стоит обратить внимание:

**1. Ссылки в письмах и сообщениях:**

*   **Не спешите переходить по ссылкам:** Прежде чем кликнуть, проверьте, куда она ведет. На компьютере наведите курсор на ссылку (не кликая), чтобы увидеть реальный адрес. На смартфоне нажмите и удерживайте ссылку.
*   **Незнакомые адреса:** Если адрес вам незнаком или вызывает подозрения, не открывайте сайт.
*   **Ошибки в адресе:** Обращайте внимание на даже небольшие отличия от настоящего адреса сайта. Например:
    *   Отсутствие `://` после `http` или `https`.
    *   Ошибки в написании доменного имени (например, `supersshope.ru` вместо `supershop.ru`).
    *   Наличие `@` или `=` в адресе.
    *   Необычные символы или разделения точками.
*   **Пустые письма со ссылками:** Будьте осторожны с письмами, которые кажутся пустыми, но содержат ссылки.

**2. Адрес отправителя:**

*   **Проверяйте адрес отправителя:** Мошенники часто регистрируют адреса, похожие на адреса реальных организаций.
*   **Скрытый адрес:** Иногда адрес отправителя скрыт, и вы видите только название организации.

**3. Адресная строка сайта:**

*   **Сохраняйте важные сайты в закладках:** Это поможет избежать ошибок при наборе адреса.
*   **Вводите адрес вручную:** Если вы не используете закладки, набирайте адрес сайта вручную, чтобы не попасть на подделку.
*   **Проверяйте `https` и значок замка:** Перед адресом сайта должно стоять `https://`, а в адресной строке должен быть значок закрытого замка. Это означает, что соединение защищено. Однако наличие `https` не гарантирует, что сайт безопасен.
*   **Внимательно изучайте адресную строку:** Даже небольшие ошибки в адресе могут указывать на фишинговый сайт.

**4. Дизайн и содержание сайта:**

*   **Небрежный дизайн:** Обращайте внимание на некачественную верстку, орфографические ошибки, неработающие ссылки и другие признаки небрежности.
*   **Подозрительное содержание:** Будьте осторожны с письмами и сообщениями, которые вызывают сильные эмоции (страх, жадность, любопытство).

**5. Дополнительные признаки:**

*   **Отсутствие отметки безопасности:** Сайты банков в поисковых системах Яндекс и Mail.ru имеют специальную отметку – галочку в синем кружке.
*   **Сообщения от знакомых:** Если вы получили подозрительное сообщение от знакомого, перезвоните ему и убедитесь, что это действительно он его отправил.

**Что делать, если вы подозреваете фишинговую атаку:**

*   Не переходите по ссылкам и не вводите свои данные.
*   Сообщите о подозрительном письме или сайте в банк или организацию, от имени которой оно было отправлено.
*   Обратитесь к специалисту по кибербезопасности, если вы считаете, что ваши данные были скомпрометированы.

**Важно:** Если у вас возникли сомнения, лучше перестраховаться и обратиться за консультацией к юристу или финансовому специалисту.
"
303,Как проверить подлинность полиса ОСАГО перед покупкой?,"
Здравствуйте! Чтобы избежать покупки поддельного полиса ОСАГО, необходимо предпринять несколько шагов. Вот подробная инструкция, основанная на предоставленной информации:

**1. Проверка лицензии страховой компании:**

*   Убедитесь, что у страховщика есть действующая лицензия на осуществление страховой деятельности, в частности, на ОСАГО.
*   Проверить наличие лицензии можно на сайте Банка России ([www.cbr.ru](http://www.cbr.ru)).
*   Если вы покупаете полис через маркетплейс, убедитесь, что он также состоит в реестре регулятора.
*   При покупке через страхового посредника, проверьте его полномочия на сайте или по телефону горячей линии страховщика.

**2. Проверка адреса продавца:**

*   Используйте официальные сайты страховщиков, страховых брокеров и маркетплейсов, адреса которых можно найти в реестрах Банка России и на сайте РСА.
*   Будьте осторожны с сайтами-клонами, тщательно проверяйте адресную строку браузера.
*   При сомнениях позвоните на горячую линию страховой организации для уточнения информации.
*   Обратите внимание на маркировку официальных сайтов в поисковых системах «Яндекс» и Mail.ru (обозначаются галочкой).

**3. Проверка самого полиса (после получения):**

*   **QR-код:** На каждом бумажном бланке и в распечатке электронного полиса должен быть QR-код в правом верхнем углу. Отсканируйте его с помощью приложения на смартфоне, чтобы проверить название страховой компании, номер полиса, дату выдачи и срок действия.
*   **Соответствие данных:** Внимательно проверьте указанные в полисе данные: марку, модель, VIN-код и государственный номер вашего автомобиля. Любые ошибки могут сделать полис недействительным.
*   **НСИС (Национальная страховая информационная система):** Проверьте подлинность полиса на сайте НСИС. Введите серию и номер полиса, чтобы узнать, принадлежит ли он страховой компании и какому автомобилю он привязан. Если полиса нет в системе, немедленно обратитесь в полицию и оформите новую страховку.

**Дополнительные рекомендации:**

*   **Будьте осторожны с подозрительно низкими ценами.** Низкая цена может указывать на ошибки в данных или на то, что вам предлагают подделку.
*   **Проверяйте данные в базе НСИС даже при корректном полисе.** Убедитесь, что страховщик правильно внес ваши данные в систему.
*   **Покупайте полис напрямую у страховщика или через проверенные маркетплейсы.** Это снижает риск столкнуться с мошенниками.
*   **Если вы уже купили полис и подозреваете, что он поддельный:**
    *   Сообщите об этом страховой компании.
    *   Заблокируйте банковскую карту, если вы оставляли ее данные на мошенническом сайте.
    *   Подайте заявление в полицию.

**Важно:** Помните, что вождение без действующего полиса ОСАГО влечет за собой штраф 800 рублей и может привести к задержанию автомобиля. Использование поддельного полиса может повлечь за собой более серьезные последствия, включая уголовную ответственность.

В случае возникновения сомнений или сложных ситуаций, рекомендуется обратиться за консультацией к юристу или финансовому специалисту.
"
304,Почему нельзя сообщать коды из СМС незнакомцам?,"
Коды из СМС – это важный инструмент защиты ваших средств и личных данных. Вот почему нельзя сообщать их незнакомцам:

* **Подтверждение операций:** Банки и другие финансовые организации используют коды из СМС для подтверждения ваших операций, таких как вход в личный кабинет, оплата покупок или переводы денег. Сообщив код незнакомцу, вы даете ему возможность совершить операцию от вашего имени.
* **Доступ к вашим счетам:** Мошенники могут использовать полученные коды для доступа к вашим банковским счетам, совершения несанкционированных покупок или переводов.
* **Взлом личных кабинетов:** Коды из СМС часто используются для восстановления доступа к личным кабинетам на различных сервисах (например, Госуслуги). Предоставив код злоумышленнику, вы рискуете потерять контроль над своими учетными записями.
* **Принципы безопасности:** Сотрудники банка *никогда* не будут запрашивать у вас коды из СМС, ПИН-коды или CVV/CVC-коды. Если вам звонят или пишут с подобной просьбой, это однозначно мошенники.

**Примеры обмана:**

* **Звонок из ""банка"":** Мошенник представляется сотрудником банка и просит код из СМС для ""проверки"" или ""подтверждения операции"".
* **Сообщение от ""знакомого"":** Вам пишет знакомый и просит код, якобы для получения перевода или доступа к сервису.
* **Подмена сайта:** Вас перенаправляют на поддельный сайт, где просят ввести код из СМС для завершения оплаты.
* **Звонок из ""службы безопасности"":** Вам звонят и сообщают о проблемах с вашим аккаунтом, требуя код для ""решения проблемы"".

**Что делать, если вы сообщили код:**

* **Немедленно свяжитесь с банком:** Заблокируйте карту и сообщите о произошедшем.
* **Смените пароли:** Измените пароли от всех важных учетных записей (банк, электронная почта, социальные сети).
* **Обратитесь в полицию:** Сообщите о мошенничестве в правоохранительные органы.

**Помните:** Будьте бдительны и никому не сообщайте свои секретные коды! Лучше перестраховаться и прекратить разговор или игнорировать подозрительное сообщение, чем потерять свои деньги и личные данные.
"
305,Чем отличается дополнительная детская карта от собственной молодежной карты с 14 лет?,"Дополнительная детская карта (с 6 лет) и собственная молодежная карта (с 14 лет) имеют ряд существенных отличий:

**Дополнительная детская карта (6-14 лет):**

*   **Владелец:** Привязана к счету родителя, фактически является дополнительной картой к родительскому счету.
*   **Оформление:** Оформляется родителями для ребенка.
*   **Контроль:** Родители устанавливают лимиты на траты, могут блокировать определенные типы операций (онлайн-покупки, снятие наличных и т.д.), и отслеживают траты ребенка.
*   **Ответственность:** Финансовую ответственность несет родитель.
*   **Доступ к счету:** Ребенок имеет ограниченный доступ к счету, определяемый родителями.
*   **Тип счета:** Только дебетовая карта.

**Собственная молодежная карта (с 14 лет):**

*   **Владелец:** Открывается на имя подростка как самостоятельный банковский счет.
*   **Оформление:** Подросток оформляет карту самостоятельно с письменного согласия родителей, усыновителей или попечителя.
*   **Контроль:** Подросток самостоятельно управляет своими финансами, хотя родители могут иметь доступ к информации о счете.
*   **Ответственность:** Финансовую ответственность несет сам подросток.
*   **Доступ к счету:** Подросток имеет полный доступ к своему счету, в соответствии с условиями договора.
*   **Тип счета:**  Только дебетовая карта.

Таким образом, дополнительная детская карта – это инструмент для родителей, чтобы контролировать расходы ребенка и обучить его основам финансовой грамотности, в то время как молодежная карта предоставляет подростку более самостоятельное управление своими финансами, но требует большей ответственности."
306,Какие реестры и списки стоит проверить перед инвестированием и выбором юриста?,"Перед инвестированием и выбором юриста стоит проверить следующие реестры и списки:

**При инвестировании:**

*   **Реестры Банка России:** Необходимо проверить, зарегистрирована ли финансовая организация в реестре Банка России. Банк России контролирует работу брокеров, инвестиционных консультантов, кредитных потребительских кооперативов и других финансовых компаний.
*   **Список сомнительных организаций Банка России:** Важно убедиться, что компания, в которую вы планируете инвестировать, отсутствует в списке сомнительных организаций, публикуемом Банком России.
*   **Единый государственный реестр юридических лиц (ЕГРЮЛ):** Необходимо проверить данные о компании в ЕГРЮЛ на сайте Федеральной налоговой службы (ФНС). Обратите внимание на дату регистрации, уставный капитал и основной вид деятельности.
*   **Реестр инвестиционных советников Банка России:** Если вам нужен инвестсоветник, убедитесь, что он есть в реестре Банка России. Сайты официальных инвестиционных советников из реестра обозначены галочкой в синем кружке в поисковых системах Яндекс и Mail.ru.
*   **Саморегулируемые организации (СРО):** Инвестиционные советники обязаны состоять в одной из СРО: Национальной ассоциации участников фондового рынка (НАУФОР) или Ассоциации международных инвестиционных консультантов и советников (АМИКС).

**При выборе юриста:**

*   **Государственный реестр адвокатов:** Если потенциальный доверенный представитель представился адвокатом, необходимо проверить его удостоверение и найти его данные в Государственном реестре адвокатов.
*   **Отзывы в интернете:** Поищите отзывы о юристе или юридической компании в интернете, но помните, что много однотипных хвалебных откликов могут быть фальшивыми.

В целом, перед принятием решения о сотрудничестве с любой финансовой или юридической компанией, важно тщательно проверить ее репутацию и надежность, а также внимательно изучить все документы и условия сотрудничества.
"
307,"Когда разумнее выбрать банковский вклад, а не накопительное страхование жизни?","
Вам стоит выбрать банковский вклад, а не накопительное страхование жизни в следующих случаях:

*   **Вы не готовы к рискам:** Банковский вклад – это самый консервативный способ сохранения и приумножения денег. В отличие от накопительного страхования жизни, вклад застрахован государством на сумму до 1,4 млн рублей (в одном банке). Это означает, что даже если банк обанкротится, вы гарантированно получите свои деньги обратно (в пределах этой суммы). Накопительное страхование жизни такой гарантией не обладает.
*   **Вам нужна высокая ликвидность:** Вклад позволяет вам снять деньги в любой момент (хотя в некоторых случаях может быть потеря части процентов), в то время как при досрочном расторжении договора накопительного страхования жизни вы можете потерять инвестиционный доход и даже часть своих взносов.
*   **Вы не уверены в долгосрочной стабильности страховой компании:** Выбор надежной страховой компании – важная задача. Банки, как правило, более стабильны и известны, чем страховые компании.
*   **Вам не нужна страховая защита:** Накопительное страхование жизни включает в себя страховую защиту, за которую нужно платить. Если вам не нужна такая защита, то вклад будет более выгодным вариантом.
*   **Вы хотите избежать сложных условий договора:** Договоры накопительного страхования жизни часто содержат сложные условия, которые могут быть непонятны обычному человеку. Вклад – это более простой и понятный продукт.

В целом, если ваша главная цель – сохранить деньги и получить небольшой, но гарантированный доход, то банковский вклад – лучший выбор. Если же вы готовы к риску ради потенциально более высокой доходности и вам нужна страховая защита, то накопительное страхование жизни может быть рассмотрено как альтернатива.

**Важно помнить:** Перед принятием решения о выборе финансового инструмента необходимо тщательно оценить свои финансовые цели, риски и возможности. В сложных ситуациях рекомендуется обратиться к финансовому консультанту или юристу."
308,Как реально улучшить испорченную кредитную историю?,"Здравствуйте! Я понимаю вашу обеспокоенность плохой кредитной историей. Это неприятно, но ее вполне возможно улучшить.

Как следует из предоставленных материалов, удалить что-либо из кредитной истории нельзя, однако можно создать новую, положительную историю взаимоотношений с кредиторами.

Вот что можно сделать:

1.  **Берите небольшие кредиты или займы и вовремя их погашайте.** Это может быть кредитная карта или кредит на покупку бытовой техники. Главное – продемонстрировать финансовую дисциплину.
2.  **Аккуратно и вовремя оплачивайте счета за жилищно-коммунальные услуги.** Это также влияет на вашу кредитную историю.
3.  **Регулярно проверяйте свою кредитную историю.** Убедитесь, что информация в ней корректна. Если вы обнаружите ошибки (например, банк не сообщил о закрытии кредита, или появилась чужая задолженность), немедленно обратитесь с заявлением в банк, МФО или в бюро кредитных историй (БКИ) для исправления.
4.  **Если у вас вообще не было кредитов**, и рейтинг плохой, запросите полный кредитный отчет. Возможно, там есть ошибки, или вам отказали в кредите, что также может повлиять на рейтинг.В таком случае рекомендую начать с небольших кредитов, например, при покупке в рассрочку.
5. **Не пытайтесь воспользоваться услугами посредников, которые обещают быстро улучшить кредитную историю.** Это может привести к потере денег или даже к передаче ваших данных мошенникам.

**Важно понимать:** Улучшение кредитной истории – это процесс, который требует времени и усилий. Финансовые организации обычно изучают кредитную активность за последние 2-3 года, поэтому не ждите мгновенных результатов.

Помните, вовремя погашайте текущие долги и будьте дисциплинированы в финансовых вопросах. 

Если у вас возникнут дополнительные вопросы или вам потребуется консультация по конкретной ситуации, рекомендую обратиться к юристу или финансовому специалисту.
"
309,Как получить доступ к средствам на счете при проблемах с картой?,"Если ваша карта заблокирована, вы по-прежнему можете распоряжаться своими деньгами. Вот несколько способов получить доступ к средствам на вашем счете:

*   **Перевыпустить карту:** Вы можете заказать новую карту. Обычно выпуск новой карты занимает несколько дней, но некоторые банки могут сделать это быстрее, даже в течение суток. Услуга перевыпуска карты чаще всего платная.
*   **Снять наличные в банке:** Вы можете снять наличные в отделении банка, выпустившего карту, предъявив паспорт.
*   **Перевести деньги на другой счет:** Вы можете перевести деньги с заблокированной карты на другой счет, к которому привязана активная карта этого же или другого банка. Обычно это можно сделать через мобильное приложение или личный кабинет на сайте банка. В некоторых случаях банк может взимать комиссию за перевод.
*   **Прикрепить к счету другую карту:** Некоторые банки предлагают возможность прикрепить к счету другую карту этого же банка. Уточните эту возможность и сроки по телефону горячей линии банка.

Важно помнить, что банковская карта — это лишь инструмент доступа к вашему банковскому счету, и блокировка карты не означает, что ваши деньги пропали. Они остаются на вашем счете.

Если вам пришло сообщение о блокировке карты с просьбой срочно позвонить на неизвестный номер или перейти по ссылке, не спешите это делать. Это может быть попытка мошенничества.

В любом случае, при проблемах с картой, всегда звоните по официальному номеру горячей линии вашего банка (указан на обратной стороне карты и на сайте банка) или обратитесь в отделение банка, чтобы выяснить причину блокировки и получить рекомендации о дальнейших действиях.
"
310,Почему массовая рассылка заявок снижает шансы на одобрение?,"Рассылка заявок в несколько МФО одновременно может снизить ваши шансы на одобрение по нескольким причинам.

Во-первых, каждое МФО запрашивает информацию о вашей кредитной истории через бюро кредитных историй (БКИ). Многочисленные запросы от разных кредиторов за короткий период времени воспринимаются как признак финансовой нестабильности и повышенного риска. Это может негативно повлиять на вашу кредитную оценку и, как следствие, на решение МФО о выдаче займа.

Во-вторых, МФО используют скоринговые системы для оценки потенциальных заемщиков. Эти системы учитывают множество факторов, и большое количество заявок, поданных одновременно, может быть расценено как попытка ""обмануть"" систему или неспособность оценить свои финансовые возможности.

**В контексте предоставленных документов** есть информация о том, что бесплатные займы от МФО, которые кажутся выгодными, на самом деле являются способом привлечения новых клиентов. Это значит, что МФО охотнее выдают займы тем, кто обращается к ним впервые, а не тем, кто активно ищет предложения у разных кредиторов.

**Рекомендации:**

*   Подавайте заявки только в те МФО, условия которых вам действительно подходят.
*   Рассмотрите возможность улучшения своей кредитной истории перед подачей заявки.
*   Если вам отказали в займе, не спешите обращаться в другие МФО сразу же. Подождите некоторое время и попытайтесь выяснить причину отказа.

**Важно:** Данная информация носит общий характер. В каждом конкретном случае ситуация может быть индивидуальной. Для получения квалифицированной консультации рекомендую обратиться к финансовому специалисту."
311,Какие решения дают налоговую выгоду при одновременной защите сбережений?,"
Для одновременной защиты сбережений и получения налоговой выгоды можно рассмотреть несколько решений:

*   **Сбережения в негосударственном пенсионном фонде (НПФ):** НПФ инвестируют средства в надежные инструменты с невысоким риском, а часть денег можно вернуть с помощью налогового вычета. Ваши сбережения застрахованы государством (до 2,8 млн рублей).
*   **Накопительное страхование жизни (НСЖ):** Позволяет одновременно копить и получать финансовую защиту в случае болезни, травмы или смерти. Предусмотрена налоговая льгота (до 150 000 рублей в год).
*   **Комбинация разных инструментов:** Например, часть сбережений положить на депозит в банк, купить государственные облигации через индивидуальный инвестиционный счет (с налоговым вычетом) и оформить полис НСЖ или заключить договор с НПФ (с налоговым вычетом).

Важно помнить, что сбережения в НПФ и НСЖ также застрахованы государством, что обеспечивает дополнительную защиту ваших средств.
"
312,"Где хранятся купленные через брокера акции и с чего начать их поиск, если вы потеряли документы?","Если вы помните, куда вложились, но потеряли документы, вот что можно сделать, исходя из предоставленной информации:

**Где хранятся акции, купленные через брокера:**

Ваши акции, купленные через брокера, хранятся **в депозитарии** этого брокера на вашем **счете депо**.  В реестре акционеров номинальным владельцем бумаг значится именно депозитарий или брокер.

**С чего начать поиск, если потеряны документы:**

1.  **Вспомните брокера:** Самое важное – вспомнить, через какого брокера вы покупали акции. Постарайтесь отыскать договор с ним.
2.  **Уточните у брокера:** Свяжитесь с брокером и уточните, в каком депозитарии находятся ваши активы.
3.  **Выписка из депозитария:** Запросите у брокера выписку по вашему счету депо. В ней будут перечислены ваши ценные бумаги. Брокер также должен регулярно присылать вам отчет о состоянии ваших счетов.
4.  **Если брокер не отвечает:** Если брокер перестал выходить на связь, проверьте, законно ли он работает на сайте Банка России.
    *   Если брокер не зарегистрирован в Банке России, скорее всего, это мошенники. Обращайтесь в полицию и суд.
    *   Если брокер зарегистрирован, обратитесь в интернет-приемную Банка России. Возможно, компания лишилась лицензии и ликвидировалась. Банк России подскажет, как найти свои активы.

**Дополнительные советы:**

*   **Проверьте котировки:** Прежде чем тратить время и силы на поиски, проверьте котировки акций на сайте Московской биржи, РБК или Cbonds, чтобы понять, имеют ли ваши акции какую-либо ценность.
*   **Дивиденды:** Если по акциям начислялись дивиденды, они должны быть на вашем брокерском счете. Однако брокеры часто берут комиссии за обслуживание счета, поэтому на нем может быть ноль или даже минус.

**Важно:**

Если вы столкнулись с трудностями в поиске своих акций, рекомендуется обратиться к юристу или финансовому специалисту для получения консультации по вашему конкретному случаю.
"
313,"Что безопаснее для оплаты: карта, QR‑код или биометрия?","Давайте рассмотрим безопасность различных способов оплаты: карты, QR-коды и биометрии, основываясь на предоставленной информации.

**Банковская карта:**

*   Оплата банковской картой может быть менее безопасной, чем другие варианты, особенно при онлайн-покупках. Ввод данных карты на сайтах создает риск перехвата информации мошенниками.
*   Однако, в целом, банковские карты защищены, и ответственность за несанкционированные операции обычно несет банк.

**QR-код:**

*   Оплата по QR-коду считается достаточно безопасной. Для подтверждения платежа требуется доступ к вашему телефону и банковскому приложению, что затрудняет доступ к вашим деньгам в случае кражи или потери телефона.
*   При онлайн-оплате QR-кодом не нужно вводить данные карты на сайте, что исключает риск их перехвата.
*   В целом, QR-оплата сопоставима по безопасности с оплатой телефоном через NFC.

**Биометрия:**

*   Биометрические данные (лицо, голос, отпечатки пальцев) надежно защищены государством в Единой биометрической системе (ЕБС).
*   Использование биометрии для платежей считается более безопасным, чем использование наличных или банковской карты, так как украсть биометрические данные практически невозможно.
*   Вы в любое время можете удалить свои данные из ЕБС.
*   Существуют различные способы использования биометрии, например, оплата через терминалы, сканирующие лицо, или оплата в метро, просто посмотрев в камеру.

**Вывод:**

На основе предоставленной информации, **биометрия и оплата по QR-коду представляются более безопасными вариантами, чем оплата банковской картой**, особенно при онлайн-покупках. Биометрические данные надежно защищены государством, а QR-код исключает необходимость ввода данных карты на сайте.

Однако, стоит помнить:

*   **Безопасность зависит от соблюдения мер предосторожности:** используйте надежные приложения и сайты, не сообщайте никому свои пароли и коды подтверждения.
*   **Биометрия - это добровольно:** вы не обязаны предоставлять свои биометрические данные, если не хотите.
*   **QR-код требует внимательности:** убедитесь, что сканируете правильный QR-код и что приложение, через которое вы оплачиваете, является официальным.

Для получения более детальной консультации и оценки рисков в вашем конкретном случае, рекомендуется обратиться к финансовому специалисту или юристу."
314,Какие устройства нужны для оплаты по QR-коду по сравнению с оплатой лицом на кассе?,"
Для оплаты по QR-коду и оплаты ""лицом"" (NFC) требуются разные устройства и возможности:

**Оплата по QR-коду:**

*   **Для продавца:**
    *   **Статический QR-код:** Достаточно просто распечатанного QR-кода, который генерирует банк.
    *   **Динамический QR-код:** Может потребоваться:
        *   Смартфон или планшет с банковским приложением для бизнеса (для генерации кодов).
        *   Перепрограммированный платежный терминал (опционально, может быть платно).
*   **Для покупателя:**
    *   Смартфон с камерой и установленным банковским приложением или приложением СБПэй.

**Оплата ""лицом"" (NFC):**

*   **Для продавца:**
    *   Платежный терминал с поддержкой NFC (бесконтактной оплаты).
*   **Для покупателя:**
    *   Смартфон с поддержкой NFC или банковская карта с чипом NFC.

**Сравнение:**

*   **Оплата по QR-коду** требует наличия камеры на смартфоне покупателя и может быть реализована даже без специального оборудования у продавца (в случае статического QR-кода).
*   **Оплата ""лицом""** требует наличия NFC-модуля как в смартфоне покупателя, так и в платежном терминале продавца.

В условиях санкций, как указано в контексте, оплата по QR-коду может быть более надежным вариантом, так как не зависит от работоспособности NFC и международных платежных систем.
"
315,Какие реквизиты карты относятся к секретным при онлайн-оплате?,"
При онлайн-оплате секретными считаются следующие реквизиты карты:

*   **CVV/CVC-код** (три цифры на обратной стороне карты). Этот код необходим для подтверждения вашей личности при оплате в интернете.
*   **Срок действия карты**. Даже без CVV/CVC-кода мошенники могут совершать онлайн-покупки, зная номер карты и срок ее действия.
*   **ПИН-код карты**. Хотя он обычно не требуется для онлайн-платежей, его также следует хранить в секрете.
*   **Коды из СМС-уведомлений**. Эти коды предназначены для подтверждения операций и никому, включая сотрудников банка, сообщаться не должны.

Важно помнить, что сотрудники банка никогда не будут запрашивать у вас эти данные. Если кто-то пытается их узнать, это мошенники. Также, не стоит вводить данные карты на незнакомых сайтах, чтобы избежать кражи информации.
"
316,"Как обращаются субординированные бумаги при санации, распространяется ли на такие инструменты защита АСВ?","В случае санации банка, обязательства по субординированным облигациям (субордам) прекращаются, и выплаты по ним не производятся. Это связано с тем, что субординированные облигации приравниваются к акционерному капиталу банка, и их держатели фактически становятся участниками рисков, связанных с его деятельностью.

АСВ не распространяет свою защиту на субординированные депозиты и субординированные облигации. Это означает, что в случае отзыва лицензии у банка или его санации, держатели таких инструментов не могут рассчитывать на возмещение своих вложений в рамках системы страхования вкладов.

Субординированные инструменты – это особый вид ценных бумаг с высокой доходностью, но и с повышенными рисками, в том числе и риском полной потери вложенных средств в случае финансовых трудностей банка.
"
317,"Какие последствия ждут продавца, если новый владелец ездит по его полису ОСАГО?","Если новый владелец ездит по вашему полису ОСАГО, это чревато серьезными последствиями для вас как для прежнего собственника автомобиля. 

Во-первых, в случае ДТП, если новый владелец станет виновником аварии, страховщик может выплатить возмещение пострадавшим, но затем предъявит вам регрессный иск, чтобы потребовать компенсацию затрат. Это связано с тем, что вы передали управление автомобилем незастрахованному человеку по своему полису.

Во-вторых, если вы не сообщите страховщику о смене собственника, а новый владелец попадет в ДТП, вам могут отказать в выплатах по полису.

В-третьих, новый владелец может получить штраф за то, что не оформил собственный полис ОСАГО.

В-четвертых, новый собственник рискует остаться без страховой защиты и в случае ДТП выплачивать компенсацию потерпевшему из собственного кармана.

Такая практика незаконна и может привести к множеству проблем как для продавца, так и для покупателя. 

**Важно!** После продажи автомобиля необходимо как можно скорее сообщить страховщику о смене собственника и расторгнуть договор ОСАГО, чтобы избежать возможных рисков. Вы имеете право на возврат части уплаченной суммы за полис, пропорционально оставшемуся сроку действия страховки, за вычетом комиссии страховщика в размере 23%.
"
318,Какие шаги доступны заемщику при финансовых трудностях?,"При финансовых трудностях заемщику доступно несколько шагов, которые можно предпринять:

1.  **Связаться с кредитором:** Самое важное – честно сообщить кредитору о возникших трудностях с выплатами. Это позволит обсудить возможные варианты решения проблемы.
2.  **Реструктуризация долга:** Попросить кредитора изменить график платежей, чтобы сделать их более посильными.
3.  **Кредитные каникулы:**
    *   **Ипотечные каникулы:** Для заемщиков с ипотекой доступны ипотечные каникулы на срок до полугода.
    *   **Кредитные каникулы:** При финансовых проблемах, вызванных санкциями, можно оформить кредитные каникулы по всем видам кредитов. Также кредитные каникулы доступны участникам СВО и их близким, при условии, что кредит был взят до мобилизации.
4.  **Рефинансирование кредита:** Рассмотреть возможность рефинансирования долга в другом банке или МФО, если они предлагают более выгодные условия (например, более низкие процентные ставки). Важно внимательно изучить условия нового договора.
5.  **Банкротство:** Если долг слишком велик и нет возможности его выплатить, можно рассмотреть процедуру банкротства.
6.  **Программы банка:** Узнать о собственных программах уменьшения или отсрочки платежа, предлагаемых вашим банком.
7.  **Продажа залога (например, ипотечной квартиры):** В крайнем случае, можно продать заложенное имущество (например, ипотечную квартиру) для погашения долга, предварительно получив согласие банка.

**Важно помнить:**

*   Не стоит брать новые кредиты для погашения старых, особенно в текущих условиях, так как ставки по кредитам выросли, что увеличит общую переплату.
*   Нельзя скрываться от кредитора, менять номер телефона и т.п. Честное обсуждение проблемы – лучший выход.
*   Следует избегать нелегальных кредиторов (""черных кредиторов""), которые берут огромные проценты и могут прибегать к угрозам и насилию.
*   Необходимо внимательно соблюдать условия кредитного договора, чтобы избежать досрочного требования о погашении кредита.

В случае сложной ситуации рекомендуется обратиться к юристу или финансовому специалисту для получения индивидуальной консультации.

Подробнее о мерах, которые можно предпринять, можно прочитать в статье «Кредит есть, а денег нет. Что делать?»."
319,"Что безопасно сообщать для получения перевода, какие данные считаются «ключом к деньгам»?","
Для получения перевода от другого человека, как правило, достаточно сообщить **название банка, номер телефона, к которому привязан ваш счет, или номер вашей банковской карты**. Эти данные позволяют быстро и безопасно перевести вам деньги через Систему быстрых платежей, приложение другого банка, терминал или банкомат. Также можно безопасно сообщить **номер расчетного счета, БИК и корреспондентский счет** – эти данные чаще используются организациями для переводов.

Однако важно помнить, что существуют данные, которые ни в коем случае нельзя сообщать, так как они являются ""ключом к деньгам"":

*   **Срок действия карты**
*   **Три цифры с обратной стороны карты (CVV/CVC код)**
*   **Пароли и коды из банковских уведомлений** (SMS-коды подтверждения операций)
*   **Логины и пароли от личного кабинета в банке или мобильного приложения**

Настоящий сотрудник банка **никогда** не запросит у вас эти конфиденциальные данные. Если вам звонят и просят предоставить такую информацию, это мошенники.

Будьте бдительны и не сообщайте свои персональные данные и банковские реквизиты в открытом доступе, например, в социальных сетях. Помните, что мошенники часто используют различные схемы обмана, чтобы выманить у вас конфиденциальную информацию.

Если вы сомневаетесь в безопасности операции или звонка, лучше положить трубку и самостоятельно позвонить в банк по официальному номеру, указанному на его сайте или на обороте вашей карты.
"
320,"Какие цифровые условия нужны для дистанционного получения страхового возмещения по вкладам, а также для оформления социального вклада?","
Для дистанционного получения страхового возмещения по вкладам, согласно предоставленной информации, вам понадобятся:

*   **Доступ к сайту Агентства по страхованию вкладов (АСВ)** или **порталу «Госуслуги»**. Вы сможете подать заявление онлайн через эти платформы.
*   **Счет для перечисления средств**. Вам потребуется указать реквизиты счета, на который АСВ перечислит компенсацию.

Для оформления социального вклада, информация о цифровых условиях не представлена в предоставленных документах. Однако, общие условия для социального вклада следующие:

*   **Сумма вклада:** не должна превышать 50 000 рублей.
*   **Ставка:** Банк установит самый высокий процент из тех, что предлагает по депозитам сроком от месяца до года.
*   **Срок вклада:** 1 год с автоматической пролонгацией при сохранении права на льготы.
*   **Возможности:** Ежемесячная выплата процентов на указанный счет, частичное снятие средств без комиссии, досрочное расторжение договора с учетом потери дохода за последний месяц.

Поскольку в предоставленных документах нет информации о цифровых условиях для оформления социального вклада, рекомендую обратиться непосредственно в банк, в котором вы планируете его открыть, чтобы уточнить, какие цифровые сервисы (например, онлайн-заявка) доступны для этой услуги.
"
321,"Почему быстрая продажа квартиры, купленной по субсидированной ставке от застройщика, осложняется при разводе?","
Быстрая продажа квартиры, купленной по субсидированной ставке от застройщика, может быть осложнена при разводе по нескольким причинам, которые вытекают из особенностей этой схемы и законодательства о разделе имущества:

1.  **Завышенная стоимость:** Субсидированная ипотека предполагает завышение цены квартиры, чтобы компенсировать банку упущенную выгоду от низкой процентной ставки. При быстрой продаже вы рискуете не вернуть вложения полностью, так как рыночная стоимость квартиры может оказаться ниже, чем та, за которую она была приобретена. Разница в цене может стать предметом споров при разводе.

2.  **Особенности раздела совместно нажитого имущества:** Если квартира была приобретена в браке, она считается совместно нажитым имуществом и делится между супругами пополам при разводе, даже если оформлена на одного из них.

3.  **Необходимость согласия банка:** Ипотечное жилье находится в залоге у банка, и любые сделки с ним требуют разрешения кредитора. Банк может возражать против продажи, если посчитает, что это может повлиять на его интересы.

4.  **Раздел материнского капитала (если использовался):** Если при покупке квартиры использовался материнский капитал, то до полного погашения ипотеки продажа недвижимости невозможна без выделения долей детям в собственности и получения согласия органов опеки. Это может затянуть процесс продажи и сделать его более сложным.

5.  **Риски при разделе долга:** При разделе ипотечного долга может возникнуть ситуация, когда один из супругов не справляется с платежами по своей части кредита. Это может привести к тому, что банк начнет процедуру взыскания заложенного имущества, что негативно скажется на интересах обоих супругов.

В целом, быстрая продажа квартиры, купленной по субсидированной ставке от застройщика, при разводе осложняется из-за сочетания особенностей ипотечного кредитования, законодательства о разделе имущества и необходимости согласования действий с банком и органами опеки (при использовании материнского капитала).
"
322,В каких случаях действует госстрахование вкладов?,"Государственная страховка вкладов защищает деньги физических лиц, в том числе индивидуальных предпринимателей (ИП), а также россиян и иностранцев. Застрахованы все именные вклады и счета:

*   срочные вклады и вклады до востребования, включая валютные;
*   текущие счета для расчетов по банковским картам;
*   именные сберегательные сертификаты;
*   номинальные счета опекунов и попечителей, открытые для подопечных;
*   расчетные и депозитные счета ИП;
*   профессиональные счета адвокатов и нотариусов.

Также на компенсацию могут рассчитывать представители малого и среднего бизнеса, если они зарегистрированы в едином реестре субъектов малого и среднего предпринимательства, а также счета профсоюзов и социальных НКО.

Страховое покрытие составляет до 1,4 млн рублей по всем вашим счетам и вкладам в одном банке. В некоторых случаях можно рассчитывать на повышенную выплату – до 10 млн рублей. Это возможно, если деньги лежали на счете эскроу (для сделок с недвижимостью) или поступили на счет в пределах трех месяцев до отзыва лицензии у банка в виде наследства, продажи имущества, субсидий и т.п.

Однако, существуют случаи, когда страховка не действует:

*   деньги на счетах и вкладах сверх лимитов гарантированного возмещения;
*   вклады на предъявителя (в том числе удостоверенные депозитным сертификатом или сберегательной книжкой на предъявителя);
*   обезличенные металлические счета;
*   средства на электронных кошельках и предоплаченных неименных картах;
*   деньги, переданные банкам в доверительное управление или вложенные в ценные бумаги банка (акции, облигации, векселя и прочее);
*   вклады в зарубежных филиалах российских банков;
*   субординированные депозиты;
*   сберегательные сертификаты на предъявителя;
*   номинальные счета (за исключением тех, которые опекуны и попечители открыли в пользу подопечных), залоговые счета и счета эскроу, если они созданы не для сделок с недвижимостью;
*   деньги юридических лиц (кроме малых и средних предприятий из единого реестра, а также профсоюзов и социальных НКО);
*   публичные депозитные счета;
*   счета и вклады компаний, признанных иностранными агентами;
*   профессиональные счета актуариев.

Если у вас есть сомнения, распространяется ли страховка на ваш случай, рекомендуется обратиться за разъяснениями в АСВ.
"
323,"Как понять, что страница оплаты фишинговая при онлайн‑покупках или оплате «налога» из вакансии?","Здравствуйте!

Вы спрашиваете, как понять, что страница оплаты фишинговая при онлайн-покупках или оплате, например, ""налога"" из вакансии? Вот несколько признаков, на которые стоит обратить внимание, чтобы не стать жертвой мошенников:

**1. Проверка URL-адреса:**

*   **Доменное имя:** Внимательно изучите адрес сайта. Убедитесь, что он соответствует названию банка или магазина. Мошенники часто используют похожие, но отличающиеся домены (например, ""sberbanka.ru"" вместо ""sberbank.ru"").
*   **Наличие ""https"":**  Адрес сайта должен начинаться с ""https://"", где ""s"" означает ""secure"" (безопасный). Это указывает на то, что соединение зашифровано.  Обратите внимание на значок замка в адресной строке браузера – это еще один признак безопасного соединения.
*   **Ошибки в написании:**  Обращайте внимание на опечатки и грамматические ошибки в URL.

**2. Перенаправление на страницу платежной системы:**

*   **Автоматическое перенаправление:** После нажатия кнопки ""оплатить"" или ""продолжить"", вас *должна* автоматически перенаправить на защищенную страницу платежной системы вашего банка (например, Сбербанк Онлайн, Тинькофф, Альфа-Клик и т.д.). Это отдельная страница, не находящаяся на сайте магазина или сервиса.
*   **Запрос данных на одном сайте:** Если вас просят ввести данные карты (номер, срок действия, CVV-код, код из СМС) непосредственно на сайте магазина или сервиса, это должно вызвать подозрение.  Легитимные платежные системы всегда используют отдельные страницы.

**3. Безопасность страницы оплаты:**

*   **Логотипы платежных систем:** На странице оплаты должны быть логотипы известных платежных систем (Visa, MasterCard, Mir) и значки безопасности (Visa Secure, MasterCard SecureCode, Mir Accept). Убедитесь, что эти логотипы являются активными ссылками, ведущими на официальные сайты платежных систем. На фишинговых сайтах они часто являются просто картинками.
*   **Шифрование данных:**  На странице оплаты должна быть информация о шифровании данных (обычно в нижней части страницы).
*   **Подозрительный дизайн:** Несоответствия в дизайне, низкое качество графики, устаревший вид страницы могут указывать на фишинг.

**4. Дополнительные признаки мошенничества:**

*   **Спешка и давление:** Мошенники часто торопят вас с оплатой, создавая ощущение неотложности ситуации.
*   **Необычные способы оплаты:** Предложения оплатить через электронные кошельки, банковские переводы на личные счета или предоплату на карту – это повод для настороженности.
*   **Запросы дополнительной информации:** Подозрительные запросы на предоставление конфиденциальной информации, такой как PIN-код карты или CVC/CVV-код.

**Что делать, если вы подозреваете фишинговую страницу:**

*   **Не вводите данные карты.**
*   **Не совершайте оплату.**
*   **Закройте страницу браузера.**
*   **Сообщите в банк** о своих подозрениях.
*   **Проверьте антивирусной программой** свой компьютер на наличие вредоносного ПО.

**И помните:** Банки никогда не запрашивают личные данные (номер карты, PIN-код, CVC/CVV-код) по телефону, электронной почте или SMS.  Будьте бдительны и не доверяйте сомнительным сайтам и предложениям.

Если вы столкнулись с подозрением на мошенничество, лучше перестраховаться и обратиться за консультацией к юристу или финансовому специалисту.
"
324,Какой формат бизнеса выбрать для ограничения личной ответственности при работе с НДС?,"Для ограничения личной ответственности при работе с НДС, а также для возможности работы с НДС в принципе, лучше всего подойдет **юридическое лицо (ООО)**.

Вот почему:

*   **Ограниченная ответственность:** В случае долгов или других обязательств, связанных с бизнесом, ООО отвечает только своим имуществом, а не личным имуществом учредителей. Это ключевое отличие от ИП и самозанятых, где предприниматель рискует всем своим имуществом.
*   **Работа с НДС:** ООО имеет право на регистрацию в качестве плательщика НДС, что необходимо для работы с компаниями, работающими по этой системе налогообложения. ИП и самозанятые имеют ограничения в работе с НДС.

**ИП** также может быть плательщиком НДС, но в этом случае он также несет ответственность по обязательствам бизнеса своим личным имуществом.

**Самозанятые** не могут быть плательщиками НДС.

**В итоге:** Если для вас важна защита личного имущества и необходимость работы с НДС, оптимальным выбором будет регистрация ООО.

**Важно:** Выбор формы бизнеса зависит от многих факторов, включая планируемые масштабы бизнеса, количество сотрудников, систему налогообложения и другие особенности. Рекомендуется проконсультироваться с юристом или финансовым специалистом, чтобы выбрать наиболее подходящий вариант для вашей конкретной ситуации."
325,Почему начинать копить раньше выгоднее?,"
Здравствуйте! Давайте разберемся, что выгоднее: копить или брать ипотеку.

В конечном счете, выбор между накоплением и ипотекой зависит от вашей личной ситуации и финансовых возможностей.

**Если у вас есть возможность копить:**

*   **Плюсы:** Вы не переплачиваете проценты банку и не становитесь должником на долгие годы.
*   **Минусы:** Это может занять много времени, особенно если речь идет о крупной покупке, такой как квартира. Кроме того, ваши накопления могут обесцениться из-за инфляции или роста цен на недвижимость.

**Если вы рассматриваете ипотеку:**

*   **Плюсы:** Вы можете сразу же получить желаемое жилье и зафиксировать цену на него. Это защищает вас от роста цен на недвижимость и инфляции.
*   **Минусы:** Вы будете платить проценты банку, что увеличит общую стоимость жилья. Также существует риск потерять квартиру в случае финансовых трудностей.

**Что еще важно учитывать:**

*   **Первоначальный взнос:** Если у вас есть достаточно средств для первоначального взноса, ипотека может быть более выгодным вариантом, так как это позволит вам быстрее стать владельцем жилья.
*   **Арендная плата:** Если вы сейчас платите арендную плату, то ипотека может быть более выгодной, так как вы будете выплачивать собственные деньги, а не чужие.
*   **Ваши доходы и расходы:** Важно оценить, сможете ли вы регулярно выплачивать ипотечные платежи, не ущемляя свои другие финансовые потребности.

**Как грамотно копить:**

*   **Финансовое планирование:** Учитывайте свои доходы и расходы, ставьте четкие финансовые цели и рассчитывайте, сколько вам нужно откладывать ежемесячно.
*   **Инфляция:** Помните, что инфляция обесценивает ваши накопления, поэтому выбирайте инструменты для хранения денег, которые помогут их защитить.
*   **Соблазны:** Избегайте импульсивных трат и выбирайте способы хранения денег, которые затрудняют их снятие.
*   **Финансовые инструменты:** Рассмотрите различные варианты для накопления, такие как банковские вклады, ценные бумаги, ПИФы или ИИС.

**Дополнительные советы:**

*   Начните копить как можно раньше, чтобы воспользоваться преимуществами сложного процента.
*   Увеличьте свой доход и сократите расходы, чтобы ускорить процесс накопления.
*   Не забывайте о себе и своем развитии, так как инвестиции в себя могут принести еще больший доход в будущем.

В вашем случае, если для покупки квартиры потребуется 12 лет накоплений, возможно, стоит рассмотреть вариант с накоплением на первоначальный взнос и последующим оформлением ипотеки. Это может позволить вам быстрее получить желаемое жилье.

**Важно:** Я могу предоставить только общую информацию. Для принятия обоснованного решения, учитывающего вашу конкретную ситуацию, рекомендуется обратиться к финансовому специалисту или юристу.
"
326,Чем государственные гарантии по вкладам отличаются от защиты пенсионных накоплений в НПФ?,"Государственные гарантии по вкладам и защита пенсионных накоплений в НПФ – это разные механизмы, хотя оба направлены на защиту ваших средств.

**Гарантии по вкладам (АСВ):**

*   **Объект защиты:** денежные средства, размещенные в банках в виде вкладов.
*   **Страховая сумма:** до 1,4 млн рублей на одного вкладчика в одном банке.
*   **Основание выплаты:** банк лишился лицензии или был признан банкротом.
*   **Выплата:** АСВ выплачивает полную сумму вклада в пределах страховой суммы.

**Защита пенсионных накоплений в НПФ:**

Защита пенсионных накоплений зависит от того, копите ли вы на государственную или дополнительную пенсию:

**1. Накопительная часть государственной пенсии:**

*   **Объект защиты:** Ваши обязательные пенсионные взносы (работодателя и ваши добровольные).
*   **Гарантия:** Государство гарантирует возврат *только суммы* ваших взносов (обязательных и добровольных), даже если НПФ обанкротится или лишится лицензии. Эти деньги перечисляются в Социальный фонд России (СФР).
*   **Инвестиционный доход:** Инвестиционный доход, полученный НПФ, *не гарантируется*, его вы можете потерять в случае банкротства НПФ.
*   **Если вы уже получаете пенсию:** Размер пенсии не изменится, выплаты будут продолжены СФР.

**2. Дополнительная пенсия:**

*   **Объект защиты:** Накопления на дополнительную пенсию (взносы и инвестиционный доход).
*   **Гарантия:** АСВ возмещает в пределах 2,8 млн рублей вкладчикам проблемных НПФ, включая инвестиционный доход.
*   **Если вы уже получаете пенсию:** Выплаты будут продолжены другим НПФ, выбранным АСВ, в пределах четырех социальных пенсий по старости.

**Ключевое отличие:**

*   Гарантии по вкладам покрывают *полную сумму вклада* (в пределах страховой суммы).
*   Защита пенсионных накоплений, особенно накопительной части государственной пенсии, в первую очередь гарантирует возврат *суммы взносов*, а доходность инвестиций не гарантируется (кроме случаев с дополнительной пенсией, где есть лимит по сумме).

В любом случае, в случае возникновения проблем с НПФ, важно запросить выписку о состоянии вашего счета, чтобы знать точную сумму накоплений и взносов, которые должны быть возвращены.
"
327,"Почему опасно переходить по ссылкам из напоминаний о продлении ОСАГО, а также из переписки с «работодателем»?","Переход по ссылкам из напоминаний о продлении ОСАГО и переписки с ""работодателем"" может быть опасен по нескольким причинам, о которых говорится в предоставленных текстах:

**ОСАГО:**

* **Мошенники часто используют период продления ОСАГО для рассылки фишинговых писем и сообщений.** Они знают, что многие водители в это время активно ищут предложения по страхованию.
* **Аферисты могут указывать в письме настоящие данные о машине и водителе**, взятые из украденных баз данных, чтобы создать иллюзию официального уведомления от страховой компании. Это усложняет выявление обмана.
* **По ссылкам в таких письмах могут вести на поддельные сайты**, которые воруют личные данные и реквизиты банковских карт.

**Переписка с ""работодателем"":**

* **Мошенники могут взламывать аккаунты знакомых или создавать поддельные сообщения**, чтобы замаскировать вредоносную ссылку.
* **Ссылки могут вести на сайты, содержащие вирусы**, которые воруют данные с вашего устройства, включая пароли и коды от онлайн-банков.
* **Преступники создают поддельные страницы**, имитирующие дизайн оригинальных приложений и сайтов, и просят ввести контактные данные и реквизиты карты.

**Общие признаки опасности ссылок, на которые стоит обратить внимание:**

* **Незнакомый адрес отправителя:** Адрес может быть похож на настоящий, но отличаться всего одним символом.
* **Орфографические ошибки и плохой дизайн письма:** Хотя современные мошенники часто уделяют внимание качеству оформления писем, ошибки все равно могут встречаться.
* **Завлекающая или пугающая тема письма:** Мошенники используют темы, которые вызывают эмоции и заставляют перейти по ссылке.
* **Сомнения в подлинности ссылки:** Прежде чем переходить по ссылке, наведите на нее курсор (на компьютере) или удерживайте палец (на смартфоне), чтобы увидеть ее настоящий адрес. Если адрес кажется подозрительным, не открывайте сайт.

**Что делать, чтобы защитить себя:**

* **Никогда не переходите по ссылкам из писем и сообщений от незнакомцев.**
* **Всегда проверяйте адрес отправителя и ссылку, прежде чем переходить по ней.**
* **Установите антивирусные программы на все свои гаджеты и регулярно их обновляйте.**
* **Будьте бдительны и не доверяйте слишком заманчивым предложениям.**

В случае сомнений лучше самостоятельно связаться со страховой компанией или работодателем по известным вам контактам и уточнить информацию. Если вы все же стали жертвой мошенников, обратитесь в банк и правоохранительные органы.
"
328,Каковы лимиты страховой защиты вкладов против НПФ?,"
В случае банкротства НПФ, государство гарантирует сохранность ваших взносов и дохода от их инвестирования в пределах **2,8 млн рублей** в любом НПФ. Если у вас есть счета в нескольких НПФ, эта защита распространяется на каждый из них в пределах указанной суммы.

Если же сумма ваших накоплений в НПФ превышает 2,8 млн рублей, то в случае банкротства фонда вам придется дождаться окончания процедуры ликвидации, в ходе которой АСВ распродает активы НПФ для погашения долгов перед клиентами. Однако, нет гарантии, что удастся вернуть всю сумму.

Если банкротство НПФ произойдет после начала пенсионных выплат, выплаты будут продолжаться, но от другого фонда, выбранного АСВ. При этом максимальная сумма ежемесячных выплат не превысит четырех размеров социальной пенсии по старости.

Важно отметить, что с 1 января 2023 года государство стало гарантировать сохранность не только накоплений на обязательную пенсию, но и отчислений на дополнительные пенсии в НПФ. Все НПФ, предлагающие индивидуальные пенсионные планы, делают взносы в специальный гарантийный фонд, управляемый АСВ.

В отличие от НПФ, для банковских вкладов лимит страховой защиты составляет **1,4 млн рублей** (с возможностью увеличения до 10 млн рублей в отдельных случаях, например, для счетов эскроу).

Для более детальной консультации по вашему конкретному случаю, рекомендую обратиться к юристу или финансовому специалисту.
"
329,Когда регулятор выберет санацию вместо отзыва лицензии?,"Банк России выбирает санацию (процедуру финансового оздоровления) вместо отзыва лицензии в первую очередь, когда это необходимо для минимизации рисков для финансового рынка и предотвращения социальной напряженности. Регулятор учитывает, насколько критичны последствия банкротства компании для финансовой системы и для общества.

Если компания является социально значимой для своего региона или для всей страны, или если она занимается обязательными видами страхования (например, ОСАГО или страхованием ответственности застройщиков), то вероятность санации выше. В этих случаях регулятор стремится сохранить компанию, чтобы не допустить масштабных проблем для клиентов и для рынка в целом.

Санация применяется, когда у компании есть потенциал для восстановления платежеспособности, но она не может справиться с финансовыми трудностями самостоятельно. Банк России в таком случае берет на себя управление компанией и проводит мероприятия по ее оздоровлению.

В итоге, решение о санации принимается исходя из оценки рисков для финансовой системы и социальной стабильности, а также из возможности восстановления компании. При этом клиенты страховщика в случае санации могут не беспокоиться – их договоры остаются в силе.
"
330,Когда имеет смысл открывать ИИС и какой минимальный срок нужен для ИИС-3?,"Инвестиционный счет (ИИС) имеет смысл открывать, если вы планируете инвестировать и хотите получить налоговые льготы. Существует три типа ИИС: ИИС-1, ИИС-2 и новый ИИС-3.

**ИИС-1 и ИИС-2:**

*   **Правила:** Можно внести не более 1 млн рублей в год. Чтобы сохранять право на вычеты, счет должен быть открыт не менее 3 лет.
*   **Вычеты:** ИИС-1 дает право на вычет с суммы внесенных средств (до 52 000 рублей в год), а ИИС-2 – на вычет с полученного дохода от инвестиций.
*   **Важно:** Сейчас открыть новый ИИС-1 или ИИС-2 нельзя, но можно продолжать пользоваться теми, что уже открыты, или трансформировать их в ИИС-3.

**ИИС-3:**

*   **Правила:** Можно вносить любые суммы, открыть до трех таких счетов одновременно.
*   **Вычеты:** Предусматривает освобождение от налога с инвестиционного дохода и возможность получения налогового вычета на взносы при условии невывода средств в течение определенного срока.
*   **Минимальный срок владения:** Этот срок зависит от года открытия счета:
    *   2024–2026 годы: 5 лет
    *   2027 год: 6 лет
    *   2028 год: 7 лет
    *   2029 год: 8 лет
    *   2030 год: 9 лет
    *   С 2031 года: 10 лет

    При этом в зачет идет только полный год владения счетом.
*   **Трансформация из ИИС-1 или ИИС-2:** Если у вас уже есть ИИС-1 или ИИС-2, то при трансформации в ИИС-3 к сроку владения новым счетом может быть прибавлено до 3 лет (фактический срок владения старым ИИС).

**Исключения из правил:**

В случае необходимости дорогостоящего лечения, средства с ИИС-3 можно вывести без потери налоговых льгот, при этом перевод должен быть осуществлен непосредственно на счет медицинской организации.

Если вы планируете инвестировать и хотите максимально использовать налоговые льготы, открытие ИИС-3 может быть наиболее выгодным вариантом, особенно если вы готовы не выводить средства в течение необходимого срока.
"
331,"Кто имеет право на кредитные каникулы из‑за мобилизации, какой срок перерыва предусмотрен?","
Право на кредитные каникулы из-за мобилизации имеют:

*   Участники специальной военной операции (СВО), в том числе добровольцы, служащие по контракту, сотрудники национальной гвардии и других органов, указанных в пункте 6 статьи 1 закона «Об обороне».
*   Члены их семей: супруги, несовершеннолетние дети и дети до 23 лет, учащиеся очно, дети-инвалиды любого возраста (инвалидность присвоена до 18 лет), близкие, находящиеся на иждивении у мобилизованного.
*   Созаемщики участника СВО или членов его семьи также автоматически получают отсрочку платежей.
*   Индивидуальные предприниматели, призванные на мобилизацию.

**Срок кредитных каникул:**

*   На весь период мобилизации, службы по контракту или участия в СВО плюс 180 дней.
*   Для ИП – на срок военной службы плюс 30 дней. Если после демобилизации предприниматель был госпитализирован, то и на весь срок стационарного лечения.
*   Для представителей малого и среднего бизнеса, чей единственный учредитель и руководитель призван по мобилизации – 90 дней после демобилизации собственника компании.
*   Если военнослужащего признали пропавшим без вести, каникулы не закончатся, пока суд не отменит это решение или не объявит человека погибшим.
*   Каникулы можно оформить в любой момент, пока действует кредитный договор, но не позднее 31 декабря 2025 года.

Важно, чтобы кредитный договор был заключен до мобилизации или начала участия в СВО (для добровольцев – до подписания контракта).

Для более детальной консультации по вашему конкретному случаю, рекомендую обратиться к юристу или финансовому специалисту."
332,Как подготовиться к ежегодным тратам без стресса?,"

Чтобы подготовиться к ежегодным тратам без стресса, рекомендую вам придерживаться следующих советов, основанных на предоставленной информации:

1. **Планируйте заранее:** Начните готовиться к ежегодным тратам заблаговременно. Оцените, что именно пошло не так в предыдущие годы: на что ушло больше всего денег, за какие заказы вы переплатили и без чего можно было обойтись.
2. **Составьте план ежегодных трат:** Включите в него все предстоящие выплаты, такие как страховка, налоги, расходы на отпуск и обновление гардероба. Это поможет избежать неприятных сюрпризов.
3. **Создайте резервный фонд:** Откладывайте часть зарплаты (от 10% до 20%) в резервный фонд. Это поможет вам справиться с непредвиденными расходами и не выбиваться из бюджета.
4. **Составьте план ежемесячных трат:** Подсчитайте все регулярные расходы, чтобы понять, сколько денег тратится на каждого члена семьи и где можно сэкономить.
5. **Определите приоритеты:** Расставьте приоритеты в своих тратах и решите, какие покупки можно отложить или заменить более дешевыми аналогами.
6. **Установите лимит на непредвиденные расходы:** Заранее определите сумму, которую вы готовы потратить на спонтанные покупки и праздничное настроение, чтобы не выйти за рамки бюджета.
7. **Используйте инструменты для финансового планирования:** Вы можете воспользоваться мобильными приложениями или традиционными методами, такими как разделение наличных по конвертам (например, ""на авто"", ""на подарки"", ""на гардероб"", ""на непредвиденные расходы"").
8. **Не отказывайтесь от развлечений полностью:** Важно найти баланс между экономией и поддержанием качества жизни. Планируйте время для отдыха и развлечений, чередуя выходные с друзьями и семьей.

В целом, ключ к успешному планированию бюджета – это осознанность, дисциплина и готовность к компромиссам.

Если у вас возникнут вопросы, касающиеся конкретных финансовых инструментов или юридических аспектов планирования бюджета, рекомендую обратиться к финансовому консультанту или юристу.
"
333,"Что мешает оплате картой в России, если SWIFT не помеха?","Несмотря на то, что операции по картам в России не зависят от системы SWIFT благодаря созданию Национальной системы платежных карт (НСПК) и Системы передачи финансовых сообщений (СПФС), существуют факторы, которые могут помешать оплате картой внутри страны:

*   **Блокировка карты банком:** Банк может заблокировать карту, если сочтет операцию подозрительной, особенно если это операция за границей или в незнакомом месте.
*   **Проблемы с Apple Pay, Google Pay и аналогичными сервисами:** Оплата через эти сервисы может не пройти, если ваш банк попал под санкции или если магазин, через который вы пытаетесь заплатить, обслуживается санкционным банком. В таком случае рекомендуется использовать саму карту, а не сервис мобильных платежей.
*   **Ограничения в использовании иностранных сервисов:** Оплата картой через интернет-магазины или платежные терминалы, обслуживаемые санкционными банками, также может быть заблокирована.

**Рекомендации:**

*   Перед поездкой обязательно сообщите своему банку о предстоящей поездке, указав все места посещения, включая пересадки.
*   Запишите контактный номер банка в международном формате (+7...) для связи в случае блокировки карты.
*   В случае блокировки карты немедленно свяжитесь со службой поддержки банка для ее разблокировки.



"
334,Что выбрать для закрытия кассового разрыва: факторинг или краудлендинг?,"Для закрытия кассового разрыва, когда вам срочно нужны деньги на небольшой срок, более подходящим вариантом будет **краудлендинг**.

**Краудлендинг** позволяет получить заем от обычных людей и нефинансовых компаний через специальные инвестиционные платформы. Процедура оформления обычно быстрее и проще, чем получение кредита в банке, и может занять всего несколько дней. Процентные ставки по краудлендингу выше, чем банковские, но это компенсируется скоростью и доступностью финансирования. 

**Факторинг** также может быть полезен, но он больше ориентирован на финансирование дебиторской задолженности, то есть денег, которые вам должны клиенты. Факторинг позволяет получить выручку в день отгрузки товара или оказания услуги, не дожидаясь оплаты от клиента, но требует наличия платежеспособных клиентов и может быть дороже краудлендинга.

**В вашем случае, для быстрого закрытия кассового разрыва, краудлендинг выглядит более привлекательным вариантом**, особенно если вам нужны деньги на короткий срок (несколько месяцев или недель).

**Важно помнить:**

*   Перед принятием решения изучите условия на разных инвестиционных платформах и выберите наиболее выгодные.
*   Оцените свою способность выплачивать заем с учетом процентной ставки.
*   Если у вас есть сомнения, проконсультируйтесь с финансовым специалистом."
335,"Что делать, если из‑за ошибки в НСИС не получается купить ОСАГО онлайн?","Если из-за ошибки в Национальной страховой информационной системе (НСИС) не получается купить ОСАГО онлайн, вам следует предпринять следующие шаги:

1.  **Обратитесь в страховую компанию:** Самый быстрый способ – обратиться в страховую компанию, в договоре с которой вы обнаружили ошибку (например, неправильный КБМ или не ваши ДТП). Подайте заявление с требованием проверить данные и внести изменения в информационную систему. Это можно сделать через сайт компании, ее мобильное приложение или по электронной почте. Страховщик должен разобраться в ситуации, при подтверждении ошибки исправить ее и прислать ответ в течение 15 рабочих дней после вашего запроса.

2.  **Обратитесь напрямую в НСИС:** Если в информационной системе вообще нет каких-то ваших полисов или, наоборот, значится лишний договор страхования, стоит написать напрямую в НСИС. Для этого в личном кабинете на сайте НСИС зайдите в раздел «Полисы», нажмите на кнопку «Сообщить об ошибке в данных» и выберите обращение в НСИС. Опишите проблему как можно подробнее, указав данные неучтенных полисов. В течение 30 календарных дней НСИС проверит информацию, исправит вашу страховую историю и при необходимости пересчитает КБМ.

3.  **Попросите пересчитать цену полиса:** Если выяснится, что страховая компания использовала неверный КБМ или другой коэффициент, попросите ее пересчитать цену полиса и компенсировать разницу. Вы имеете право вернуть переплату за все страховки, которые вы покупали в последние три года. Это можно сделать через суд или во внесудебном порядке с помощью финансового омбудсмена.

4. **Попробуйте оформить полис в другой страховой компании:** Если вам срочно нужен полис, попробуйте оформить ОСАГО в другой страховой компании или обратиться к проверенному страховому агенту. Также можно оставить заявку на финансовом маркетплейсе.

Важно помнить, что исправление ошибок в НСИС может занять некоторое время. Если проблема не решается, рекомендуется обратиться в Российский союз автостраховщиков (РСА) или Банк России для получения консультации и помощи.
"
336,Можно ли продать ипотечную квартиру без согласия банка?,"
Нет, продать ипотечную квартиру без согласия банка невозможно. Ипотечная недвижимость находится в залоге у банка до полного погашения кредита. Это означает, что банк имеет право на эту квартиру, если вы перестанете выплачивать кредит.

Поэтому, чтобы продать ипотечную квартиру, необходимо получить разрешение банка. Банк обычно дает такое разрешение в двух случаях:

1.  **Если по итогу сделки долг по кредиту будет полностью закрыт.** То есть, вырученных от продажи средств хватит на погашение всей суммы долга, включая проценты и штрафы.
2.  **Если долг по кредиту возьмет на себя покупатель.** В этом случае покупатель становится новым заемщиком, и на него перекладываются обязательства по выплате кредита.

Расчеты по сделке должны проходить через ипотечный банк продавца, чтобы банк мог контролировать погашение долга.

Если у вас возникли трудности с выплатой ипотеки, рекомендуется обратиться в банк для обсуждения возможных вариантов решения проблемы, таких как ипотечные каникулы или реструктуризация кредита. Также можно рассмотреть возможность самостоятельной продажи недвижимости, но для этого необходимо получить разрешение банка.

В случае, если банк отказывает в разрешении на продажу, можно обратиться в суд, но это потребует дополнительных затрат и времени.
"
337,С какого возраста ребенок может совершать мелкие покупки самостоятельно?,"
Согласно Гражданскому кодексу, ребенок может совершать мелкие сделки, то есть делать небольшие покупки самостоятельно, с **6 лет**. К мелким сделкам относятся повседневные траты, например, покупка хлеба в булочной.

С 6 лет можно выдавать детям небольшие суммы денег, постепенно увеличивая их размер с возрастом и повышая ответственность за распоряжение средствами.

Важно помнить, что до 14 лет ребенок не может самостоятельно открывать счет в банке или иметь личную карту. Родители могут оформить дополнительную карту к своему счету, чтобы ребенок мог совершать покупки. С 14 лет подросток может открыть собственный счет с письменного согласия родителей или опекунов.

Также, начиная с 6 лет, детям можно доверять покупки в магазине по списку, приучая их сравнивать цены и делать осознанный выбор.
"
338,"Что произойдет с вашими деньгами при отзыве лицензии банка по вкладу, оформленному через маркетплейс, в отличие от ситуации с векселем?","

Если у вашего банка, через маркетплейс оформленного вклада, отзовут лицензию, ваши деньги будут защищены государственной системой страхования вкладов (АСВ) в пределах 1,4 млн рублей (или до 10 млн рублей в определенных случаях, как описано выше). АСВ выплатит вам компенсацию.

В отличие от векселя, банковский вклад застрахован государством. В случае отзыва лицензии у банка-эмитента векселя, вы, как векселедержатель, становитесь кредитором последней очереди и рискуете не получить свои деньги обратно, так как вложения в векселя не попадают в систему страхования вкладов.

Важно помнить, что если у вас есть кредит в этом же банке, АСВ не зачтет автоматически деньги с вклада в погашение кредита. Сначала вам выплатят разницу между суммой вклада и остатком долга по кредиту, а полную компенсацию по вкладу вы сможете получить только после полного погашения кредита.
"
339,Как совместить выплаты по автокредиту с созданием подушки безопасности?,"
Совместить выплаты по автокредиту с созданием финансовой подушки безопасности – задача вполне решаемая, но требующая планирования и дисциплины. Вот несколько рекомендаций, основанных на предоставленной информации:

**1. Приоритеты и планирование:**

*   **Финансовая подушка безопасности:** В первую очередь, необходимо создать финансовую подушку безопасности. Рекомендуемый размер – от трех до шести среднемесячных доходов вашей семьи, либо сумма, достаточная для покрытия ежемесячных расходов в течение шести месяцев. Это обеспечит вам защиту в случае непредвиденных обстоятельств.
*   **Выплаты по кредиту:** Автокредит – это обязательство, которое необходимо выполнять. Просрочки по платежам могут привести к ухудшению кредитной истории и потере автомобиля.

**2. Оптимизация расходов:**

*   **Бюджет:** Составьте подробный бюджет, чтобы отслеживать свои доходы и расходы. Определите статьи, по которым можно сократить траты, чтобы высвободить средства для создания подушки безопасности и своевременной выплаты кредита.
*   **Кэшбэк и проценты по вкладам:** Используйте финансовые инструменты, такие как карты с кэшбэком, чтобы возвращать часть потраченных средств. Рассмотрите возможность открытия вклада, чтобы проценты компенсировали потери от инфляции.

**3. Страхование:**

*   **Автострахование:** При автокредите обычно требуется оформление страховки КАСКО. Это снижает риски как для вас, так и для банка.
*   **Страхование жизни и здоровья:** Банк может предложить застраховать вашу жизнь и здоровье, что также снижает риски невозврата кредита. Однако, стоит внимательно изучить условия страхования и сравнить предложения разных компаний. Помните, что включение страховки в стоимость кредита может сделать ее дороже.

**4. Автокредит и дополнительные расходы:**

*   **Внимательно читайте договор:** Перед подписанием договора автокредита внимательно изучите все условия, включая полную стоимость кредита, требования к страхованию и первоначальный взнос.
*   **Первоначальный взнос:** Чем больше первоначальный взнос, тем меньше проценты по кредиту. Однако, не стоит делать взнос, который существенно повлияет на ваш бюджет.
*   **Подержанный автомобиль:** Кредит на подержанный автомобиль может быть дороже из-за более высоких ставок.
*   **Проверка автомобиля:** При покупке подержанного автомобиля обязательно проверьте его по базе залогов, чтобы избежать проблем с правом собственности.

**5. Досрочное погашение:**

*   **Возможность досрочного погашения:** Если у вас появляется возможность, рассмотрите вариант досрочного погашения кредита. Это позволит вам сэкономить на процентах и быстрее освободиться от долговых обязательств.
*   **Страховка при досрочном погашении:** Уточните условия возврата страховки при досрочном погашении кредита.

**Важно помнить:**

*   Если у вас возникли трудности с выплатой кредита, не стоит избегать общения с банком. Возможно, банк предложит вам реструктуризацию кредита или другие варианты решения проблемы.
*   В случае отзыва лицензии у банка, где у вас есть вклад и кредит, вы не сможете автоматически зачесть деньги с депозита в счет погашения кредита. Вам придется расплатиться по кредиту, чтобы получить полное страховое возмещение.
*   При возникновении сложных финансовых вопросов, рекомендуется обратиться к юристу или финансовому специалисту для получения квалифицированной консультации.
"
340,Что делать при подозрении на нелегального ломбарда?,"
Если у вас возникли подозрения относительно нелегального ломбарда, вот что рекомендуется сделать:

1. **Проверка в реестре Банка России:** Первым делом убедитесь, что организация, с которой вы планируете сотрудничать или уже сотрудничаете, внесена в государственный реестр Банка России. Сравните информацию из реестра (название, адрес, контактные данные, сайт) с данными, представленными самой организацией. Если ломбарда нет в реестре, это серьезный повод для беспокойства.

2. **Остерегайтесь договоров купли-продажи, комиссии или лизинга:**  Не подписывайте договоры купли-продажи, комиссии, лизинга или генеральную доверенность с правом продажи. Это признаки мошенничества. Настоящий ломбард должен выдать вам залоговый билет.

3. **Обратите внимание на форму договора:** Если вам предлагают договор потребительского займа под залог машины без хранения автомобиля у кредитора, это может быть МФО, а не ломбард. Внимательно изучите условия и определите, что вам выгоднее.

4. **Сообщите о подозрительной деятельности:** Если вы столкнулись с незаконными условиями сделки или подозреваете, что под видом ломбарда действует МФО, сообщите об этом в интернет-приемную Банка России. Также, если вы считаете, что стали жертвой мошенничества, обратитесь в полицию.

5. **Будьте внимательны к маскировке:** Остерегайтесь комиссионных магазинов, которые предлагают имущество ""с правом обратного выкупа"". В отличие от ломбарда, они могут продать залог в любое время, так как юридически он не является залогом.

6. **Проверьте статус организации:** Помните, что ломбардом может быть только юридическое лицо, а не индивидуальный предприниматель (ИП).

7. **Пользуйтесь проверенными источниками:** При поиске ломбарда в интернете обращайте внимание на сайты, помеченные галочкой в синем круге и надписью «ЦБ РФ» в выдаче «Яндекса».

В целом, будьте бдительны, тщательно изучайте документы перед подписанием и всегда проверяйте легальность ломбарда. Если у вас возникли сомнения, лучше проконсультироваться с юристом или финансовым специалистом.
"
341,"Какой уровень рейтинга выбрать для страховщика, чтобы снизить риск нестабильности?","
Для снижения риска нестабильности при выборе страховой компании, рекомендуется ориентироваться на следующие показатели:

*   **Надежность:** Банк России рассчитывает показатель отношения собственного капитала компании к сумме ее обязательств. Чем выше этот показатель, тем устойчивее финансовое положение страховщика.
*   **Кредитный рейтинг:** При выборе страховой компании лучше выбирать кредитный рейтинг **не ниже «А–»**. Это поможет минимизировать риски, связанные с возможной неплатежеспособностью страховой организации.
*   **Лицензия:** Убедитесь, что у компании есть лицензия именно на тот вид страхования, который вам нужен. Информацию можно найти в справочнике Банка России.

Также рекомендуется изучить отзывы о страховщике в интернете и оценить удобство обслуживания, включая доступность информации на сайте, наличие мобильного приложения и скорость ответа по телефону.

Важно помнить, что даже при наличии высокого кредитного рейтинга и других положительных показателей, риски полностью исключить невозможно."
342,Как участие банка в продаже страховки отражается на цене?,"

Здравствуйте!

Давайте разберемся, как участие банка в продаже страховки отражается на ее цене.

Как правило, банк выступает агентом страховой компании и может заключать договор страхования от ее имени прямо во время оформления кредита. Это удобно, так как не нужно дополнительно идти в офис страховщика. Однако, банки берут комиссию за свои услуги, поэтому страховой полис, оформленный через банк, **часто обходится дороже**, чем если бы вы заключили договор напрямую со страховой компанией.

Важно помнить, что вы **не обязаны** покупать страховку через банк. Вы можете выбрать подходящий полис в другой компании. При этом банк **не имеет права** повышать вам процентную ставку по кредиту из-за этого.

Если вы согласитесь на страховку, предложенную банком, именно ее стоимость будет использоваться для расчета полной стоимости кредита (ПСК). Если же вы сами выбираете полис, банк будет использовать для расчета среднюю рыночную стоимость подходящих страховок.

Также важно обращать внимание на то, что банк может включить стоимость страховки в сумму кредита, но только с вашего согласия. Если вы не давали такого согласия, вы можете потребовать перерасчет суммы долга.

В заключение, перед покупкой страховки, **уточните у банка все требования** к полису (например, наличие/отсутствие франшизы) и сравните предложения разных страховых компаний, чтобы выбрать наиболее выгодный вариант.

Если у вас возникнут дополнительные вопросы, или вам потребуется помощь в составлении заявления в банк, рекомендую обратиться к юристу или финансовому специалисту для получения индивидуальной консультации.
"
343,Как статус МФО влияет на шанс вернуть вложения при банкротстве организации?,"
Шанс вернуть вложения при банкротстве МФО зависит от ее статуса и размера собственного капитала.

**Если вы оформили договор инвестирования с крупной МФК (микрофинансовой компанией) с собственным капиталом не менее 70 млн рублей**, то вероятность вернуть хотя бы часть денег выше. Этот капитал может быть направлен на выплаты кредиторам при ликвидации или банкротстве.

**Если вы вложили деньги в небольшую МКК (микрокредитную компанию)**, особенно если вы стали совладельцем, приобретя акции или долю в капитале за небольшую сумму, шансы вернуть свои вложения крайне малы. Собственный капитал таких компаний часто невелик, и его может не хватить на выплаты всем кредиторам.

**Важно помнить:**

*   Инвестиции в МФО **не защищены государством** системой страхования вкладов.
*   Даже если МФО застрахована, страховка может покрывать не банкротство самой МФО, а, например, банкротство банка, через который проходили платежи, или ущерб от стихийных бедствий.
*   При ликвидации или банкротстве МФО, вам необходимо:
    1.  Отправить заявление с требованием вернуть деньги в МФО.
    2.  Отправить копию заявления в Банк России.
    3.  Подать заявление на возврат денег ликвидационной комиссии или арбитражному управляющему после объявления о ликвидации или банкротстве.
    4.  Ожидать выплат (если у МФО достаточно средств).

В любом случае, рекомендуется обратиться к юристу или финансовому специалисту для оценки конкретной ситуации и получения квалифицированной помощи.
"
344,"Как при расчете ПДН учитывают кредит, где вы созаемщик, по сравнению с кредитом, где вы поручитель?","
При расчете ПДН кредит, где вы выступаете созаемщиком, учитывается гораздо более серьезно, чем кредит, где вы – поручитель.

**Кредит, где вы созаемщик:**

*   Банки и МФО рассматривают вас как полноценного заемщика по этому кредиту.
*   В расчете ПДН учитывается доля платежа по кредиту, соответствующая вашей доле в общем доходе с основным заемщиком. Например, если ваш доход составляет 40% от общего дохода с основным заемщиком, то в ПДН будет учтено 40% от ежемесячного платежа по кредиту.
*   Этот кредит отражается в вашей кредитной истории как ваш собственный долг, и влияет на вашу кредитную способность.

**Кредит, где вы поручитель:**

*   Кредит, где вы поручитель, **не учитывается** в ПДН, пока основной заемщик исправно вносит платежи.
*   Однако, если основной заемщик перестанет платить, обязательства перейдут к вам, и тогда этот кредит появится в вашей кредитной истории и будет учитываться в ПДН.

Таким образом, при расчете ПДН кредит с вами в качестве созаемщика учитывается сразу и в полном объеме (в соответствии с вашей долей), в то время как кредит с вами в качестве поручителя учитывается только в случае неисполнения обязательств основным заемщиком.

В случае Сергея, кредит племянника будет учитываться в его ПДН, так как он является созаемщиком. Банк будет считать, что Сергей вносит 4000 рублей в месяц, основываясь на соотношении доходов Сергея и его племянника.
"
345,"Что делать, если требуют оплатить кредит, которого вы не оформляли?","Если вам требуют оплатить кредит, который вы не оформляли, необходимо предпринять следующие шаги:

1. **Напишите заявление кредитору.** Обратитесь в банк, МФО или КПК, где на вас оформлен кредит, и напишите заявление, что вы договор не заключали и денег не получали. Подчеркните, что подпись в договоре подделана либо идентификация пройдена не вами. Если паспорт был украден, приложите копию справки из полиции. В этом же заявлении потребуйте провести внутреннее расследование и прекратить требовать с вас долг по договору, который вы не заключали. Обычно, после вашего заявления кредитор прекращает звонки и начинает внутреннюю проверку, изучая записи с камер, сканы документов и другие доказательства.

2. **Пожалуйтесь регулятору.** Если вы считаете, что компания подошла к проверке формально и не учла доказательств вашей непричастности, напишите жалобу в Банк России. Например, если вы предоставили справку об утере паспорта, но кредитор ее не принял во внимание.  Банк России запросит у компании отчет о рассмотрении вашего заявления, но не может обязать кредитора списать долг – для этого необходимо решение суда.

3. **Обратитесь в полицию.** Независимо от развития событий, обязательно обратитесь в полицию с заявлением о мошенничестве. Предоставьте копии документов, полученных от кредитора, и справку об утере паспорта, если паспорт был украден.  Это поможет полиции вычислить злоумышленников. Помните, получение кредита на чужое имя – это преступление.

  В полиции потребуйте заверенные копии договора и других документов, на основании которых выдан кредит. Это необходимо для следственных действий и может послужить доказательством вашей непричастности.

4. **Судебный иск.** Если кредитор отказывается списывать долг после вашего заявления и проверки, вам остается единственный вариант – обратиться в суд. Возьмите весь пакет документов по договору кредита и подавайте иск на кредитора, ссылаясь на то, что договор был заключен мошенником и подписан не вами. Суд может назначить графологическую экспертизу для проверки подписи на договоре.
  
5. **Обратитесь за юридической помощью.** Для грамотного составления претензии кредитору и судебного иска можно обратиться в Центр правовой помощи при Роскомнадзоре. Юристы Центра оказывают такую поддержку бесплатно и могут представить ваши интересы в суде.

Важно помнить, что вы имеете право оспорить долг, который был оформлен мошенническим путем. Чем быстрее вы начнете действовать, тем больше шансов на успех.
"
346,Зачем предпринимателю нужен бизнес-план при привлечении денег через инвестплатформы или биржу?,"Бизнес-план играет важную роль при привлечении финансирования через инвестиционные платформы или биржу. Вот основные причины, почему он необходим:

*   **Оценка инвестиционной привлекательности:** Бизнес-план помогает аналитикам инвестиционной платформы оценить потенциал вашего проекта, его способность окупить вложенные средства и принести прибыль инвесторам.
*   **Проверка реальности бизнеса:** Платформы и инвесторы должны убедиться, что ваш бизнес реален и имеет перспективы роста. Бизнес-план предоставляет детальное описание вашей деятельности, стратегии развития и финансовых показателей.
*   **Обоснование запроса финансирования:** В бизнес-плане вы объясняете, сколько денег вам требуется, на что они пойдут и в какие сроки вы планируете вернуть инвестиции.
*   **Демонстрация внятной стратегии:** Даже для молодого бизнеса с небольшим оборотом наличие четкого бизнес-плана показывает серьезность ваших намерений и вашу подготовленность к развитию.
*   **Убеждение инвесторов:** Подробный бизнес-план помогает убедить потенциальных инвесторов в надежности вашего проекта и в том, что их инвестиции будут защищены.

В зависимости от платформы, бизнес-план может быть составлен самостоятельно или с помощью специалистов платформы. Он может быть приложен к инвестиционному предложению, либо использован аналитиками платформы для принятия решения о допуске вашего проекта к сбору средств.

Также, бизнес-план обязателен для краудлендинга. При краудлендинге он поможет убедить платформу сотрудничать с вами, а потенциальных инвесторов — одолжить вам нужную сумму.

В некоторых случаях, отсутствие бизнес-плана может стать причиной отказа в финансировании, особенно если платформа проверяет предпринимателей достаточно придирчиво.
"
347,Как инвестору распорядиться замороженными паями ПИФов в 2024 году?,"В 2024 году инвесторам, у которых оказались заморожены паи ПИФов, не нужно предпринимать каких-либо самостоятельных действий. Банк России разработал механизм, который дает шанс снова распоряжаться активами или получать доход.

**Что сейчас происходит?**

К концу 2023 года управляющие компании уже завершили реструктуризацию пострадавших ПИФов. Для фондов, которые заморозились в 2023 и 2024 годах, УК должны выбрать вариант трансформации до 16 июня 2024 года. Обновления в портфелях инвесторов произойдут автоматически к октябрю 2024 года.

УК сообщают о выбранном варианте преобразования фонда на своих официальных сайтах. Если фонд доступен только квалифицированным инвесторам, информация будет предоставлена по электронной почте, заказными письмами или другими способами, указанными в правилах фонда.

**Какие варианты преобразования фондов существуют?**

1.  **ПИФ становится закрытым амортизированным (ЗПИФ-А):** Фонд меняет тип, при этом доля инвестора в активах остается прежней. УК будет постепенно продавать активы ЗПИФ-А в течение 15 лет и выплачивать вырученные деньги пайщикам.  Если в составе ЗПИФ-А есть незаблокированные бумаги, УК обязана продать их в течение 250 рабочих дней после преобразования. Комиссия УК составит не более 5% от выручки.
2.  **ПИФ делится на два:** Заблокированные активы выделяются в отдельный ЗПИФ-А, а остальные активы остаются в прежнем ПИФе, который вновь становится доступным для операций. Инвесторы получают доли в новом ЗПИФ-А в дополнение к своим паям старого фонда. Паи ЗПИФ-А не облагаются налогом. Инвесторы сохраняют право на налоговый вычет за долгосрочное владение паями обоих фондов.
3.  **ПИФ ""перезапускается"":** УК пересчитывает стоимость активов фонда по правилам Банка России и возобновляет операции с паями. Инвесторы смогут снова покупать, продавать или погашать паи.

**Что делать, если у меня есть заблокированные паи?**

Вам ничего не нужно делать. Все изменения пройдут автоматически.

**Рекомендации:**

*   Следите за информацией на сайте вашей управляющей компании, чтобы узнать, какой вариант преобразования выбран для вашего фонда.
*   Не поддавайтесь панике и не продавайте активы поспешно.
*   Если у вас есть вопросы или сомнения, обратитесь к финансовому консультанту или юристу для получения индивидуальной консультации.

**Важно помнить:** Доходы по ЗПИФ-А предсказать сложно даже опытным инвесторам, поэтому новичкам на фондовом рынке не стоит вкладываться в них.
"
348,"Сколько можно вернуть по ИИС при открытии до конца года, с каким сроком перечисляют деньги через ФНС?","Если вы откроете ИИС до конца года, вы сможете получить налоговый вычет в следующем году, вернув 13% от суммы, которую вы положите на ИИС (но не более 52 000 рублей).

Максимальный размер вычета рассчитывается от суммы ваших взносов, но не может превышать 400 000 рублей в год. При ставке НДФЛ 13% максимальный вычет составит 52 000 рублей (400 000 * 13%). С 2025 года, при ставке НДФЛ 22%, максимальный размер вычета может достигать 88 000 рублей (400 000 * 22%).

Обычно, если брокер или управляющий передают данные в ФНС, заявка на вычет по взносам за текущий год приходит в личный кабинет налогоплательщика до 20 марта следующего года. После этого нужно только заверить документ электронной подписью (которая оформляется бесплатно на сайте ФНС), и в течение месяца вы получите вычет.

Если ваш посредник не передает данные в ФНС, вам придется самостоятельно подавать заявление, декларацию 3-НДФЛ и другие необходимые документы. В этом случае возврат налога может занять до четырех месяцев.

Важно помнить, что вычет действует, если вы не забираете деньги с ИИС-1 как минимум три года. В противном случае полученные вычеты придется вернуть ФНС с пенями.
"
349,Чем официальное измерение инфляции отличается от «индекса борща»?,"
Официальная инфляция может отличаться от вашего личного восприятия роста цен по нескольким причинам, которые подробно описаны в предоставленных документах. Вот основные из них:

*   **Различия в потребительской корзине:** Ваша личная потребительская корзина (набор товаров и услуг, которые вы регулярно покупаете) может существенно отличаться от стандартной корзины, используемой Росстатом для расчета официальной инфляции. Например, если вы вегетарианец, или предпочитаете определенные бренды, или часто тратите деньги на развлечения, это повлияет на вашу личную инфляцию.
*   **Региональные различия:** Инфляция может варьироваться в разных регионах страны из-за местных экономических факторов, таких как конкуренция среди фермерских хозяйств или развитие туристической инфраструктуры.
*   **Суммарный индекс:** Инфляция – это суммарный индекс, поэтому изменение цен на отдельные товары, доля которых в корзине мала, не оказывает существенного влияния на общий показатель.
*   **Восприятие:**  Восприятие роста цен часто субъективно. Скачки цен на часто покупаемые товары сильнее врезаются в память, даже если эти товары составляют небольшую часть общей потребительской корзины.

**Как считают инфляцию?**

Росстат ежемесячно рассчитывает инфляцию на основании стоимости потребительской корзины, которая включает около 500 товаров и услуг. Состав корзины ежегодно пересматривается, чтобы отражать изменения в потребительских предпочтениях. В корзину входят не только продукты питания, но и одежда, транспорт, услуги ЖКХ, мебель, техника и даже корма для домашних животных. Инфляция определяется как изменение стоимости этой корзины от месяца к месяцу.

**Зачем нужна официальная инфляция?**

Официальная инфляция является усредненным показателем, который помогает ориентироваться в динамике цен. Она используется государством, бизнесом и населением для принятия экономических решений, таких как установление цен, определение ставок по кредитам и депозитам, индексация зарплат и пенсий.

**Как посчитать свою инфляцию?**

Вы можете самостоятельно рассчитать свою личную инфляцию, составив список своих расходов за месяц, повторив его ежемесячно и сравнив стоимость своей потребительской корзины в разные периоды времени. Для этого можно воспользоваться онлайн-калькулятором инфляции или выполнить расчеты вручную.

**Чем официальное измерение инфляции отличается от «индекса борща»?**

""Индекс борща"" - это неформальный показатель, отражающий изменение цен на ограниченный набор продуктов, необходимых для приготовления борща. Он показывает, как изменились цены на конкретные продукты, но не учитывает все разнообразие товаров и услуг, которые потребляет население. Официальная инфляция, рассчитанная Росстатом, является более широким показателем, который учитывает стоимость более 500 товаров и услуг и отражает общую динамику цен в экономике.

**В заключение:**

Важно понимать, что ваша личная инфляция может отличаться от официальной. Однако официальные данные по инфляции все равно полезны для ориентировки в экономической ситуации и принятия обоснованных финансовых решений. Если вы хотите более точно оценить изменение цен на товары и услуги, которые вы потребляете, рекомендуется рассчитать свою личную инфляцию.
"
350,В каких схемах применяется номинальный счет?,"
Номинальный счет применяется в нескольких схемах:

**1. При покупке/продаже недвижимости с ипотекой:**

Когда продавец имеет ипотечный кредит, а покупатель берет кредит для покупки, расчеты часто проходят через номинальный счет. Банк продавца открывает этот счет на имя своей дочерней компании. Покупатель и его банк переводят деньги на этот счет, а после переоформления собственности, компания-посредник гасит ипотеку продавца.

**2. Для получения детских социальных выплат и пособий:**

Опекунам и попечителям необходимо открывать номинальные счета для получения детских социальных выплат и пособий от государства. Некоторые региональные выплаты также зачисляются только на номинальные счета.

**3. Для получения алиментов:**

Номинальный счет используется для зачисления алиментов.

**4. Для учета средств, предназначенных ребенку:**

Номинальный счет позволяет разделить ""детские"" деньги от ""взрослых"", хотя и имеет ряд ограничений в использовании по сравнению с обычным детским счетом.

В целом, номинальный счет используется там, где необходимо временно или постоянно аккумулировать средства, принадлежащие одному лицу (например, ребенку), но управляемые другим (например, родителем или опекуном).
"
351,Какие возможности дает 30 дней после оформления договора или POS-кредита?,"В течение **30 дней** после оформления POS-кредита вы можете без каких-либо предупреждений погасить долг в любой момент. При этом с вас возьмут проценты только за те дни, когда вы пользовались деньгами, а не за весь срок кредита.

Кроме того, в течение **30 дней** вы можете отказаться от дополнительных услуг, которые были оформлены вместе с кредитным договором, и гарантированно вернуть свои деньги. 

Для потребительских кредитов, которые можно тратить на любые цели, этот период ""охлаждения"" составляет **14 дней**, а для кредитов на конкретную покупку (например, на машину) – **30 дней**. Некоторые банки и МФО могут прописывать в договоре более длинный срок.  В течение этого периода вы можете вернуть кредит банку, и он обязан его принять.

Важно помнить, что данные сроки действуют после *подписания* кредитного договора (или его аналога, например, ввода кода из СМС) и *получения* денег. Если вы только заполнили заявку, но договор еще не подписали, вы можете отказаться от кредита и оплатить товар другим способом.
"
352,Когда стоит обратиться к финансовому консультанту вместо самостоятельного планирования?,"Стоит обратиться к финансовому консультанту, если самостоятельное управление личным бюджетом и достижение финансовых целей дается вам с трудом или вовсе вызывает затруднения. 

**Финансовый консультант может помочь вам:**

*   **Управлять личным бюджетом:** он проанализирует ваши доходы и расходы, поможет выявить области для экономии.
*   **Достигать финансовых целей:** подберет оптимальные инструменты для роста ваших накоплений. Это могут быть депозиты, страхование, инвестиции или пенсионные фонды.
*   **Учитывать важные факторы:** консультант примет во внимание налоги, инфляцию и комиссии при выборе финансовых инструментов. Он также подскажет, какие инструменты дают право на налоговый вычет.
*   **Предложить индивидуальные решения:** хороший специалист учитывает ваши особенности и подберет наиболее подходящие финансовые решения, о которых вы, возможно, даже не задумывались. Например, если вы копите на образование ребенка и являетесь единственным кормильцем, консультант может предложить полис накопительного страхования жизни, который обеспечит и накопление, и страховую защиту.
*   **Ориентироваться на рынке ценных бумаг:** если вы планируете инвестировать на бирже, вам понадобится консультант с статусом инвестиционного советника, который имеет право давать рекомендации по выбору ценных бумаг.

**Где искать финансового консультанта:**

*   **Для планирования бюджета или выбора финансовых продуктов (вклад, страховка, и т.д.):** можно обратиться к специалистам, которых вы найдете на сайтах с предложениями от разных экспертов. Также можно посмотреть среди участников Национальной ассоциации специалистов финансового планирования. Членство в ассоциации не обязательно, но ее участники обязаны соблюдать определенные стандарты.
*   **Для получения рекомендаций по ценным бумагам:** необходимо искать консультанта с статусом инвестиционного советника, информация о котором есть в реестре Банка России. Важно, чтобы консультант также состоял в одной из саморегулируемых организаций (СРО).

**Как убедиться в надежности консультанта:**

*   **Проверьте его образование и опыт.**
*   **Поищите отзывы клиентов в интернете.**
*   **Будьте внимательны во время общения.** Стоит насторожиться, если специалист:
    *   Предлагает услуги без договора (особенно инвестсоветник).
    *   Не интересуется вашими целями и готовностью к риску.
    *   Обещает высокую доходность в короткий срок или гарантирует прибыль.
    *   Советует вложить все сбережения в рискованные инструменты.
    *   Не дает внятных ответов на вопросы.
    *   Убеждает передать ему деньги для инвестиций.

**Важно помнить:**

*   Гарантировать прибыльность инвестиций невозможно.
*   Даже при готовности к риску не стоит вкладывать все свои сбережения.
*   Консультант несет ответственность за свои рекомендации только в том случае, если у него есть статус инвестиционного советника и он подбирает вам ценные бумаги.

Если вы не уверены в выборе консультанта или у вас возникли сложные финансовые вопросы, рекомендуется обратиться за консультацией к юристу или финансовому специалисту.
"
353,Чем для вкладчика отличается санация банка от отзыва лицензии?,"
Для вкладчика санация банка и отзыв лицензии – это совершенно разные ситуации с разными последствиями.

**Санация банка** – это финансовое оздоровление банка, при котором он продолжает работать и выполнять свои обязательства перед клиентами. Для вас, как для вкладчика, это означает, что вы можете не беспокоиться за свои деньги: все условия по вашему вкладу остаются прежними, и вы даже можете не заметить, что банку проводят ""лечебные процедуры"".

**Отзыв лицензии** – это более серьезная ситуация. В этом случае банк прекращает свою деятельность, и Агентство по страхованию вкладов (АСВ) начинает выплаты вкладчикам. Согласно закону, АСВ компенсирует вкладчикам сумму вклада до 1,4 млн рублей. В некоторых случаях (например, если у вас есть счет эскроу для покупки недвижимости или вы недавно получили деньги в наследство) размер компенсации может быть увеличен до 10 млн рублей. Однако, чтобы получить полную сумму вклада, превышающую 1,4 млн рублей, вам придется участвовать в процедуре банкротства банка, которая может занять много времени.

Таким образом, санация – это позитивный сценарий для вкладчика, позволяющий сохранить свои деньги и продолжить пользоваться услугами банка. Отзыв лицензии – это негативный сценарий, который может привести к потере части вклада, если его сумма превышает застрахованную сумму.

В случае санации банка, ваши деньги в безопасности, и вы можете продолжать ими пользоваться. В случае отзыва лицензии, ваши деньги будут возвращены вам АСВ в пределах застрахованной суммы, а для получения остальной суммы потребуется участие в процедуре банкротства.
"
354,Может ли просроченный микрозаем бесконечно расти из‑за пеней?,"
Да, просроченный микрозаем может бесконечно расти из-за пеней и штрафов.

Как указано в предоставленной информации, даже если банк или МФО не напоминают о просрочке, это не означает, что долг будет забыт. На просрочку будут начисляться пени и штрафы, что приведет к увеличению суммы долга. 

Более того, если просрочка по платежам превысит 60 дней в общей сложности за последние полгода, кредитор имеет право потребовать всю сумму долга с процентами, даже если срок договора еще не истек. В случае с короткими займами (до двух месяцев) кредитор может потребовать вернуть всю сумму долга уже через 10 дней просрочки.

Поэтому очень важно не допускать просрочек и, если вы понимаете, что не успеваете вернуть долг вовремя, заранее связаться с МФО и попытаться увеличить срок займа (пролонгировать его). Это позволит избежать просрочки в кредитной истории, хотя и приведет к увеличению итоговой суммы долга за счет начисленных процентов.

Если вы уже столкнулись с проблемой просроченного микрозайма и не знаете, как выйти из ситуации, рекомендуется обратиться за консультацией к юристу или финансовому специалисту. Они смогут оценить вашу конкретную ситуацию и предложить оптимальное решение.
"
355,"Как поступить при требовании доплаты за ремонт по ОСАГО при оценке в пределах лимита, проверяя статус полиса через НСИС?","
Если при оценке ущерба по ОСАГО сумма ремонта укладывается в лимит возмещения, но автосервис выставляет вам счет на доплату, а вы проверили статус полиса через НСИС и он действителен, вот как следует поступить:

1. **Не соглашайтесь на доплату.** Автосервис не вправе требовать с вас дополнительных средств, если стоимость ремонта не превышает лимит возмещения по ОСАГО. Все вопросы по оплате они должны решать напрямую со страховой компанией.
2. **Сообщите в страховую компанию.** Свяжитесь со своим страховщиком и сообщите о ситуации. Объясните, что автосервис требует с вас доплату, несмотря на то, что оценка ущерба находится в пределах лимита.
3. **Укажите на скрытые повреждения (если есть).** Если в процессе ремонта были обнаружены скрытые повреждения, которые увеличивают стоимость ремонта, это также должно быть согласовано со страховой компанией. Страховщик должен провести переоценку ущерба.
4. **Проверьте информацию в НСИС еще раз.** Убедитесь, что в НСИС указаны все данные о вашем полисе и автомобиле. Это поможет исключить возможные несоответствия, которые могут быть причиной проблем с выплатой.
5. **В случае отказа страховой компании в оплате полной стоимости ремонта,** вы можете обратиться к финансовому омбудсмену или в суд.

**Важно:**

*   Сохраняйте все документы, связанные с ДТП, ремонтом и общением со страховой компанией и автосервисом.
*   Если вы не уверены в своих правах, проконсультируйтесь с юристом или финансовым специалистом.

В целом, если полис настоящий и в базе НСИС данные верны, страховая компания обязана оплатить ремонт в пределах лимита возмещения. Требование доплаты с вашей стороны незаконно."
356,Почему вклад в банке предпочтительнее домашней копилки с точки зрения инфляции и сохранности денег?,"
Вклад в банке предпочтительнее домашней копилки по нескольким ключевым причинам, связанным с инфляцией и сохранностью денег:

*   **Защита от инфляции:** Если хранить деньги дома, их покупательная способность постепенно снижается из-за инфляции. Вклад в банке позволяет получить процентный доход, который помогает компенсировать инфляцию и сохранить реальную стоимость сбережений. Даже небольшой процент по вкладу лучше, чем потеря покупательной способности наличных.
*   **Страхование вкладов:** Деньги, хранящиеся на банковских вкладах, застрахованы государством. Это означает, что даже в случае банкротства банка вкладчику гарантированно будет возвращена сумма вклада в пределах установленной суммы страхования (до 1,4 млн рублей, а в особых случаях – до 10 млн рублей).
*   **Безопасность:** Хранение денег дома сопряжено с риском кражи или потери. В банке деньги находятся под охраной и защищены от несанкционированного доступа.
*   **Доходность:** Вклад в банке приносит процентный доход, который позволяет немного увеличить сумму сбережений. Хотя доходность по вкладам обычно невысока, она все же лучше, чем отсутствие дохода при хранении денег дома.
*   **Ликвидность:** В большинстве случаев, деньги со вклада можно снять в любой момент без потери процентов (или с минимальными потерями, в зависимости от условий договора). Это обеспечивает доступность средств в случае необходимости.

В целом, вклад в банке – это более надежный и выгодный способ хранения сбережений, чем домашняя копилка, особенно с учетом инфляции и рисков, связанных с хранением наличных денег.
"
357,Почему снятие наличных с карты за границей обходится дорого?,"Снятие наличных с карты за границей, как правило, влечет за собой значительные расходы. Это связано с тем, что в процессе участвуют несколько сторон, каждая из которых взимает свою комиссию:

1.  **Комиссия местного банка (владельца банкомата):** Банкомат, к которому вы обращаетесь за рубежом, взимает комиссию за предоставление услуги обналичивания. Эта комиссия обычно составляет 1,5–3% от суммы снятия, но также может включать фиксированную сумму (обычно 3–5 долларов США) за каждую операцию, даже если вы снимаете небольшую сумму.
2.  **Комиссия вашего российского банка:** Ваш российский банк взимает комиссию за снятие наличных в банкомате, принадлежащем другому банку (стороннему). В среднем эта комиссия составляет 1–2% от суммы.
3.  **Комиссия за конвертацию валюты (если карта рублевая):** Если ваша карта привязана к рублевому счету, при снятии наличных в иностранной валюте происходит конвертация. Банк, осуществляющий конвертацию (либо платежная система, либо ваш банк), также взимает комиссию за эту операцию.
4. **Минимальная сумма комиссии:** Банкоматы за границей могут иметь ограничения на минимальную сумму комиссии, что делает невыгодным снятие небольших сумм.

В сумме эти комиссии могут достигать от 1,5 до 10% от снятой суммы.  Чтобы минимизировать расходы, рекомендуется снимать большие суммы при одной операции (если это возможно и безопасно) и, по возможности, использовать карты, предлагающие выгодные условия для снятия наличных за границей, или заранее запастись иностранной валютой на родине.

Если же вы планируете активно использовать карту для оплаты покупок за границей, важно помнить о выборе валюты при оплате (всегда предпочтительнее местная валюта) и о том, что списание средств с карты может происходить не сразу, а с задержкой в несколько дней, в течение которых курс валюты может измениться.
"
358,Зачем ограничивать платежи по кредитам уровнем до 30% дохода?,"

Ограничение платежей по кредитам и займам уровнем до 30% дохода – это разумная мера для поддержания вашей финансовой стабильности. Вот почему:

* **Снижение риска долговой нагрузки:** Если на погашение кредитов уходит более 50% вашего дохода, вы подвергаетесь высокому риску оказаться в долговой яме. Банки и МФО с 1 января обязаны предупреждать вас об этом риске.
* **Финансовая подушка безопасности:** Когда расходы на кредиты не превышают 30% дохода, у вас остается больше средств на текущие расходы и непредвиденные ситуации (потеря работы, болезнь и т.д.). Это позволяет вам легче справляться с финансовыми трудностями и не допускать просрочек по платежам.
* **Сохранение платежеспособности:** Если кредиты ""съедают"" более 80% ваших доходов, даже небольшая задержка зарплаты может привести к серьезным проблемам с погашением долга.
* **Предотвращение просрочек:** Соблюдение правила 30% помогает снизить риск просрочек, даже если возникнут временные финансовые трудности.
* **Возможность использования кредитных каникул:** Если ваши доходы упали более чем на 30%, вы можете воспользоваться кредитным каникулами, чтобы отложить выплаты по кредитам и займам на срок до полугода. (Но есть ограничения по сумме кредита/займа).

В целом, ограничение платежей по кредитам уровнем до 30% дохода – это способ разумного управления финансами и защиты от чрезмерной закредитованности. Если ваши текущие платежи превышают этот уровень, рассмотрите возможность уменьшения ежемесячного платежа или рефинансирования кредита.
"
359,Как соотносятся лимит сотрудников на УСН с критерием малого бизнеса по численности?,"
В контексте указано, что для применения УСН (упрощенной системы налогообложения) число сотрудников компании не может быть больше 130 человек. 

Это соотносится с критериями малого бизнеса по численности следующим образом:

*   **Малый бизнес** по определению (согласно Федеральному закону № 209-ФЗ) может иметь до 15 человек сотрудников (для видов деятельности, где применяются нормативы численности) или до 100 человек (если нормативы не применяются).
*   **УСН** имеет более высокий лимит по численности – 130 человек.

Таким образом, УСН доступна для предприятий, которые уже соответствуют критериям малого бизнеса, а также для тех, кто превышает лимит в 15 или 100 человек, но не превышает 130. То есть, УСН предоставляет возможность применять упрощенный налоговый режим компаниям, которые могут быть классифицированы как малый бизнес, а также микропредприятиям, но с более широкими рамками по количеству сотрудников.

"
360,"Каков максимальный срок кредитных каникул, какие лимиты по сумме действуют?","Максимальный срок кредитных каникул составляет полгода. Однако, по закону, можно оформить и меньшую отсрочку, но это обычно не имеет смысла, т.к. повторно оформить каникулы по тому же кредиту по той же причине не получится.

Существуют лимиты по сумме кредита, для которых можно получить каникулы:

*   **Кредитные карты:** до 150 000 рублей.
*   **Автокредиты:** до 1,6 млн рублей.
*   **Остальные кредиты и займы:** до 450 000 рублей.

Важно учитывать, что в расчет принимается не текущая задолженность, а сумма, выданная вам в долг, или лимит по кредитной карте.

По одному и тому же кредиту или займу разрешается взять отсрочку только один раз по каждой причине (снижение доходов или чрезвычайная ситуация)."
361,Как кредитные каникулы мобилизованного отражаются на созаемщике?,"Кредитные каникулы, оформленные для мобилизованного или участника СВО, автоматически распространяются и на всех созаемщиков по кредитному договору. Это означает, что созаемщики также получают отсрочку платежей на время действия каникул.

На время каникул:

*   Прекращается начисление штрафов и пеней как для мобилизованного, так и для созаемщиков.
*   Замораживается сумма неустойки (ее нужно будет выплатить после окончания льготного периода).
*   Кредитор не имеет права требовать досрочного погашения кредита.
*   Запрещено взыскивать долги через суд или обращать взыскание на залог.
*   Пропуск платежей в период каникул не ухудшает кредитную историю.

Важно помнить, что для оформления каникул кредитный договор должен быть заключен до момента мобилизации или начала участия в СВО.

Если у вас возникнут дополнительные вопросы или вам потребуется помощь в оформлении заявления на кредитные каникулы, рекомендую обратиться непосредственно в ваш банк или МФО. Также, если ваша ситуация нестандартна или требует юридической оценки, стоит проконсультироваться с финансовым специалистом или юристом."
362,"При какой сумме долгов выбирают внесудебное банкротство, а когда возникает обязанность подать в суд?","
Внесудебное банкротство подходит, если общая сумма ваших долгов составляет **от 25 000 до 1 000 000 рублей** (без учета штрафов, пеней и процентов за просрочку платежа). При этом должен быть соблюден хотя бы один из следующих критериев:

*   Судебные приставы уже пытались взыскать долг, но не нашли имущества для погашения, и исполнительное производство завершилось.
*   Взыскание долга длится как минимум семь лет.
*   Кредитор более года списывает деньги с вашей пенсии или пособия по ребенку, но долг не погашен, и у вас нет иного имущества.
*   Вы участвовали или участвуете в СВО, взыскание долга длится минимум год, и у вас нет имущества для взыскания.

Если сумма долга **превышает 500 000 рублей** и вы не можете платить по ним, вы **обязаны** подать заявление о банкротстве в суд в течение 30 рабочих дней.

Если ваш долг больше 1 000 000 рублей, внесудебное банкротство недоступно, и вам необходимо обращаться в суд.

Важно помнить, что банкротство – это крайняя мера. Прежде чем принимать решение, рекомендуется проконсультироваться с финансовым специалистом или юристом, чтобы оценить все возможные последствия и выбрать наиболее подходящий вариант."
363,"Почему при перегретой экономике снижение ключевой ставки запускает инфляционную спираль, подрывая сбережения?","При перегретой экономике снижение ключевой ставки может запустить инфляционную спираль и подорвать сбережения по следующим причинам:

1. **Увеличение спроса:** Снижение ключевой ставки делает кредиты дешевле, что стимулирует людей и компании брать больше кредитов и тратить больше денег. Это увеличивает спрос на товары и услуги.

2. **Ограниченное предложение:** В перегретой экономике ресурсы (сырье, оборудование, рабочая сила) уже используются на пределе своих возможностей. Производство не может быстро нарасти, чтобы удовлетворить возросший спрос.

3. **Рост цен:** Когда спрос превышает предложение, продавцы повышают цены. Это приводит к инфляции.

4. **Гонка зарплат:** Компании начинают конкурировать за ограниченное количество работников, предлагая более высокую заработную плату. Это увеличивает издержки производства и, как следствие, цены на товары и услуги.

5. **Инфляционные ожидания:** Люди, ожидая дальнейшего роста цен, стараются совершать покупки сейчас, пока товары не подорожали. Это еще больше увеличивает спрос и подстегивает инфляцию.

6. **Обесценивание сбережений:** Инфляция ""съедает"" покупательную способность денег. Если инфляция выше, чем процентные ставки по вкладам, то реальная стоимость сбережений уменьшается.

Таким образом, снижение ключевой ставки в условиях перегретой экономики создает порочный круг: дешевые кредиты -> рост спроса -> ограниченное предложение -> рост цен -> инфляционные ожидания -> обесценивание сбережений.

Важно понимать, что ключевая ставка – это инструмент, который требует взвешенного подхода. Слишком низкая ставка в неподходящих условиях может привести к негативным последствиям для экономики и благосостояния граждан.
"
364,Когда страховка действительно обязательна: при покупке билета или при оформлении кредита?,"
Здравствуйте!

Судя по предоставленной информации, Валерию Михайловичу неправомерно потребовали оформить каско для получения кредита. По закону, банк имеет право требовать страхование только заложенного имущества (например, автомобиля при автокредите или недвижимости при ипотеке). В остальных случаях отказ в кредите из-за отсутствия страховки, не связанной с залогом, является нарушением.

**Что делать в подобной ситуации:**

1.  **Внимательно изучите кредитный договор:** Проверьте, прописано ли в договоре повышение процентной ставки в случае отказа от каких-либо страховок, и какие именно страховки влияют на ставку.
2.  **Уточните условия:** Спросите у банка, что изменится, если вы откажетесь от дополнительных страховок (GAP-страхования, страхования жизни и здоровья).
3.  **Не связанные с кредитом полисы:** Если вам предлагают оформить полисы, которые не влияют на условия кредита (например, ставку), вы имеете право отказаться от них, не подписывая отдельное заявление.
4.  **Сравните цены:** Даже если страховка вам нужна, сравните цены в разных страховых компаниях. Банк не имеет права настаивать на полисе конкретной компании.
5.  **Период охлаждения:** Если вы уже согласились на страховку, воспользуйтесь периодом охлаждения (14 дней для обычных полисов, 30 дней – если полис оформлен вместе с кредитом), чтобы расторгнуть договор и вернуть деньги.
6.  **Право выбора страховой компании:** Вы можете застраховаться в любой надежной компании с рейтингом не ниже «A–». Банк обязан принять полис, соответствующий требованиям, даже если это не партнерская компания.
7.  **Навязывание страховки:** Если банк настаивает на страховке, не связанной с залогом, и угрожает отказом в кредите, это обман. Вы можете обратиться с жалобой в Банк России.

**Важно помнить:**

*   Банк не вправе обещать пониженный процент только за полисы партнерского страховщика.
*   Все дополнительные услуги, влияющие на условия кредита, должны быть прописаны в заявке на кредит и учитываться в полной стоимости кредита (ПСК).
*   В случае ипотеки от страховки залогового имущества отказаться нельзя, но вы можете выбрать страховую компанию самостоятельно.

В случае возникновения спорных ситуаций или сомнений, рекомендуется обратиться за консультацией к юристу или финансовому специалисту.
"
365,"Сколько раз в год бесплатно можно получить кредитную историю, а где узнать, в каких БКИ она хранится?","
Вы можете бесплатно получить свою кредитную историю два раза в год в каждом бюро кредитных историй (БКИ).

Узнать, в каких БКИ хранится ваша кредитная история, можно следующими способами:

*   **Через портал «Госуслуги»:** Войдите в свой профиль и выберите услугу «Получение информации о хранении вашей кредитной истории». Для доступа понадобятся паспорт и СНИЛС.
*   **На сайте Банка России:** Для этого понадобится код субъекта кредитной истории (можно найти в кредитном договоре или уточнить в банке/МФО). Если код не помните, его можно сформировать заново, обратившись в банк или БКИ.
*   **Через телеграмму:** Можно направить телеграмму в Центральный каталог кредитных историй. Ответ придет на электронную почту."
366,"Какой уровень долговой нагрузки считается приемлемым, а какой — критическим для заемщика?","В идеале, выплаты по всем вашим кредитам и займам (включая тот, который вы планируете взять) не должны превышать 30% вашего ежемесячного дохода. При таком показателе долговой нагрузки (ПДН) вам, скорее всего, одобрят кредит на выгодных условиях.

ПДН от 30% до 50% считается умеренным. Получить кредит будет сложнее, но это вполне реально.

Если на обслуживание долгов уходит 50% и более вашего дохода, то ПДН считается высоким. Это повышает риск возникновения проблем с выплатами и может привести к отказу в кредите или предложению более высокой процентной ставки.

ПДН выше 80% говорит о том, что вы уже сильно закредитованы, и вероятность одобрения нового кредита крайне мала. В некоторых случаях, например, при оформлении кредитной карты, банк может вовсе отказать в выдаче.

Стоит помнить, что банки и микрофинансовые организации с 1 января обязаны рассчитывать ПДН заемщика и предупреждать о рисках, если на погашение долгов уходит больше 50% дохода.

Рекомендую тщательно оценить свои финансовые возможности и убедиться, что вы сможете без затруднений справляться с ежемесячными платежами. Если у вас сложная финансовая ситуация, лучше проконсультироваться с финансовым специалистом или юристом."
367,Когда заявлять в полицию при мошенничестве или аварии?,"В случае мошенничества или аварии заявлять в полицию следует как можно скорее.

**При мошенничестве:**

*   **Немедленно** обращайтесь в полицию. Это можно сделать лично в ближайшем отделении или через сайт МВД, найдя раздел ""Прием обращений"" на сайте управления вашего региона.
*   В заявлении обязательно укажите свои ФИО, адрес, телефон, электронную почту, номер карты или счета, с которых переводились деньги, реквизиты счетов злоумышленников (если известны), адреса сайтов, телефоны, электронные адреса аферистов и все известные данные о мошенническом проекте. Опишите обстоятельства и добавьте скриншоты переписки, банковские выписки и чеки.
*   Обязательно сохраните талон-уведомление при подаче заявления в отделении полиции или код при подаче через сайт – они понадобятся для отслеживания статуса обращения.

**При аварии:**

*   **Сразу же** сообщите о случившемся в полицию по телефону 102 или 112, особенно если произошла серьезная авария или угон автомобиля.
*   При наличии пострадавших – вызывайте скорую помощь (103 или 112).
*   При взрыве или пожаре – звоните в пожарную охрану (101 или 112).
*   После этого сообщите о происшествии своему страховщику по телефону, указанному в полисе.
*   В установленный правилами страхования срок подайте письменное заявление в страховую компанию.

В обоих случаях, чем быстрее вы обратитесь в полицию, тем больше шансов на успешное расследование и возможное возмещение ущерба. Не замалчивайте случаи мошенничества, так как это выгодно преступникам.
"
368,Почему снижение ключевой ставки в перегретой экономике может разогнать инфляцию вместо роста выпуска?,"В перегретой экономике снижение ключевой ставки может привести к росту инфляции вместо роста выпуска по нескольким причинам. Вот подробное объяснение:

**Что такое перегретая экономика?**

Перегретая экономика – это ситуация, когда спрос на товары и услуги превышает возможности производства. Это возникает, когда:

*   Спрос высокий.
*   Импорт ограничен.
*   Уровень безработицы низкий (не хватает рабочих рук).

**Почему снижение ставки в такой ситуации опасно?**

1.  **Дешевые кредиты и рост спроса:** Снижение ключевой ставки делает кредиты дешевле для бизнеса и населения. Это стимулирует больше трат и инвестиций, что ещё больше увеличивает спрос. Однако, если экономика уже работает на пределе своих возможностей, рост спроса не приведет к увеличению производства, а только к росту цен.
2.  **Нехватка ресурсов:** Когда спрос растет быстрее, чем предложение, возникает дефицит ресурсов (сырья, оборудования, рабочей силы). Компании начинают конкурировать за эти ограниченные ресурсы, что ведет к увеличению их стоимости.
3.  **Гонка зарплат:** При отсутствии свободных рабочих рук, компании вынуждены переманивать сотрудников друг у друга, предлагая более высокую заработную плату. Это, в свою очередь, увеличивает издержки производства и, как следствие, цены на товары и услуги.
4.  **Инфляционная спираль:** Рост цен стимулирует людей тратить больше сейчас, опасаясь дальнейшего роста цен, что еще больше разгоняет инфляцию. Сбережения обесцениваются, так как инфляция превышает проценты по депозитам.
5.  **Ограниченность производственных мощностей:** Даже при внедрении новых технологий, увеличение производства требует времени. В условиях дефицита ресурсов и высокой конкуренции быстро нарастить объемы производства не получится.

**Пример:**

Представьте, что все заводы в стране работают на полную мощность. Если снизить ставку и дать всем больше денег, это не приведет к появлению новых заводов мгновенно. Вместо этого возникнет ажиотажный спрос на существующие товары, который приведет к росту цен.

**Что делает Банк России?**

В таких условиях Банк России обычно принимает решение о повышении ключевой ставки, чтобы:

*   Охладить спрос.
*   Снизить инфляцию.
*   Стабилизировать финансовую систему.

Повышение ставки делает кредиты дороже, что снижает спрос на товары и услуги, и замедляет рост цен.

**В заключение:**

Ключевая ставка – это важный инструмент управления экономикой, но ее эффективность зависит от текущей ситуации. В перегретой экономике снижение ставки может привести к нежелательным последствиям, таким как разгон инфляции, вместо стимулирования экономического роста.

Если у вас есть конкретная финансовая ситуация, требующая юридической или финансовой консультации, рекомендуется обратиться к профессионалам в этих областях."
369,Чем грозит досрочная смена фонда в ОПС по сравнению с досрочным расторжением договора НПО?,"В контексте предоставленных документов, самостоятельная смена фонда сопряжена с определенными рисками, зависящими от типа вашего договора.

**Если у вас договор обязательного пенсионного страхования (ОПС):**

*   В двух случаях потерь не будет:
    *   Смена фонда с пометкой о реорганизации – накопления перейдут в новый фонд до 31 марта следующего года, если Банк России даст согласие на реорганизацию.
    *   Смена фонда в год фиксации инвестиционного дохода или компенсации убытков – накопления с доходом за последние пять лет перейдут в новый фонд.

**Если у вас договор негосударственного пенсионного обеспечения (НПО):**

*   Возможны три вида потерь:
    *   Потеря части инвестиционного дохода, особенно если срок последней фиксации дохода еще не наступил.
    *   Получение выкупной суммы, которая может быть меньше внесенных взносов, особенно в первые годы действия договора.
    *   Налогообложение разницы между выкупной суммой и внесенными взносами, если вы получали налоговые вычеты.

**Если у вас договор участия в программе долгосрочных сбережений (ПДС):**

*   В случае собственных взносов возможна выкупная сумма (с риском получить меньше внесенного и необходимостью возврата налоговых вычетов).
*   При переходе пенсионных накоплений или полученном софинансировании возможен только перевод в другой НПФ с сохранением льгот, но с риском потери инвестиционного дохода, если он еще не зафиксирован.

Важно помнить, что в любом случае, перед сменой фонда необходимо изучить условия вашего договора, правила фонда и проконсультироваться со специалистами.

В целом, *досрочная смена фонда в ОПС* может быть менее рискованной, чем *досрочное расторжение договора НПО*, так как в ОПС есть варианты избежать потерь (реорганизация или фиксация дохода), а в НПО риски потери дохода и получения меньшей выкупной суммы более вероятны.

Если у вас остаются вопросы или вам требуется более подробная консультация, рекомендуется обратиться к юристу или финансовому специалисту, специализирующемуся на пенсионных накоплениях."
370,"Как заранее оценить переплату по кредиту, чтобы не попасть в долговую яму?","Чтобы заранее оценить переплату по кредиту и не попасть в долговую яму, вам необходимо тщательно подойти к выбору кредита и изучить все условия. Вот несколько важных моментов, на которые стоит обратить внимание:

**1. Оценка своих финансовых возможностей:**

*   **Рассчитайте сумму и срок кредита:** Определите, какая сумма вам действительно необходима и на какой срок вы сможете её выплачивать.
*   **Оцените долговую нагрузку:** Убедитесь, что ежемесячные платежи по всем кредитам не будут превышать 30% вашего дохода. Если эта доля превышает 50%, это является высоким риском попасть в долговую яму. Сейчас банки и МФО обязаны рассчитывать показатель долговой нагрузки и предупреждать вас, если он слишком высок.
*   **Учитывайте дополнительные расходы:** Примите во внимание предстоящие крупные расходы и возможное снижение дохода.

**2. Изучение условий кредита:**

*   **Полная стоимость кредита (ПСК):** Обязательно выясните ПСК, которая включает в себя не только процентную ставку, но и все дополнительные расходы, такие как страховка и комиссии.  ПСК должна быть указана в правом верхнем углу первой страницы договора. Убедитесь, что она не превышает предельные значения, установленные Банком России.
*   **Дополнительные услуги:** Проверьте, не включены ли в договор какие-либо дополнительные платные услуги, которые вам не нужны. Уточните, обязательны ли они, и можете ли вы от них отказаться.  Банк не должен включать в стоимость кредита услуги, на которые вы не давали согласие или которые он оказывает в своих интересах (например, рассмотрение заявки).
*   **Индивидуальные условия:** Внимательно изучите таблицу с индивидуальными условиями договора. В ней указано, поменяется ли процентная ставка при отказе от допуслуг.

**3. Сравнение кредиторов:**

*   **Сравните условия разных банков, МФО, КПК и ломбардов:**  Обратите внимание на процентную ставку, ПСК, срок кредита и другие условия. 
*   **Внимательно изучайте условия договора:**  Договор можно считать заключенным только в том случае, если вы и банк достигли согласия по всем пунктам. У вас есть 5 рабочих дней на изучение договора, в течение которых кредитор не может изменить условия.

**4. Как избежать переплаты:**

*   **Проверьте сумму кредита:** Убедитесь, что сумма кредита соответствует запрошенной вами.
*   **Изучите ПСК:** Оцените, готовы ли вы переплатить такую сумму.
*   **Дополнительные услуги:** Внимательно прочитайте, какие дополнительные услуги включены в кредит и как они влияют на его стоимость. 
*   **Страховка:** Вы вправе выбрать страховщика самостоятельно, не обязательно соглашаться на предложение банка или МФО.
*   **Отказ от ненужных услуг:** Откажитесь от дополнительных сервисов, которые не влияют на условия кредита.

**5. Рефинансирование кредита:**

*   **Сравните переплату:**  Перед рефинансированием сравните сумму переплаты по старому и новому кредитам.
*   **Учитывайте дополнительные расходы:**  При рефинансировании могут возникнуть дополнительные расходы, такие как оценка недвижимости и оформление страховки.
*   **Сроки кредита:**  Если вы выплатили уже больше половины кредита, рефинансирование может быть невыгодным.

В заключение, чтобы избежать переплаты и долговой ямы, тщательно оценивайте свои финансовые возможности, внимательно изучайте условия кредита и сравнивайте предложения разных кредиторов. Если у вас возникнут вопросы или сомнения, рекомендуется обратиться к финансовому специалисту или юристу.
"
371,Где проверить легальность страховой компании либо кооператива при сомнениях?,"
При сомнениях в легальности страховой компании или кооператива, вам следует проверить информацию в следующих реестрах и на сайтах:

*   **Единый государственный реестр юридических лиц (ЕГРЮЛ):** Позволяет проверить данные организации, включая наименование, юридический адрес и вид деятельности.
*   **Сайт Банка России (www.cbr.ru):** Здесь можно проверить наличие лицензии у страховой компании, а также убедиться, что кооператив не входит в список сомнительных организаций. Также на сайте можно найти реестры страховых брокеров и финансовых платформ.
*   **Сайт Российского союза автостраховщиков (РСА):** Полезен для проверки полисов ОСАГО и информации о страховых компаниях, работающих на рынке ОСАГО.
*   **Национальная система идентификации и аутентификации (НСИС):** Позволяет проверить подлинность полиса ОСАГО.
*   **Сайт ДОМ.РФ:** Для проверки ЖСК, работающих с господдержкой.

Помните, что если организация не зарегистрирована в соответствующих реестрах или вызывает подозрения, лучше отказаться от ее услуг и обратиться к проверенному поставщику."
372,Как защищать права по ОСАГО при отсутствии периода охлаждения?,"Поскольку период охлаждения не распространяется на обязательные виды страхования, такие как ОСАГО, защитить свои права в случае проблем можно следующими способами:

1.  **Претензия в страховую компанию:** Если вы не согласны с размером компенсации, сроками выплаты или отказом в выплате, необходимо подать письменную претензию в страховую компанию. Ответ должны предоставить в течение 15 рабочих дней.

2.  **Обращение к финансовому омбудсмену:** Если ответ страховой компании вас не устраивает, можно обратиться к финансовому омбудсмену. Его решения имеют юридическую силу.

3.  **Жалоба в Банк России:** Параллельно с обращением к финансовому омбудсмену можно направить жалобу на страховщика в Банк России, предоставив подтверждающие документы.

4.  **Обращение в Российский союз автостраховщиков (РСА):** РСА – это саморегулируемая организация, объединяющая страховые компании, занимающиеся ОСАГО. РСА может штрафовать своих участников за нарушения.

5.  **Суд:** Если вы не согласны с решением финансового омбудсмена, вы имеете право обратиться в суд, предоставив все имеющиеся документы (протокол ДТП, претензию, ответ страховой компании, решение омбудсмена).

Для предотвращения проблем со страховой компанией важно предоставлять верные данные о себе и автомобиле при оформлении полиса ОСАГО, а также проверять лицензию страховой компании и ее официальные контакты.
"
373,Как избежать потерь при переводе пенсионных накоплений в программу долгосрочных сбережений из другого фонда?,"Чтобы избежать потерь при переводе пенсионных накоплений в программу долгосрочных сбережений (ПДС) из другого фонда, важно учитывать несколько моментов, связанных с фиксацией дохода и сроками перевода.

**Срочный переход** – это наиболее выгодный вариант. Если вы подадите заявление на срочный перевод накоплений, то перевод произойдет не сразу. Сначала должен закончиться текущий год, когда заявление приняли, потом проходит еще четыре года, и на следующий год – до 31 марта ваши накопления перейдут в новый фонд. В этом случае старый фонд передаст другому все, что лежит у вас на счете, в том числе заработанный инвестиционный доход. Если же за эти пять лет доходность ваших накоплений ушла в минус, убытки никак не скажутся на результате перевода. На новый счет уйдет сумма последней фиксации. А также все отчисления, которые вы или ваш работодатель делали после этой фиксации.

**Досрочный переход** – более рискованный вариант. Досрочно перевести накопления, сохранить инвестиционный доход или не уйти в минус (при отрицательных показателях вложений) получится только при одном условии — если вы подадите заявление **в год фиксации дохода** на счете. То есть на каждый пятый год пребывания в фонде. В остальных случаях при досрочном переходе вы потеряете все, что фонд заработал с момента последней фиксации. А если были убытки — их вычтут из суммы ваших накоплений.

Таким образом, чтобы минимизировать потери, рекомендуется:

1.  **Выбрать срочный переход**, если есть возможность подождать пять лет.
2.  **Если выбран досрочный переход**, то подавать заявление в год фиксации дохода, чтобы сохранить инвестиционный доход.
3.  **Уточнить в вашем НПФ**, когда именно происходит фиксация дохода на вашем счете (обычно это через 5, 10 или 15 лет с момента заключения договора).

В целом, важно помнить, что при переходе накоплений из одного фонда в другой всегда есть риск потерять часть инвестиционного дохода. Поэтому тщательно взвесьте все ""за"" и ""против"", прежде чем принимать решение.
"
374,Чем грозит просрочка по «нулевому» микрозайму для будущих заявок на кредит?,"Просрочка даже на один день по займу с нулевой ставкой может привести к серьезным последствиям для вашей кредитной истории и будущих возможностей получения кредитов. Вот что важно понимать:

*   **Начисление процентов:** Нулевая ставка перестает действовать при просрочке. МФО начислит проценты не только за период просрочки, но и за весь срок займа с момента его получения. Обычно ставка составляет 0,8% в день, что эквивалентно 292% годовых.
*   **Испорченная кредитная история:** Информация о просрочке передается в бюро кредитных историй, что негативно отражается на вашем кредитном рейтинге. Это усложнит получение кредитов и займов в будущем, а также может повлиять на условия (например, на процентную ставку).
*   **Увеличение долга:** Помимо процентов, начисляются пени и штрафы, что увеличивает общую сумму долга. По коротким займам (до двух месяцев) банк может потребовать вернуть всю сумму сразу после 10 дней просрочки.
*   **Судебное разбирательство:** В случае длительной просрочки кредитор имеет право подать на вас в суд. Чем больше просрочка, тем большую сумму вам придется вернуть.

**Чтобы избежать просрочки:**

*   Поставьте себе напоминание в телефоне о дате возврата займа.
*   Учитывайте, что перевод денег может занять некоторое время, поэтому лучше вносить платеж заранее.
*   Если вы не уверены в своей возможности вовремя погасить заем, лучше выбрать другой вариант или не брать его вовсе.
*   Помните, что кредиторы обязаны уведомлять заемщиков о просрочках, но даже отсутствие уведомления не освобождает от долга.

Если у вас уже есть просрочка, не тяните время. Погасите долг как можно скорее, чтобы минимизировать негативные последствия.

В случае сложных финансовых ситуаций или необходимости реструктуризации долга рекомендую обратиться к финансовому консультанту или юристу для получения квалифицированной помощи и разработки оптимальной стратегии."
375,"Каковы последствия отзыва лицензии банка для долга по кредитке, а НПФ — для пенсионных накоплений?","Последствия отзыва лицензии банка и банкротства НПФ – разные вещи, влияющие на разные сферы ваших финансов.

**Отзыв лицензии у банка:**

Отзыв лицензии происходит, когда у банка возникают серьезные финансовые проблемы или выявляются нарушения. В таких случаях отзыв лицензии – это способ защитить клиентов. Если у банка отобрали лицензию, это не означает автоматическое списание долга по кредитной карте. Ваши обязательства по кредитному договору сохраняются. Вам нужно будет узнать, кто стал правопреемником банка (обычно это другой банк или АСВ) и продолжать выплачивать долг уже по новым реквизитам.

**Банкротство НПФ:**

В случае банкротства НПФ последствия для ваших пенсионных накоплений зависят от того, получаете вы уже выплаты или еще нет:

*   **Если вы делаете отчисления в НПФ:** Агентство по страхованию вкладов (АСВ) выплатит вам компенсацию в размере до 2,8 млн рублей (включая доход от инвестирования). Вы можете выбрать получение этой компенсации на банковский счет или перевести ее в другой НПФ.
*   **Если вы уже получаете выплаты от НПФ:** Выплаты будут продолжаться, но их будет осуществлять другой НПФ, выбранный АСВ. Размер ежемесячных выплат не может превышать четыре размера социальной пенсии по старости. Если вы получали больше, размер выплат может быть снижен.

В обоих случаях вам не нужно ничего предпринимать - все процессы осуществляет АСВ. Важно отметить, что если сумма ваших накоплений превышает 2,8 млн рублей, то вернуть всю сумму может быть невозможно, и придется ждать завершения процедуры ликвидации НПФ и продажи его активов.

**Помните:** в сложных ситуациях, связанных с банкротством или отзывом лицензий, рекомендуется обратиться к юристу или финансовому специалисту для получения индивидуальной консультации."
376,С какого возраста подросток открывает вклад с возможностью снимать проценты до совершеннолетия?,"Согласно предоставленной информации, подросток может самостоятельно снимать проценты с вклада, начиная с **14 лет**. 

До 14 лет вклад на имя ребенка могут оформить родители, бабушки или дедушки, но снимать проценты сможет только сам ребенок после достижения 14-летнего возраста.
"
377,Влияет ли участие созаемщика на сумму и процент по кредиту?,"
Да, участие созаемщика может влиять на сумму и процент по кредиту.

**Влияние на сумму кредита:**

*   Финансовое положение и кредитная история созаемщика напрямую влияют на решение банка о выдаче кредита.
*   Чем выше доход созаемщика, тем большую сумму банк готов одолжить. Банк рассматривает совокупный доход заемщика и созаемщика.

**Влияние на процентную ставку:**

*   Если финансовое положение созаемщика внушает банку доверие, это может привести к снижению процентной ставки по кредиту.

**Важно помнить:**

*   Банк проверяет созаемщика так же тщательно, как и заемщика, оценивая место и стаж работы, доход и финансовую дисциплину.
*   Созаемщик несет такую же ответственность за кредит, как и основной заемщик. Если заемщик не может выплачивать кредит, долг автоматически переходит к созаемщику.
*   Рекомендуется заранее обсудить и зафиксировать в соглашении о взаимных обязательствах, как будет разделена ответственность за выплату кредита между заемщиком и созаемщиком.

В целом, привлечение созаемщика может быть полезным, если у вас недостаточно дохода для получения желаемой суммы кредита или для получения более выгодных условий. Однако важно тщательно оценить все риски и обязанности, связанные с участием в качестве созаемщика.
"
378,Как учитываются вклад с кредитом в одном банке при санации либо при отзыве лицензии?,"Если у вас есть и вклад, и кредит в банке, который лишился лицензии, то важно понимать, что автозачет средств с вашего вклада для погашения кредита не происходит. Кроме того, вы не получите полную сумму страхового возмещения по вкладу сразу.

Вот как это работает:

*   **Страховое возмещение по вкладу:** АСВ (Агентство по страхованию вкладов) выплатит вам сумму вклада за вычетом непогашенного остатка по кредиту.
    *   **Пример:** Если у вас на вкладе 300 000 рублей, а остаток долга по кредиту 100 000 рублей, АСВ выплатит вам 200 000 рублей (300 000 - 100 000).
*   **Получение оставшейся части возмещения:** Оставшуюся часть компенсации по вкладу (в примере выше - 100 000 рублей) вы сможете получить только после полного погашения кредита. Для этого необходимо будет подать новое заявление в АСВ, независимо от того, сколько времени прошло с момента отзыва лицензии у банка.
*   **Важно:** Нельзя просто прекратить выплаты по кредиту. Это не только не позволит получить полную сумму страхового возмещения, но и негативно повлияет на вашу кредитную историю, а также приведет к начислению штрафов за просрочку.

В случае санации банка, условия могут быть иными, и зависят от плана санации, разработанного для конкретного банка. Однако, общая логика остается прежней – ваши обязательства по кредиту не аннулируются, и их необходимо выполнять.

**Рекомендуется:**

*   Сохранять все квитанции об оплате кредита.
*   Следить за информацией на сайте АСВ (https://www.asv.org.ru/) для получения актуальных реквизитов для платежей.
*   Внимательно изучить условия страхового возмещения и порядок подачи заявления на сайте АСВ.

Если у вас возникнут дополнительные вопросы или сложная ситуация, рекомендуется обратиться к юристу или финансовому специалисту для получения консультации, учитывающей вашу конкретную ситуацию."
379,Как определяется доходность по векселю по сравнению с ценой лота на аукционе замороженных активов?,"Вексель, как финансовый инструмент, имеет свою специфику доходности, отличную от доходности, получаемой с активов, выставленных на аукцион при заморозке средств. Давайте рассмотрим оба аспекта.

**Доходность по векселю:**

Доходность по векселю может определяться двумя способами:

*   **Процентная ставка:** На самом векселе может быть указан процент, который должник готов выплатить сверх номинальной стоимости.
*   **Дисконт:** Вексель может быть продан по цене ниже его номинальной стоимости (дисконт). Доходность в этом случае равна разнице между номиналом и ценой покупки. Например, вексель с номиналом 100 000 рублей был куплен за 80 000 рублей, то доходность составит 20 000 рублей.

При этом с дохода по векселю необходимо уплатить налог в размере 13%.

**Доходность замороженных активов, проданных на аукционе:**

В случае заморозки активов через брокера или доверительного управляющего, доходность определяется разницей между ценой, за которую активы были куплены ранее, и ценой, по которой они были проданы на аукционе. Если общая стоимость активов превышает 100 000 рублей, организатор аукциона определяет, какие бумаги будут выставлены на продажу. Важно отметить, что в данном случае речь идет, скорее, о частичном возмещении вложенных средств, а не о получении прибыли.

**Сравнение доходности:**

Вексель может приносить фиксированный доход, указанный на самом инструменте, либо определяемый дисконтом. Доходность замороженных активов, проданных на аукционе, непредсказуема и зависит от рыночной конъюнктуры на момент продажи. Кроме того, в случае с векселем, доходность известна заранее (или может быть рассчитана), а в случае с аукционом - нет.

**Важно помнить:**

*   Вексель не застрахован государством, в отличие от банковских вкладов.
*   Вексель нельзя погасить досрочно, в отличие от вклада.
*   При инвестировании в векселя и ПИФы необходимо учитывать комиссии и налоги, которые могут снизить итоговую доходность.

Если у вас есть замороженные активы и вы рассматриваете варианты их реализации, рекомендуется обратиться к финансовому специалисту, чтобы оценить риски и потенциальную доходность в вашем конкретном случае.
"
380,"Какой налог можно платить со сдачи жилья вместо НДФЛ, чем его ставки отличаются от подоходного налога?","Вместо НДФЛ со сдачи жилья можно платить налог как самозанятый. В этом случае ставка налога будет ниже, чем стандартная ставка НДФЛ.

**НДФЛ при сдаче жилья:**

*   Стандартная ставка НДФЛ – 13% (если общий доход за год не превышает 5 млн рублей, с 2025 года - при инвестиционном доходе до 2,4 млн рублей).
*   При превышении дохода в 5 млн рублей (с 2025 года - при инвестиционном доходе свыше 2,4 млн рублей) ставка составляет 15%.
*   Вам необходимо самостоятельно отчитываться о доходах в ФНС, рассчитывать и уплачивать НДФЛ.

**Налог для самозанятых:**

*   При регистрации в качестве самозанятого вы будете декларировать доходы от аренды через мобильное приложение «Мой налог».
*   Налоговая ставка составляет 4% при сдаче жилья физическим лицам и 6% при сдаче жилья организациям.

Таким образом, налог для самозанятых значительно ниже стандартной ставки НДФЛ, что делает этот вариант более выгодным для тех, кто получает доход от сдачи недвижимости.

Подробно о том, как стать самозанятым и от чего зависит размер налога, можно узнать из текста «Кто такие самозанятые, как получить этот статус и что он дает»."
381,Что делать при первых признаках невозможности вовремя платить по кредиту?,"При первых признаках невозможности вовремя платить по кредиту, **необходимо немедленно обратиться в банк**. Не стоит скрываться от проблемы и надеяться, что долг простят, так как проценты и штрафы будут начисляться, кредитная история ухудшится.

**Ваши действия:**

1.  **Свяжитесь с кредитором:** Честно расскажите о возникших трудностях.
2.  **Рассмотрите варианты:**
    *   **Реструктуризация долга:** Изменение графика платежей, чтобы уменьшить ежемесячную нагрузку.
    *   **Рефинансирование кредита:** Переоформление кредита в другом банке или МФО под более выгодные условия (если это возможно). Важно внимательно изучить условия нового договора.
    *   **Кредитные каникулы:** В некоторых случаях (например, при участии в СВО, мобилизации или из-за санкций) можно оформить кредитные каникулы, предоставляющие временную отсрочку платежей.
    *   **Ипотечные каникулы:** Если у вас ипотека, узнайте о возможности оформления ипотечных каникул.
3.  **Оцените свои возможности:** Трезво оцените, сможете ли вы справиться с новым графиком платежей.
4.  **Банкротство:** Если долг слишком велик и вы не видите возможности его выплаты, рассмотрите процедуру банкротства.

**Важно помнить:**

*   Банк имеет право потребовать досрочного погашения кредита при систематических нарушениях условий договора (например, задержки платежей более чем на 60 дней) или при нецелевом использовании кредитных средств.
*   Договаривайтесь с кредитором напрямую, чтобы избежать обращения к коллекторам.
*   Не берите новые кредиты для погашения старых, особенно у нелегальных кредиторов, так как это может привести к еще большим проблемам.

Если ваша ситуация сложная и требует юридической консультации, рекомендуется обратиться к юристу или финансовому специалисту.

Более подробную информацию вы можете найти в материале «Кредит есть, а денег нет. Что делать?».
"
382,Как начать подготовку к пассивному доходу к конкретной дате?,"Для начала подготовки к пассивному доходу к конкретной дате, необходимо выполнить следующие шаги:

**1. Определите сроки и цели:**

*   **Сроки:** Решите, когда вы хотите начать получать пассивный доход – через 3, 5 или 10 лет.
*   **Цели:** Определите, какие именно выплаты вам нужны и с какой регулярностью (ежемесячно, раз в год, и т.д.).

**2. Оцените свой бюджет:**

*   **Анализ доходов и расходов:** Вычислите, сколько денег вы можете откладывать ежемесячно.
*   **Расчет необходимой суммы:** Посчитайте, сколько нужно накопить для достижения вашей цели к запланированному сроку, разделив общую сумму на количество месяцев, оставшихся до даты.
*   **Сопоставление:** Сравните, сколько вы можете откладывать и сколько нужно откладывать. Это покажет, реалистичны ли ваши планы.

**3. Выберите инструменты для инвестирования:**

*   **Банковский вклад:** Самый простой вариант, особенно если у вас уже есть финансовая подушка безопасности.
*   **Паевой инвестиционный фонд (ПИФ):** Хороший вариант для начинающих, так как вашими деньгами будут управлять профессионалы.
*   **Ценные бумаги (акции, облигации):** Подходят для тех, кто готов самостоятельно следить за рынком. Помните, что инвестиции в ценные бумаги не застрахованы государством.
*   **Недвижимость:** Сдача квартиры в аренду может приносить неплохой доход, но требует значительных вложений и сопряжена с расходами (налоги, коммунальные платежи, ремонт) и рисками (поиск арендаторов).
*   **Краудфандинг:** Инвестиции в стартапы могут принести высокую прибыль, но также связаны с высокими рисками.
*   **Интеллектуальная собственность:** Создание или изобретение чего-то востребованного может приносить роялти в течение долгого времени, но требует творческих усилий и оформления прав.

**4. Начните инвестировать и следите за деньгами:**

*   **Регулярные отчисления:** Откладывайте с каждой зарплаты или премии.
*   **Используйте финансовые инструменты:** Выбирайте те, которые соответствуют вашему уровню риска и срокам. Например, облигации федерального займа для долгосрочных инвестиций, банковские депозиты для краткосрочных.
*   **Не храните деньги в ""шкатулке"":** Инфляция ""съедает"" часть стоимости ваших сбережений.
*   **Учитывайте дополнительные доходы:** Вносите изменения в финансовый план, если ваши инвестиции приносят доход.

**Важные моменты:**

*   Пассивный доход создается не сразу, поэтому планирование должно быть серьезным.
*   Не вкладывайте все свои сбережения в один инструмент.
*   Учитывайте риски.

Если у вас возникают вопросы, требующие более детального анализа вашей финансовой ситуации, я рекомендую обратиться к юристу или финансовому специалисту.
"
383,В какой срок после ДТП подают документы страховщику при европротоколе?,"При оформлении ДТП по европротоколу оба водителя должны передать извещение о ДТП в свои страховые компании **в течение 5 рабочих дней со дня аварии**. В этот же срок пострадавшему водителю нужно подать заявление о возмещении ущерба.

Важно! Если опоздать с подачей документов, страховая компания может отказать в компенсации.

В бланках старого образца рекомендовалось передать европротокол страховщику в течение 14 календарных дней, но сейчас действует новая норма – **5 рабочих дней**.

Электронные извещения из мобильных приложений автоматически попадают в единую базу данных НСИС, а оттуда — страховщикам. Каждое извещение получает регистрационный номер, который сразу же появляется в личных кабинетах обоих водителей на Госуслугах, а также в приложении, через которое вы оформляли европротокол.  Получение этого номера означает доставку уведомления страховщику.
"
384,Как проходит принудительная конвертация депозитарных расписок в акции при блокировке обмена?,"
Принудительная конвертация депозитарных расписок в акции – это механизм, разработанный российскими властями для инвесторов, столкнувшихся с блокировкой обмена расписок на акции из-за санкций. Вот как она проходит:

1. **Выясните, кто является кастодианом компании.** Кастодиан – это российский депозитарий, который хранит акции, на которые выпущены расписки. Эту информацию можно найти на сайте эмитента акций или запросить у своего брокера. Актуальные данные на 15 августа доступны на сайте Банка России.
2. **Подайте заявление кастодиану.** Не позднее 11 октября необходимо подать кастодиану заявление в свободной форме с требованием заменить ваши расписки на акции. К заявлению нужно приложить документы, подтверждающие ваши права на ценные бумаги.
3. **Проверка заявок и открытие счета депо.** До 26 октября кастодиан проверит заявки инвесторов, для каждого из них откроет счет депо и зачислит на него акции.
4. **Перевод акций в другой депозитарий (по желанию).** После зачисления акций на счет депо, инвесторы смогут перевести эти бумаги в другой депозитарий по своему выбору, если захотят.

**Важно:**

*   Этот механизм предназначен для случаев, когда ваши права на расписки учитываются в иностранном депозитарии, а обмен расписок на акции блокируется за рубежом из-за санкций.
*   Если эмитент объявил конвертацию и депозитарий российский, то расписки будут обменяны на акции автоматически, и никаких дополнительных действий от вас не потребуется.

Если у вас возникли проблемы с российским брокером или депозитарием, вы можете пожаловаться в Банк России. Проблемы с зарубежными финансовыми организациями придется решать через иностранных регуляторов или суды.
"
385,Какие данные банковской карты нужны мошенникам?,"Мошенникам для использования вашей банковской карты нужны следующие данные:

*   **Номер карты.**
*   **Имя и фамилия владельца карты.**
*   **Срок действия карты.**
*   **CVV или CVC код** (трехзначный код на обратной стороне карты). Этот код необходим для онлайн-платежей.
*   **ПИН-код** (четырехзначный код для снятия наличных и оплаты покупок в магазинах).
*   **Коды из SMS-сообщений** – это одноразовые коды подтверждения операций, которые приходят в SMS и используются для подтверждения платежей и переводов.

**Важно помнить:**

*   Никогда никому не сообщайте свой ПИН-код, CVV/CVC код или коды из SMS. Сотрудники банка никогда не запрашивают эти данные.
*   Не сообщайте срок действия карты, так как для онлайн-покупок иногда достаточно только номера карты и срока действия.
*   Будьте осторожны с подозрительными звонками и сообщениями, в которых вас просят предоставить данные вашей карты. Это могут быть мошенники.
*   Всегда прикрывайте клавиатуру рукой при вводе ПИН-кода в банкомате или при оплате картой в магазине.
*   Не теряйте карту из виду.

**Что делать, если вы стали жертвой мошенников:**

1.  Немедленно позвоните в банк и заблокируйте карту.
2.  Запросите выписку по счету и напишите заявление о несогласии с операцией.
3.  Обратитесь в полицию.

Банк не компенсирует убытки, если вы сами сообщили мошенникам конфиденциальную информацию. Поэтому, будьте бдительны и соблюдайте правила безопасности.
"
386,"Почему при последствиях ДТП владельцу удобнее иметь каско, а не полагаться на одно ОСАГО?","Владельцу автомобиля удобнее иметь полис каско в дополнение к ОСАГО по нескольким причинам, особенно в случае ДТП с существенным ущербом:

* **Каско защищает ваши интересы, даже если вы виновник ДТП.** ОСАГО покрывает ущерб, нанесенный вами другим участникам дорожного движения, но не компенсирует повреждения вашего собственного автомобиля, если вы стали виновником аварии. Каско же возместит ущерб вашей машине в любом случае.
* **Каско покрывает ущерб свыше лимита ОСАГО.** Максимальная выплата по ОСАГО составляет 400 000 рублей, а в некоторых случаях может быть снижена до 100 000 или 200 000 рублей. Если восстановление автомобиля обойдется дороже, каско покроет разницу (если, конечно, сумма ущерба не превышает лимит каско).
* **Каско упрощает процесс возмещения ущерба.** В случае, если ущерб покрывается только ОСАГО, а сумма выходит за лимит, вам придется самостоятельно взыскивать разницу с виновника ДТП, что может потребовать обращения в суд. При наличии каско, ваша страховая компания сама занимается этим процессом (суброгацией).
* **Каско позволяет выбрать способ возмещения ущерба.** Вы можете выбрать ремонт в удобном для вас сервисе или получить денежную выплату и отремонтировать автомобиль самостоятельно.
* **Страховщики каско часто идут навстречу виновникам аварии**, предлагая рассрочку, если сумма компенсации велика.

В целом, каско предоставляет более широкую защиту и финансовую безопасность владельцу автомобиля, особенно в ситуациях, когда ущерб значителен или вы являетесь виновником ДТП.

Однако стоит помнить, что каско – это добровольное страхование, и его тарифы выше, чем у обязательного ОСАГО. При выборе страхового полиса важно учитывать свои финансовые возможности и риски.
"
387,"Вправе ли кредитор подать в суд за просрочку, если мобилизованному уже одобрили кредитные каникулы?","Нет, кредитор не вправе подать в суд за просрочку, если мобилизованному уже одобрены кредитные каникулы. 

Согласно предоставленной информации, в период действия кредитных каникул, которые оформлены мобилизованным заемщикам и членам их семей, **запрещается взыскивать через суд долги и залоги по кредитам**. Это означает, что даже если суд уже принял решение о взыскании, выселение из ипотечного жилья не произойдет.

Важно помнить, что сам по себе пропуск платежей в период каникул не портит кредитную историю.
"
388,"Учитывают ли при расчете НДФЛ проценты по счетам с процентом на остаток, например по текущему счету?","В большинстве случаев проценты по банковским счетам, включая текущие счета с процентом на остаток, не облагаются НДФЛ, если они не превышают установленный лимит.

Лимит определяется как 1 миллион рублей, умноженный на самую высокую ключевую ставку Банка России за год. Например, если самая высокая ключевая ставка в году была 21%, то лимит составит 210 000 рублей.

Если сумма начисленных процентов по всем вашим вкладам и счетам не превышает этот лимит, то налог платить не нужно. Если лимит превышен, то НДФЛ удерживается только с суммы превышения.

Важно учитывать, что если банк регулярно начисляет проценты, то они учитываются в доходах того года, когда вы их получили на счет.
С 2025 года размер ставки зависит от суммы ваших инвестиционных доходов. Если сумма инвестиционных доходов не превышает 2,4 млн рублей, ставка налога составит 13%, если больше – 15%.

Рекомендую обратиться к финансовому специалисту или юристу для получения консультации с учетом вашей конкретной ситуации."
389,Как корректно сравнить доходность НПФ с результатами управляющих компаний СФР с учетом комиссий?,"Чтобы корректно сравнить доходность НПФ и управляющих компаний Социального фонда (СФР) с учетом комиссий, необходимо учитывать несколько ключевых моментов:

1.  **Учитывайте, что показатели СФР даются до вычета комиссий.** На сайте СФР публикуется доходность инвестирования средств пенсионных накоплений *до* вычета комиссий управляющих компаний. Это означает, что для получения реальной картины необходимо вычесть из указанной доходности комиссии УК.
2.  **В данных НПФ большая часть комиссий уже учтена.** Доходность, публикуемая НПФ, как правило, уже отражает вычет комиссий. Это упрощает сравнение, но не делает его абсолютно прямым, так как структура и размер комиссий могут различаться.
3.  **Сравнивайте сопоставимые периоды и инвестиционные стратегии.** Убедитесь, что вы сравниваете доходность за один и тот же период времени. Также важно учитывать, что у управляющих компаний могут быть разные инвестиционные портфели с различной степенью риска и доходности. Сравнивайте доходность сопоставимых инвестиционных стратегий.
4.  **Инвестиционная декларация и структура активов.** Изучите инвестиционную декларацию НПФ и структуру активов, чтобы понять, во что вкладываются ваши деньги, и оценить уровень риска.
5.  **Актуальные данные из НПФ/УК.** Для получения наиболее актуальной информации о состоянии вашего счёта и реальной доходности, обращайтесь напрямую в свой НПФ или управляющую компанию.

Таким образом, для корректного сравнения необходимо:

*   Получить доходность УК СФР.
*   Узнать размер комиссии этой УК.
*   Вычесть комиссию из доходности УК СФР, чтобы получить чистую доходность.
*   Сравнить полученную чистую доходность с доходностью НПФ, уже представленной с учетом комиссий (если это возможно).

Помните, что прошлые результаты не гарантируют будущей доходности. Инвестиционные успехи в прошлом – это не гарантия такой же доходности в будущем.

Для получения более точной консультации, соответствующей вашей конкретной ситуации, рекомендуется обратиться к финансовому специалисту или юристу."
390,Какие ограничения на досрочный выход описаны для векселя по сравнению с поданной заявкой на аукцион замороженных активов?,"
Вексель и заявка на аукцион замороженных активов имеют разные ограничения на досрочный выход:

**Вексель:**

*   **Нельзя погасить досрочно:** Если на векселе указан конкретный срок погашения, деньги нельзя получить до этого момента.

**Заявка на аукцион замороженных активов:**

*   **Нельзя отозвать:** После подачи заявки на участие в аукционе, её нельзя передумать и отозвать.
*   **Сроки подачи заявки ограничены:** Брокеры, доверительные управляющие и УК ПИФов могут устанавливать собственные, более короткие сроки сбора заявлений от клиентов. Важно подать заявку как можно раньше, чтобы успеть принять участие в аукционе.

Таким образом, основное отличие в том, что с векселем нельзя расстаться до истечения срока его действия, а заявку на аукцион нельзя отозвать после подачи, и существуют временные рамки для её подачи."
391,Какие шаги помогут не переплатить при выборе ипотеки по аналогии с борьбой с импульсивными покупками?,"Чтобы не переплатить при выборе ипотеки, можно применить те же принципы, что и при борьбе с импульсивными покупками. Вот несколько шагов:

1. **Сравните условия разных программ:** Как и в случае с покупками, не стоит хвататься за первое попавшееся предложение. Изучите ипотечные программы разных банков и застройщиков, обращайте внимание на процентные ставки, сроки кредитования, первоначальный взнос и другие важные параметры (см. Document: ""Как понять, подойдет мне ипотека от застройщика или нет?""). Используйте финансовые маркетплейсы для удобства сравнения и убедитесь, что сайты банков официальные (см. Document: ""1. Выберите кредит"").

2. **Оцените свои финансовые возможности реалистично:** Прежде чем брать ипотеку, тщательно проанализируйте свой бюджет и определите, какую сумму вы можете себе позволить выплачивать ежемесячно, не ущемляя другие важные потребности (см. Document: ""С чего начать, если решился на покупку квартиры в ипотеку?"").

3. **Определите приоритеты:**  Подумайте, что для вас важнее: низкий первоначальный взнос или низкая процентная ставка, короткий или длинный срок кредитования. Примите взвешенное решение, исходя из вашей ситуации, а не поддавайтесь на маркетинговые уловки (см. Document: ""Как понять, подойдет мне ипотека от застройщика или нет?"").

4. **Прежде чем принять решение, подождите:** Не торопитесь с заключением договора. Дайте себе время обдумать все варианты, посоветуйтесь с финансовым консультантом или юристом, если необходимо. (см. Document: ""Как понять, подойдет мне ипотека от застройщика или нет?"").

5. **Рассчитайте полную стоимость кредита:** Не останавливайтесь только на процентной ставке. Учитывайте все дополнительные расходы, такие как страхование, оценка недвижимости, государственная пошлина, и переплату по кредиту в целом. Используйте кредитный калькулятор, чтобы увидеть полную картину (см. Document: ""Что нужно выяснить перед тем, как оформить ипотеку?"").

6. **Подумайте о сценариях развития событий:** Учитывайте возможные риски, такие как потеря дохода или изменение процентных ставок. Убедитесь, что вы сможете справиться с выплатами в любой ситуации (см. Document: ""Что нужно выяснить перед тем, как оформить ипотеку?"").

7. **Выбирайте график погашения с умом:** Внимательно изучите разные варианты графиков погашения (аннуитетный или дифференцированный) и выберите тот, который наиболее соответствует вашим финансовым возможностям и планам (см. Document: ""Какую схему погашения кредита выбрать: аннуитетными или дифференцированными платежами?"").

Помните, что ипотека — это серьезное финансовое обязательство. Подходите к выбору осознанно и не принимайте поспешных решений.
"
392,"Как организовать ребенку карманные деньги на карте так, чтобы родитель видел его траты?","
Для организации карманных денег на карте с контролем со стороны родителей, у вас есть несколько вариантов, которые предлагают многие банки:

**1. Дополнительная карта к вашему счету (для детей от 6-7 лет):**

*   Многие банки предлагают оформить дополнительную карту, привязанную к вашему счету.
*   Вы устанавливаете лимиты на траты: дневной лимит, лимит на одну операцию, ограничения по категориям (например, запрет на онлайн-покупки или ограничение суммы для онлайн-покупок).
*   Вы получаете уведомления обо всех операциях по карте ребенка, что позволяет вам отслеживать его расходы.
*   Выпуск и обслуживание такой карты обычно бесплатны, но могут взиматься комиссии за уведомления.

**2. Молодежная карта (с 14 лет):**

*   Подросток может оформить отдельный банковский счет и карту с вашим письменным согласием.
*   Вы можете установить лимиты и контролировать траты через онлайн-банк или мобильное приложение.
*   Подросток может подключить уведомления об операциях, чтобы самостоятельно следить за своими расходами.

**Как это работает на практике:**

1.  **Оформление карты:** Обратитесь в свой банк и уточните условия выпуска детской или молодежной карты. Оформление часто можно сделать дистанционно через мобильное приложение или личный кабинет на сайте банка.
2.  **Установка лимитов:** В мобильном приложении или личном кабинете установите лимиты на траты, которые соответствуют возрасту и потребностям ребенка.
3.  **Подключение уведомлений:** Подключите уведомления обо всех операциях по карте на свой номер телефона или электронную почту.
4.  **Контроль расходов:** Регулярно проверяйте историю операций по карте ребенка в мобильном приложении или личном кабинете.
5.  **Обсуждение расходов:** Обсуждайте с ребенком его траты, помогайте ему анализировать, куда уходят деньги, и планировать бюджет.

**Дополнительные возможности:**

*   Некоторые банки предлагают специальные счета-копилки с начислением процентов.
*   Могут быть доступны бонусы и кешбэк на определенные категории товаров (например, книги и канцтовары).
*   Существуют детские приложения для отслеживания баланса и накопления денег.

**Важно помнить:**

*   Ошибки и бездумные траты неизбежны, но они являются частью процесса обучения финансовой грамотности.
*   Важно, чтобы контроль не превратился в слежку, а был направлен на помощь ребенку в освоении финансовой ответственности.
*   Объясните ребенку, как защититься от мошенников и что делать в случае потери карты или несанкционированных списаний.
*   Научите ребенка пользоваться номером горячей линии банка.

В заключение, выбор конкретного способа организации карманных денег на карте зависит от возраста ребенка и ваших предпочтений. Рекомендую обратиться в свой банк для получения подробной информации об условиях и возможностях детских и молодежных карт."
393,"Что безопаснее для сохранности активов при проблемах у посредника: брокер или доверительный управляющий, и почему?","
Согласно предоставленной информации, доверительный управляющий представляется более безопасным вариантом для сохранности активов в случае банкротства посредника.

**Почему:**

*   **Право собственности:** При заключении договора с доверительным управляющим право собственности на активы всегда остается у клиента. Это означает, что в случае банкротства управляющего, активы можно просто перевести другому управляющему или брокеру.
*   **Риск банкротства брокера:** В случае банкротства брокера есть вероятность потерять средства, так как брокер часто имеет право временно ""одалживать"" деньги и ценные бумаги клиентов и использовать их в собственных сделках. Закон о рынке ценных бумаг не гарантирует возврата средств, которые были выведены с клиентского счета на счет брокера.

В то время как при работе с брокером существует риск потери активов из-за возможности их использования брокером в собственных целях, доверительный управляющий не имеет такого права, что обеспечивает большую защиту для инвестора.

Однако, стоит помнить, что надежность посредника (как брокера, так и управляющего) необходимо тщательно проверять, так как инвестиции не попадают под систему страхования вкладов.
"
394,Почему не стоит инвестировать последние деньги либо занимать на биржу?,"Инвестирование – это способ приумножить капитал, но сопряжено с рисками, включая потенциальную потерю всех вложенных средств. Поэтому крайне важно соблюдать осторожность и не совершать распространенных ошибок.

**Почему нельзя инвестировать последние деньги?**

*   **Отсутствие финансовой подушки безопасности:** Прежде чем рассматривать инвестиции, необходимо сформировать финансовую подушку безопасности – сумму, равную 3-6 вашим ежемесячным доходам. Эта подушка предназначена для покрытия непредвиденных расходов (потеря работы, болезнь, ремонт и т.д.). Инвестирование последних средств лишает вас этой защиты и делает уязвимым перед жизненными обстоятельствами.
*   **Эмоциональное давление:** Когда вы инвестируете все имеющиеся деньги, вы испытываете сильное эмоциональное давление, которое может привести к принятию необдуманных решений, особенно в периоды рыночной волатильности.
*   **Возможность полной потери:** Инвестиции на бирже не гарантируют доходность, и существует риск потерять все вложенные средства. Если вы инвестировали все, что у вас есть, потеря этих денег может иметь серьезные последствия для вашей финансовой стабильности.

**Почему нельзя занимать деньги для инвестиций?**

*   **Дополнительный риск:** Заимствование средств для инвестиций увеличивает уровень риска. Если инвестиции окажутся неудачными, вы останетесь не только без вложенных средств, но и с долгом, который придется выплачивать.
*   **Психологическое давление:** Добавление долга к инвестициям создает дополнительное психологическое давление, которое может привести к паническим продажам и другим ошибкам.
*   **Упущенные возможности:** Выплата процентов по кредиту снижает потенциальную доходность инвестиций.

**Вместо этого рекомендуется:**

*   **Создать финансовую подушку безопасности.**
*   **Инвестировать только ту сумму, которую вы готовы потерять.**
*   **Начать с небольших сумм и постепенно увеличивать объем инвестиций по мере приобретения опыта.**
*   **Пройти обучение и изучить основы инвестирования.**
*   **Диверсифицировать портфель, то есть вкладывать средства в разные активы, чтобы снизить риски.**

Важно помнить, что инвестиции – это не способ быстрого обогащения, а долгосрочный процесс, требующий знаний, дисциплины и терпения. Если у вас нет уверенности в своих силах, лучше обратиться за советом к финансовому консультанту."
395,"Когда безопаснее переводить пенсионные накопления в новый НПФ, если ориентироваться на надежные фонды по рейтингу?","Чтобы минимизировать риски при переводе пенсионных накоплений в новый НПФ, стоит ориентироваться на моменты фиксации дохода.

В соответствии с законодательством, НПФ и СФР фиксируют полученный доход на вашем индивидуальном пенсионном счете только раз в пять лет. Если по итогам этого времени инвестиции принесли убытки, фонд компенсирует их за свой счет.

Таким образом, безопаснее всего переходить в новый НПФ в годы фиксации дохода, чтобы избежать возможных потерь из-за убытков, понесенных предыдущим фондом.

Кроме того, при выборе нового НПФ обратите внимание на следующие характеристики:

*   **Лицензия Банка России:** Убедитесь, что у НПФ есть действующая лицензия.
*   **Срок существования:** Чем дольше фонд на рынке, тем лучше.
*   **Количество клиентов и объем пенсионных средств в управлении:** Крупные фонды обычно могут позволить себе более профессиональную команду управляющих.
*   **Владельцы фонда:** Надежные собственники (крупные банки или корпорации) повышают устойчивость фонда.
*   **Кредитный рейтинг:** Высокий рейтинг указывает на стабильное финансовое положение.
*   **Доходность инвестиций:** Оцените доходность фонда за несколько лет, используя данные с сайта Банка России.

Также, помните, что вы можете изменить НПФ только раз в год.

Если у вас есть дополнительные вопросы или вам нужна консультация по конкретной ситуации, рекомендуется обратиться к финансовому специалисту или юристу.
"
396,Каковы сроки подачи заявлений при ликвидации МФО по сравнению с обращением за возмещением при отзыве лицензии у НПФ?,"

Сроки подачи заявлений при ликвидации МФО и при отзыве лицензии у НПФ существенно различаются.

**При ликвидации МФО:**

*   Вам дается **два месяца** с момента публикации объявления о ликвидации или банкротстве компании, чтобы подать заявление на возврат денег. Если пропустить этот срок, шансы вернуть свои вложения резко снижаются.

**При отзыве лицензии у НПФ:**

*   У вас есть **пять месяцев** со дня публикации на сайте АСВ информации об отзыве лицензии или начале банкротства фонда, чтобы обратиться за возмещением.
*   Если вы не успели подать заявление в течение 30 рабочих дней после публикации объявления на сайте агентства, то получите дополнительные уведомления по почте.

Таким образом, срок для подачи заявления при ликвидации МФО (2 месяца) короче, чем срок для обращения за возмещением при банкротстве НПФ (5 месяцев). Важно не пропустить эти сроки, чтобы защитить свои права и получить компенсацию.
"
397,Почему платеж через терминал может зависнуть при отзыве лицензии у банка‑посредника?,"Платеж через терминал может зависнуть при отзыве лицензии у банка-посредника из-за того, что после отзыва лицензии банк не может проводить финансовые операции. Временная администрация, назначенная регулятором, не имеет полномочий проводить банковские операции, то есть, вернуть платежи отправителям или перевести их получателям.

Платежи и переводы, которые попали в банк накануне отзыва лицензии, не успели дойти до получателей и зависли. 

**Что делать в такой ситуации:**

1.  **Соберите доказательства:**
    *   Копии чеков платежного терминала.
    *   Скриншоты уведомлений о списании денег.
    *   Выписку с банковского счета или квитанцию о приеме платежа, если платеж производился в офисе банка.
    *   Приказ об отзыве лицензии у банка-посредника (найти на сайте Банка России, используя Ctrl+F и название банка).
2.  **Обратитесь к продавцу:** Отправьте продавцу собранные доказательства и потребуйте предоставить вам товары или услуги.
3.  **Роспотребнадзор и суд:** Если доказательства не убеждают продавца, обратитесь в Роспотребнадзор, а затем – в суд.
4.  **Повторная оплата:** Если товар или услуга срочно нужны, оплатите повторно и требуйте возврат лишнего платежа, но будьте готовы решать вопрос через Роспотребнадзор или суд в случае отказа.
5.  **Чарджбэк:** Если оплата производилась картой, попробуйте вернуть деньги через чарджбэк.

Помните, что разбирательства могут занять время."
398,Почему рискованно работать через иностранного форекс-дилера без российской лицензии?,"
Работа с иностранным форекс-дилером, не имеющим российской лицензии, сопряжена со значительными рисками. Вот основные из них:

*   **Отсутствие защиты со стороны российских регуляторов и суда:** Если иностранный дилер нарушит ваши права (например, не выполнит поручения вовремя или не вернет депозит), российские регуляторы, включая Банк России, и российские суды не смогут вам помочь. Все споры придется решать в стране регистрации компании, по ее законам, что может быть сложно и дорого.
*   **Риск мошенничества:** Многие ""иностранные форекс-дилеры"" на самом деле являются мошенниками, которые имитируют торговлю на рынке, чтобы выманить у вас деньги. Они могут предлагать доступ к фальшивым ""торговым терминалам"", где ваш счет искусственно увеличивается, а затем создавать препятствия для вывода средств, требуя дополнительные комиссии или взносы.
*   **Кража личных и платежных данных:** Приложения, предлагаемые для торговли на форексе, могут быть вирусами, крадущими ваши личные и платежные данные, включая данные для доступа к онлайн-банку.
*   **Нарушение закона:** Иностранные компании не имеют права работать на российском финансовом рынке, поэтому, если вы увидите рекламу иностранного форекс-дилера в российском интернете, это уже является нарушением закона.

**Что делать, если вы столкнулись с нарушением прав или потерей денег:**

*   Если дилер имеет российскую лицензию, обратитесь в Банк России.
*   Если лицензии нет, пишите заявление в полицию, собрав все имеющиеся документы (договоры, чеки, скриншоты).

**Важно:** На рынке форекс нет гарантий дохода, и ваши деньги не застрахованы государством. Будьте бдительны и не доверяйте обещаниям быстрого и легкого заработка.

**Рекомендация:** Перед тем, как инвестировать в форекс, проконсультируйтесь с юристом или финансовым специалистом, чтобы оценить риски и принять обоснованное решение."
399,Куда жаловаться при нарушении прав со стороны брокера или форекс‑дилера?,"Если вы считаете, что брокер нарушил ваши права или изменил условия договора без вашего согласия, у вас есть несколько вариантов действий:

1.  **Пожаловаться в саморегулируемую организацию (СРО).** Все финансовые посредники обязаны состоять в СРО. В настоящее время всех брокеров объединяет Национальная ассоциация участников фондового рынка (НАУФОР). Если ваши претензии будут обоснованы, СРО оштрафует брокера. При частых нарушениях брокера могут исключить из СРО, что может привести к приостановке и отзыву его лицензии.
2.  **Обратиться в Банк России.** Регулятор проверит работу брокера и, при выявлении нарушений, потребует их устранения. Посредникам, которые не исправляют ошибки, также грозят штрафы или отзыв лицензии.
3.  **Отправить претензию непосредственно брокеру.** Если не удастся уладить дело миром, придется обращаться в суд. К исковому заявлению необходимо приложить все документы, подтверждающие вашу позицию (отчеты, справки об операциях, скриншоты обращений и ответов брокера).

**Важно:** Тщательно изучайте условия сотрудничества с брокером и внимательно читайте договор и приложения к нему, прежде чем их подписывать. Помните, что инвестиции на фондовом рынке всегда связаны с рисками.

В случае проблем с форекс-дилером, если он выполняет ваши поручения с отсрочкой или не возвращает депозит по вашему требованию, также следует обратиться в Банк России. Если же договор заключен с компанией без лицензии Банка России, напишите заявление в полицию, приложив все имеющиеся документы (договоры, чеки, скриншоты).

Если у компании, обманувшей вас, есть российская лицензия, жалуйтесь в Банк России. Если лицензии нет - в полицию.
"
400,Распространяется ли самозапрет на POS‑микрозаймы?,"
Самозапрет распространяется на POS-займы, которые выдают МФО, так как в этом случае вы заключаете договор с банком или МФО. Однако, если вы пользуетесь рассрочкой самого продавца, то самозапрет не работает, так как отсрочка платежей предоставляется без кредитного договора.

В целом, самозапрет поможет вам избежать спонтанных покупок в долг. Если возникнет необходимость, вы сможете его отозвать – запрет перестанет действовать через день-два. Этого времени хватит, чтобы без спешки изучить все условия сделки и решить, подходит ли вам POS-кредит и нужна ли вообще такая покупка.

Рекомендую внимательно изучать условия POS-кредитов, включая годовой процент, полную стоимость кредита, график платежей и условия возврата товара. Также стоит обратить внимание на то, не берет ли банк дополнительную комиссию при внесении платежей.
"
401,Почему внеплановый платеж лучше делать в дату планового взноса?,"
Внесение дополнительного платежа в дату планового взноса или немного позже – наиболее выгодный вариант. Это позволяет направить всю сумму непосредственно на сокращение основного долга, а не на погашение начисленных процентов.

Если внести платеж в другой день, банк в первую очередь погасит начисленные проценты с момента предыдущего платежа, и лишь затем уменьшится сумма основного долга. В случае небольшого дополнительного взноса он может полностью уйти на погашение процентов, не затронув сумму долга.

Важно помнить, что даже после внесения досрочного платежа необходимо продолжать вносить регулярные платежи по графику, если банк не предоставил новый график. Если вы внесли платеж третьего числа, а плановый платеж приходится на десятое число, то десятого числа все равно нужно внести платеж по графику, чтобы избежать просрочки.

Банк обязан предоставить новый график погашения долга в течение трех дней после списания дополнительного взноса. Если новый график не предоставлен, а подошел срок планового платежа, лучше внести обычную сумму, чтобы избежать штрафов.

В целом, чем раньше вы начнете вносить досрочные платежи, тем больше сможете сэкономить на переплатах. Однако, ближе к концу срока кредита экономия от досрочного погашения будет менее заметной.
"
402,"Какие инструменты, в отличие от банковских вкладов, не покрываются государственной системой страхования?","
Государственная страховка вкладов не распространяется на следующие инструменты, в отличие от обычных банковских вкладов:

*   **Сберегательные сертификаты на предъявителя.**
*   **Деньги, переданные банкам в доверительное управление** или вложенные в ценные бумаги банка (акции, облигации, векселя и прочее).
*   **Средства на электронных кошельках** и предоплаченных неименных картах.
*   **Вклады в зарубежных филиалах российских банков.**
*   **Субординированные депозиты.**
*   **Номинальные счета** (за исключением тех, которые опекуны и попечители открыли в пользу подопечных), залоговые счета и счета эскроу, если они созданы не для сделок с недвижимостью.
*   **Обезличенные металлические счета.**
*   **Деньги юридических лиц** (кроме малых и средних предприятий из единого реестра, а также профсоюзов и социальных НКО).
*   **Публичные депозитные счета.**
*   **Счета и вклады компаний**, признанных иностранными агентами.
*   **Профессиональные счета актуариев.**
*   **Индивидуальные инвестиционные счета (ИИС)**.
*   **Комбинированные продукты**, включающие вклад и другие инструменты (например, страхование жизни или структурные облигации) – страховка распространяется только на часть, вложенную непосредственно в банковский вклад.

Важно помнить, что если вы инвестируете в эти инструменты, вы не будете защищены системой страхования вкладов и можете понести убытки. Если у вас есть сомнения, распространяется ли страховка на ваш конкретный случай, рекомендуется обратиться за разъяснениями в АСВ. В сложных случаях, для получения квалифицированной консультации, рекомендуется обратиться к юристу или финансовому специалисту."
403,По каким причинам оператор кошелька или банк блокируют операции?,"
Оператор кошелька или банк могут заблокировать операции или сам кошелек/карту по нескольким причинам:

**1. Нарушение условий использования:**

*   Если вы нарушаете правила использования кошелька, например, на анонимный кошелек поступают средства с разных банковских счетов, а пополнять его должен только владелец.

**2. Подозрительные операции:**

*   Банки и операторы кошельков блокируют операции, которые кажутся подозрительными, например, переводы на счета, связанные с мошенничеством.
*   Нетипичное поведение: крупная покупка, необычное время суток для транзакции, первая оплата за границей, если раньше вы пользовались картой только в своей стране.

**3. Безопасность:**

*   **Неверный ПИН-код:** При троекратном вводе неверного ПИН-кода карта блокируется (обычно автоматически разблокируется через сутки или может потребовать перевыпуска).
*   **Подозрение на мошенничество:** Банк может заблокировать карту, если заподозрит мошеннические действия и попытается связаться с вами для подтверждения операции.
*   **Зарубежные поездки:** Если вы не предупредили банк о поездке за границу, операция может быть заблокирована из соображений безопасности.

**4. Соблюдение законодательства:**

*   **Отмывание доходов и финансирование терроризма:** Банки обязаны противодействовать отмыванию денег и финансированию терроризма (115-ФЗ). Если операция вызывает подозрения в этом отношении, банк может ее заблокировать и сообщить в Росфинмониторинг.
*   **Арест средств:** Судебные приставы могут арестовать средства на кошельке или счете для погашения долгов.

**5. Другие причины:**

*   Банк может остановить все платежи, кроме обязательных (например, налогов), если у вас есть задолженность.
*   Банк может ограничить дистанционное банковское обслуживание, оставив возможность распоряжаться средствами только в офисе.

**Что делать в случае блокировки:**

*   Сразу же свяжитесь со службой поддержки банка или оператора кошелька.
*   Будьте готовы подтвердить свою личность и предоставить информацию о сомнительной операции.
*   Если банк запросил информацию о подозрительной операции, лучше перезвонить самостоятельно по номеру, указанному на карте, чтобы избежать мошенничества.
*   В случае споров с банком можно обратиться в межведомственную комиссию при Банке России.

**Важно:** Перед поездкой за границу или совершением крупной покупки рекомендуется заранее уведомить банк.
"
404,Когда СТО вправе требовать доплату при ремонте по ОСАГО?,"
Согласно предоставленной информации, СТО вправе предложить вам доплату за ремонт автомобиля, если оценка ущерба, произведенная страховщиком, оказалась меньше фактической стоимости ремонта. Однако, вы **не обязаны** соглашаться на доплату.

В этом случае, у вас есть следующие варианты:

*   **Отказ от доплаты и требование выплаты компенсации деньгами:** Вы можете отказаться от ремонта на СТО и попросить страховую компанию выплатить вам компенсацию в денежной форме. После этого вы сможете самостоятельно выбрать сервис для ремонта и решить, какие запчасти использовать (новые или подержанные), чтобы сэкономить.
*   **Если оценка страховщика укладывается в лимит:** Если первоначальная оценка ущерба укладывается в лимит возмещения по ОСАГО (максимум 400 000 рублей, но может быть меньше в определенных случаях, например, при оформлении европротокола без фотофиксации), СТО не имеет права требовать с вас доплаты. В этом случае, СТО должно самостоятельно урегулировать вопрос о разнице в стоимости с страховой компанией. Если СТО все же выставляет вам дополнительные счета, вы можете пожаловаться на них в страховую компанию.

Важно помнить, что в случае, если выплаты от страховщика недостаточно для полного ремонта, вы имеете право потребовать возмещение разницы с виновника ДТП через суд.

Для более детальной консультации по вашей конкретной ситуации, рекомендую обратиться к юристу или финансовому специалисту.
"
405,Как авторы советуют усиливать команду за счет подбора людей?,"Авторы книги ""Джефф Смарт, Рэнди Стрит. Кто. Решите вашу проблему номер один"" советуют для усиления команды:

1.  **Четко определить, кто именно нужен компании.** Важно понимать, какие навыки и качества необходимы для достижения целей.
2.  **Собирать эффективную команду, выбирая лучших кандидатов.** Недостаточно просто найти человека с нужными навыками, важно оценить его потенциал и соответствие культуре компании.
3.  **Различать типы сотрудников:** простых исполнителей, лидеров и тех, кто способен вносить новые идеи и стать драйвером изменений. Необходимо подбирать людей, соответствующих потребностям компании и конкретной роли.
4.  **Грамотно строить собеседование с кандидатом.**  Авторы предлагают алгоритм действий, включающий в себя правильные вопросы, сформулированные в зависимости от типа сотрудника, которого вы хотите найти. Это помогает оценить кандидата максимально объективно.
5.  **Уговаривать лучших кандидатов принять предложение о работе.** Важно не только найти подходящего человека, но и убедить его присоединиться к вашей команде.

Дополнительно, как указано в ""Джим Коллинз. От хорошего к великому"", важно интересоваться мнением сотрудников и создавать атмосферу, в которой они чувствуют свою значимость. Это усиливает мотивацию и позволяет команде работать более эффективно.
"
406,"Можно ли отменить перевод через СБП, как это соотносится с необратимостью транзакций в блокчейне?","
К сожалению, отменить перевод, совершенный через Систему быстрых платежей (СБП), невозможно. Деньги зачисляются получателю практически мгновенно, в течение нескольких секунд. Поэтому перед отправкой платежа необходимо тщательно проверять номер телефона, имя получателя и сумму перевода.

Если вы ошибочно отправили деньги не на тот номер или в неправильной сумме, вернуть их можно только с согласия получателя и его банка. Вам потребуется обратиться в свой банк и уточнить порядок действий в подобных ситуациях.

**Сравнение с блокчейном:**

Необратимость транзакций в блокчейне и невозможность отмены перевода в СБП обусловлены разными принципами работы.

*   **Блокчейн:** Транзакции в блокчейне записываются в распределенный реестр и подтверждаются сетью участников. После подтверждения транзакцию нельзя изменить или отменить, так как это потребует изменения всей цепочки блоков, что практически невозможно.
*   **СБП:** СБП – это система, управляемая банками-участниками. Хотя перевод происходит быстро, он не является окончательным, пока не будет подтвержден банком получателя. В случае ошибки есть возможность обратиться в банк для попытки возврата средств, но успех зависит от согласия получателя.

Таким образом, хотя обе системы обеспечивают быстрые транзакции, СБП предоставляет некоторую возможность для исправления ошибок, в то время как блокчейн транзакции необратимы.
"
407,Чем отличается защита денег инвесторов МФО от гарантий по добровольным пенсиям в НПФ?,"Защита денег инвесторов в МФО (микрофинансовых организациях) и гарантии по добровольным пенсиям в НПФ (негосударственных пенсионных фондах) существенно различаются.

**Защита инвестиций в МФО:**

*   **Отсутствие государственной гарантии:** Вложения в МФО не защищены государственной системой страхования вкладов. Это означает, что в случае банкротства МФО инвестор может потерять свои деньги.
*   **Страхование (не всегда эффективно):** Некоторые МФО заявляют о страховании инвестиций, но это часто является маркетинговым ходом. Страховка может покрывать риски, не связанные с потерей вложенных средств из-за банкротства самой МФО (например, от банкротства банка-партнера или ущерба офису). Для получения выплаты необходимо внимательно изучить условия договора страхования.
*   **Требования к МФК:** Инвестировать можно только в МФК (микрофинансовые компании) – крупные организации с большим капиталом, которые подлежат надзору со стороны Банка России. МКК (микрокредитные компании) не имеют права привлекать средства частных лиц.

**Гарантии в НПФ:**

*   **Защита обязательной части пенсии:** Государство гарантирует сохранность накоплений на обязательную пенсию. В случае банкротства НПФ все взносы будут возвращены в Социальный фонд России (СФР).
*   **Риск потери инвестиционного дохода:** В случае банкротства НПФ может быть потерян инвестиционный доход, полученный от вложений.
*   **Страхование добровольных накоплений:** Накопления на дополнительную пенсию застрахованы Агентством по страхованию вкладов (АСВ) в пределах 2,8 млн рублей.
*   **Продолжение выплат при банкротстве:** Если вы уже получаете пенсию из НПФ, даже в случае его банкротства выплаты будут продолжены СФР, но в размере не более четырех социальных пенсий по старости.

**Таким образом, основное отличие в уровне гарантий:**

*   Инвестиции в МФО – это высокорискованный способ вложения средств, где инвестор в основном полагается на благоразумность управления МФО и, возможно, наличие и условия страхового полиса.
*   Накопления в НПФ, особенно обязательная часть пенсии, имеют более высокий уровень защиты, обеспечиваемый государством. Дополнительная пенсия также застрахована, но с ограничением по сумме.

В любом случае, перед инвестированием в МФО или выбором НПФ рекомендуется тщательно изучить условия, финансовую устойчивость организации и, при необходимости, проконсультироваться с финансовым специалистом или юристом."
408,"Российские облигации у санкционного брокера доступны, какие бумаги для новичка самые надежные?","Здравствуйте!

Раз вы новичок и предпочитаете надежные инструменты, а также у вас только российские активы, то вам подойдут государственные облигации России (ОФЗ) и корпоративные облигации с высоким кредитным рейтингом.

**Почему эти инструменты считаются надежными:**

*   **Государственные облигации (ОФЗ):** Считаются одними из самых надежных, так как выпускаются Министерством финансов. Доходность по ним обычно не очень высокая, но выше инфляции.
*   **Корпоративные облигации с высоким рейтингом:** Облигации крупнейших российских компаний с рейтингом, например, «ААА», также достаточно надежны и предлагают умеренную доходность.

**Что важно помнить:**

*   Минимальные риски обычно означают и минимальную доходность.
*   Перед покупкой облигаций важно проверить финансовое состояние компании-эмитента (для корпоративных облигаций). Изучайте новости и финансовую отчетность на сайтах биржи и информационных агентств.
*   Внимательно читайте правила выпуска облигаций, чтобы знать периодичность выплат, условия досрочного погашения и другие важные детали.

**Дополнительно:**

Если вы хотите более подробно разобраться в инвестициях и подобрать подходящие инструменты, можете обратиться к инвестсоветнику. Он поможет вам выбрать оптимальный портфель, учитывая ваш опыт и финансовые цели.

В вашем случае, так как у вас только российские активы и вы начинающий инвестор, вам не нужно беспокоиться о санкциях, так как ограничения касаются только работы с зарубежными активами. Ваши российские ценные бумаги доступны для работы с брокером.

**Рекомендация:**

Для начала, сосредоточьтесь на государственных облигациях (ОФЗ) и корпоративных облигациях с высоким рейтингом. Это позволит вам начать инвестировать с минимальными рисками и получить представление о рынке ценных бумаг.

**Важно:**

Прежде чем принимать какие-либо инвестиционные решения, рекомендуется проконсультироваться с финансовым специалистом или юристом, чтобы оценить все возможные риски и последствия."
409,Кто платит НДФЛ по доходам от депозитарных расписок против дивидендов по акциям?,"
В отношении НДФЛ по доходам от депозитарных расписок и дивидендов по акциям существуют следующие правила:

**Депозитарные расписки:**

*   Налог на доход по дивидендам и купонам с зарубежных бумаг и расписок нужно платить всегда. Причем подавать декларацию 3-НДФЛ и перечислять деньги в налоговую придется самостоятельно.
*   Брокер оценивает, нужно ли платить НДФЛ с дохода от разницы между ценой покупки и продажи, автоматически рассчитывает, удерживает и отправляет налог в Федеральную налоговую службу (ФНС) в случаях, когда это необходимо.

**Дивиденды по акциям:**

*   На дивиденды всегда нужно платить подоходный налог.
*   Налог на дивиденды автоматически удерживает депозитарий или сама компания-эмитент, которая выпустила акции.

Таким образом, и в том, и в другом случае НДФЛ платится. Однако, **кто является плательщиком и как происходит удержание и перечисление налога, различается**. В случае с дивидендами по акциям налог удерживается автоматически, а с расписками удержание и расчет НДФЛ с разницы между ценой покупки и продажи осуществляет брокер, а с дивидендов и купонов - нужно платить самостоятельно."
410,Как снизить риск потери ценных бумаг при проблемах у посредника?,"
Существует несколько способов снизить риск потери ценных бумаг и денежных средств при возникновении проблем у брокера:

**1. Не храните деньги долго на брокерском счете.**

Лучше всего сразу инвестировать средства в ценные бумаги или выводить их на свой банковский счет. Деньги на банковских счетах и вкладах физических лиц застрахованы государством в размере до 1,4 млн рублей.

**2. Отдельный (сегрегированный) счет.**

Попросите брокера открыть вам отдельный счет и закрепить в договоре условие о запрете использования ваших средств брокером. Это позволит вам забрать свои деньги в случае отзыва лицензии у брокера, не дожидаясь процедуры банкротства. Однако, обслуживание такого счета обычно дороже.

**3. Защита ценных бумаг:**

*   **Запрет на использование бумаг:** Можно запретить брокеру использовать ваши ценные бумаги, но это может увеличить стоимость обслуживания.
*   **Разделение счета депо:** Оставьте брокеру доступ только к бумагам в торговом разделе счета депо, а для активов в основном разделе установите запрет на использование. При покупке бумаг сразу переводите их с торгового раздела на основной.
*   **Лицевой счет в реестре акционеров:** Переведите ценные бумаги на лицевой счет в реестре акционеров, где брокер не имеет доступа к ним без вашего разрешения. Однако, это может повлечь дополнительные расходы на перевод и обслуживание счета.

**4. Что делать при банкротстве брокера:**

*   **Запросите отчет о ваших операциях:** Это подтвердит ваши права на деньги и ценные бумаги.
*   **Подайте поручение на вывод средств:** Если брокер также является вашим депозитарием, заключите договор с новым депозитарием или откройте счет у регистратора и поручите брокеру перевести бумаги.
*   **Отслеживайте процедуру банкротства:** Узнайте дату начала процедуры банкротства и контакты арбитражного управляющего.
*   **Включитесь в реестр кредиторов:** Направьте арбитражному управляющему, брокеру и в суд требование о включении вас в реестр кредиторов, приложив копии договоров и отчеты брокера. Важно не пропустить срок подачи требований.

**5. Общие рекомендации:**

*   **Следите за новостями и выписками:** Регулярно проверяйте состояние своих счетов и отслеживайте финансовые новости.
*   **Претензии при нарушениях:** Если вы заметили нарушения со стороны брокера, отправьте ему претензию.
*   **Обращайтесь в Банк России:** Если брокер не реагирует на претензии или ответ вас не устраивает, обращайтесь в Банк России.

**Важно помнить:** Инвестиции всегда сопряжены с риском. В случае возникновения сложных ситуаций, рекомендуется обратиться к юристу или финансовому специалисту для получения квалифицированной консультации.
"
411,"Как банки увеличивают количество денег в экономике, что при этом угрожает ценам?","
Банки создают деньги, например, когда вы открываете депозит на 100 000 рублей. Банк не просто хранит ваши деньги, а может выдать кредит в размере 90 000 рублей другому клиенту. Таким образом, в экономике появляется больше денег, хотя физически количество наличных не увеличивается. Вы продолжаете владеть своими 100 000 рублей на депозите и получаете процент, а заемщик использует 90 000 рублей, выплачивая проценты банку.

Однако, если денег в экономике становится слишком много, возникает риск инфляции. Если предложение товаров и услуг не успевает за растущим спросом, цены начинают расти. Это происходит потому, что экономика не может ""переварить"" избыток денег, особенно при нехватке ресурсов, производственных мощностей или трудовых ресурсов.

Центральный банк контролирует этот процесс с помощью ключевой ставки. Повышение ключевой ставки делает кредиты дороже, что снижает спрос и замедляет инфляцию. Снижение ключевой ставки делает кредиты дешевле, стимулируя спрос и инвестиции, но также может привести к росту инфляции, если экономика не готова к такому увеличению денежной массы.

В настоящее время Банк России стремится удерживать инфляцию вблизи 4% и использует ключевую ставку как основной инструмент для достижения этой цели. В 2023-2024 годах ставка повышалась для замедления роста цен, и ожидается, что высокая ставка сохранится до 2026 года, чтобы вернуть инфляцию к целевому уровню.
"
412,Когда уместно рефинансировать кредит: при появлении ребенка либо перед Новым годом?,"
Рефинансирование кредита уместно в обоих случаях, но с разными целями и условиями.

**Перед Новым годом:**

*   **Цель:** Объединить несколько кредитов в один, чтобы упростить процесс платежей и, возможно, снизить общую переплату. Многие банки предлагают привлекательные ставки в этот период.
*   **Важно:** Тщательно сравните переплату по старым кредитам и по новому, чтобы убедиться в выгоде рефинансирования.

**При появлении ребенка:**

*   **Цель:** Рефинансировать ипотечный кредит (особенно если он был взят под обычный рыночный процент) на льготных условиях. Это возможно, если в семье появился ребенок, в том числе ребенок с инвалидностью.
*   **Важно:**
    *   Соблюдение условий госпрограммы (возраст ребенка, гражданство, стоимость жилья, процент выплаченной суммы).
    *   Банк имеет право отказать в рефинансировании, поэтому стоит обратиться в несколько банков.
    *   Льготное рефинансирование не распространяется на вторичное жилье.

Также, если вы уже взяли льготную ипотеку на старых условиях, вы можете обратиться в банк для изменения условий договора и продления льготной ставки на весь срок кредита, или рассмотреть рефинансирование в другом банке, участвующем в госпрограмме.

В любом случае, перед принятием решения о рефинансировании, рекомендуется тщательно оценить свою финансовую ситуацию и проконсультироваться с финансовым специалистом или юристом.
"
413,"Каков лимит страхового возмещения по вкладам, когда доступна выплата до 10 млн рублей?","Лимит страхового возмещения по вкладам составляет 1,4 млн рублей. Однако, в некоторых случаях можно рассчитывать на повышенное страховое возмещение – до 10 млн рублей.

**Выплата до 10 млн рублей доступна в следующих случаях:**

*   **Счет эскроу:** Если деньги лежали на счете эскроу для покупки недвижимости (как готовой, так и строящейся). Важно, что защита по эскроу-счету имеет временные рамки.
*   **Особые обстоятельства:** Если на счет поступили крупные суммы из-за особых обстоятельств (наследство, продажа имущества, субсидии, социальные выплаты, страховые возмещения, выплаты по решению суда) в течение трех месяцев до отзыва лицензии у банка.
*   **Поступление средств после определенных событий:** Если деньги поступили на счет после продажи квартиры, дома, дачи или земельного участка, оформления наследства, получения денег по решению суда, возмещения ущерба жизни, здоровью или имуществу, получения выходного пособия, компенсаций, материнского капитала, гранта в форме субсидии, но не ранее чем за три месяца до отзыва лицензии у банка.

Важно помнить, что повышенная страховка не суммируется с лимитом в 1,4 млн рублей. Если у вас были и обычные вклады, и средства, подпадающие под повышенную страховку, то 1,4 млн рублей компенсируются за обычные вклады, а остальное – до 10 млн рублей – за особые поступления или эскроу-счет. Общая сумма выплат не может превышать 10 млн рублей.
"
414,Как выгодно использовать распродажи при подготовке к школе или к Новому году?,"Для выгодной подготовки к школе или Новому году можно воспользоваться следующими советами:

**1. Следите за распродажами:** Не откладывайте покупки на последний момент, но и не спешите все закупать сразу. К концу лета или перед праздниками некоторые магазины предлагают скидки и промоакции на школьные принадлежности, компьютеры, смартфоны, одежду и другие товары. Используйте специальные сайты и приложения для отслеживания акций, но перед покупкой сравните цены в нескольких магазинах, чтобы убедиться в выгодности предложения.

**2. Верните себе часть трат:** Используйте кешбэк-программы банков. Оплачивайте покупки картой, чтобы часть расходов возвращалась на ваш счет в виде денег или баллов.

**3. Воспользуйтесь ошибками других:** Иногда родители ошибаются при покупке школьной формы или других вещей, и продают их в интернете по более низкой цене. Будьте осторожны при покупках из рук в руки через интернет и соблюдайте правила онлайн-платежей.

**4. Продайте ненужные вещи:** Продайте школьную форму, из которой ребенок вырос, или устаревший ноутбук, чтобы вырученные деньги вложить в новые школьные принадлежности. Размещайте объявления на специализированных сайтах, которые защищают пользователей от мошенников.

**5. Дружите с родителями:** Закупайте школьные принадлежности оптом с другими родителями, чтобы получить скидки или бонусы. Возможно, у кого-то из родителей есть дисконтная карта в магазине канцтоваров.

**6. Не спешите делать покупки, которые можно отложить:** Если старая школьная форма еще в хорошем состоянии, не торопитесь покупать новую. Подождите, пока схлынет августовский ажиотаж, и магазины снова поменяют ценники.

**7. Покупайте на вырост:** Если сомневаетесь между двумя размерами одежды или обуви, выбирайте больший. Брюки и юбки можно укоротить, а платья ушить. Также можно заранее покупать одежду и обувь на следующий учебный год во время зимних распродаж.

**Дополнительные советы, которые помогут сэкономить:**

*   **Проведите работу над ошибками:** После праздников оцените, на что ушло больше всего денег и как можно сэкономить в следующий раз.
*   **Не ведитесь на предпраздничные скидки:** Ценники могут быть специально завышены перед праздниками, чтобы потом объявить ""распродажу"". Проверьте цены заранее.
*   **Не тратьте лишнего:** Подумайте, от чего можно временно отказаться или заменить более доступными вариантами. Составляйте меню на неделю и используйте продукты, которые у вас уже есть. Откажитесь от лишних услуг в тарифе сотового оператора или от подписок на онлайн-кинотеатры, которыми вы не пользуетесь. Отпишитесь от рекламных рассылок магазинов.
*   **Распоряжайтесь деньгами с умом:** Научитесь копить деньги на то, что хочется, вместо того чтобы просить родителей.

Если вы планируете крупные покупки, я рекомендую обратиться к финансовому специалисту для получения индивидуальной консультации.
"
415,"Что делать, если в полисе ОСАГО указан неправильный КБМ, и когда начнут действовать исправления?","Если в вашем полисе ОСАГО указан неправильный КБМ, вам необходимо предпринять следующие шаги:

1.  **Обратитесь к страховой компании:** Подайте заявление с требованием проверить данные и внести изменения в информационную систему. Это можно сделать через сайт компании, мобильное приложение или по электронной почте. Страховщик обязан разобраться в ситуации, исправить ошибку и предоставить вам ответ в течение 15 рабочих дней после вашего обращения.
2.  **Проверьте информацию в НСИС:** Если проблема не решается, или в НСИС вообще нет каких-то ваших полисов, или значится лишний договор страхования, напишите напрямую в НСИС через личный кабинет на сайте. Зайдите в раздел «Полисы», нажмите на кнопку «Сообщить об ошибке в данных» и подробно опишите проблему. НСИС проверит данные, исправит вашу страховую историю и при необходимости пересчитает КБМ в течение 30 календарных дней.
3.  **Потребуйте перерасчет стоимости полиса:** Если выяснится, что страховая компания использовала неверный КБМ, попросите ее пересчитать стоимость полиса и компенсировать разницу. Вы имеете право вернуть переплату за последние три года.

**Когда начнут действовать исправления?**

Исправления в НСИС, как правило, влияют на стоимость новых полисов ОСАГО сразу после внесения изменений. Если вы уже приобрели полис с неправильным КБМ, то после исправления КБМ в НСИС вам необходимо обратиться в страховую компанию с требованием пересчитать стоимость полиса и вернуть разницу.

**Важно помнить:**

*   Если вы меняли водительское удостоверение, обязательно сообщите об этом своему страховщику.
*   Регулярно проверяйте свою страховую историю и КБМ в личном кабинете на сайте НСИС.
*   В случае возникновения споров обращайтесь к юристу или финансовому специалисту для получения консультации.



"
416,"Как распознать обман, когда обещают компенсации за прошлые потери?","Вам пришло предложение о компенсации за прошлые потери (например, за приобретенные БАДы, денежный выигрыш, потерянные при обмене деньги)? Будьте предельно осторожны! Это может быть мошенничество.

**Вот на что следует обратить внимание:**

*   **Предложение о компенсации, о котором вы не просили:** Мошенники часто обращаются к людям, которые уже однажды попались на удочку других обманщиков, рассчитывая на их доверчивость.
*   **Требование оплаты ""налога"" или ""госпошлины"":** Вам предлагают заплатить определенную сумму, прежде чем вы получите обещанную компенсацию. Это классическая схема мошенничества.
*   **Срочность:** Вас торопят с принятием решения, утверждая, что иначе компенсация перейдет государству.
*   **Письма или уведомления с реквизитами Банка России:** Мошенники могут использовать бланки с логотипом и реквизитами ЦБ, чтобы выглядеть правдоподобно.

**Что делать, если вы получили подобное предложение:**

1.  **Не связывайтесь с контактным лицом, указанным в письме или сообщении.**
2.  **Проверьте информацию:** Позвоните в Банк России по официальному номеру телефона, указанному на их сайте ([https://www.cbr.ru/](https://www.cbr.ru/)), и уточните, действительно ли они отправляли вам такое уведомление.
3.  **Не предоставляйте свои личные данные:** Ни в коем случае не сообщайте мошенникам реквизиты своих банковских карт, PIN-коды или другую конфиденциальную информацию.
4.  **Сообщите о мошенничестве:** Если вы столкнулись с мошенничеством, обратитесь в правоохранительные органы.

**Важно помнить:** Банк России присылает СМС и e-mail только в ответ на ваше обращение через интернет-приемную. СМС-сообщения от регулятора поступают с короткого номера 3434, электронные письма — с адреса noaddress@cbr.ru. Любые сообщения с других номеров, особенно требующие введения ПИН-кода, подтверждения операций, предоставления личных данных и других сведений, следует расценивать как попытку мошенничества.

Если вы стали жертвой мошенников, обратитесь за консультацией к юристу или финансовому специалисту. Они смогут оценить вашу ситуацию и предложить оптимальное решение."
417,"Какой кредитный рейтинг должен иметь МФО для долгосрочных вложений с учетом того, что такие инвестиции не страхуются государством?","Для долгосрочных вложений в МФО, учитывая отсутствие государственной страховки, следует выбирать организации с высоким кредитным рейтингом. Согласно предоставленной информации, если вы намерены заключить договор на более долгий срок, стоит остановиться на компаниях с кредитным рейтингом **не ниже «ВВВ—»**. 

Важно помнить:

*   **Риски выше, чем в банках:** Инвестиции в МФО не защищены государственной системой страхования вкладов, поэтому при банкротстве МФО вернуть свои средства будет сложно.
*   **Внимательно читайте договор страхования:** Если МФО заявляет о страховке ваших вложений, тщательно изучите условия, чтобы понять, от каких рисков она действительно защищает. Чаще всего такая страховка не покрывает банкротство МФО.
*   **Регулярно проверяйте рейтинг:** Важно время от времени заходить на сайты рейтинговых агентств и заново проверять данные о кредитном рейтинге МФО.
*   **Минимальный порог вложений:** Минимальный размер инвестиций в МФК составляет 1,5 млн рублей.

**Важно:** Информация о кредитных рейтингах является лишь одним из факторов, которые следует учитывать при принятии решения об инвестициях. Рекомендуется проконсультироваться с финансовым специалистом, чтобы оценить все риски и принять взвешенное решение, соответствующее вашим финансовым целям и терпимости к риску."
418,"Какие ограничения на досрочный выход из сделки указаны для векселя, а также для участия в аукционе заблокированных активов?","
Вексель нельзя погасить раньше указанного на нем срока. Если на векселе указан конкретный срок погашения, до этого момента деньги получить нельзя.

Передумать и отозвать заявление на участие в аукционе заблокированных активов также нельзя. После подачи заявки на участие в торгах, вы не сможете ее изменить или отозвать.
"
419,"Попадают ли деньги в доверительном управлении, на брокерском счете и в структурном депозите под страхование вкладов?","
Деньги, переданные банкам в доверительное управление, **не** попадают под страхование вкладов. Это относится и к средствам на брокерском счете, а также к структурным депозитам, если они предлагаются не только банком, но и доверительными управляющими или страховыми компаниями.

Если структурный депозит предлагается **банком**, то сумма депозита (без процентов) защищена системой страхования вкладов в пределах 1,4 млн рублей. Однако, если вы приобретете структурный депозит через другие компании (доверительные управляющие, страховые компании), государственная страховка на эти деньги распространяться не будет.

Важно помнить, что вклады в зарубежных филиалах российских банков, субординированные депозиты, обезличенные металлические счета, а также деньги юридических лиц (за некоторыми исключениями) также не подлежат страхованию.

В случае банкротства или ликвидации банка, возврат денег, не покрытых страховкой, возможен только в ходе процедуры распродажи активов банка, что может занять длительное время и не гарантировать полного возмещения.
"
420,Как госпоручительство помогает оформить заем?,"
Госпоручительство значительно повышает шансы на получение займа, особенно для малого и среднего бизнеса, а также самозанятых, у которых нет достаточного залога или его стоимость невелика. Вот как это работает:

**Суть государственного поручительства:**

Корпорация МСП или региональные гарантийные организации (РГО) выступают гарантами перед банком. Они обязуются погасить часть долга за вас, если вы не сможете этого сделать. Это снижает риски банка, что делает его более лояльным к выдаче кредита.

**Какие существуют программы государственного поручительства:**

*   **Зонтичный механизм поручительств Корпорации МСП:**
    *   Покрывает до 50% суммы кредита до 1 млрд рублей на срок до 10 лет.
    *   Подходит для инвестиционных целей, пополнения оборотных средств, развития бизнеса или рефинансирования.
    *   Бесплатно для заемщика – комиссию платит банк.
*   **Поручительства РГО:**
    *   Подходят для малого и среднего бизнеса и самозанятых.
    *   Сумма поручительства обычно до 25 млн рублей (в некоторых регионах – до 100 млн рублей).
    *   Покрытие может достигать 70% суммы кредита.
    *   Услуги платные – от 0,5 до 3% годовых.
*   **Совместные поручительства Корпорации МСП и РГО:**
    *   Позволяют объединить оба вида поручительств, что часто покрывает 70–90% размера кредита.

**Как это влияет на условия займа:**

*   **Повышение вероятности одобрения:** Наличие госпоручительства увеличивает шансы на получение кредита, особенно если у вас нет достаточного залога.
*   **Снижение процентной ставки:** Банки обычно предлагают более низкие процентные ставки по кредитам, обеспеченным государственным поручительством, так как их риски снижаются.
*   **Увеличение суммы кредита:** Госпоручительство может позволить вам получить кредит на большую сумму, чем если бы вы обращались за ним без обеспечения.

**Как получить госпоручительство:**

1.  Обратитесь в банк-партнер Корпорации МСП или РГО. Отдельно обращаться в Корпорацию не нужно, поручительство оформляется одновременно с кредитом.
2.  Узнайте в РГО точную сумму поручительства, размер покрытия и другие условия. Найти подходящую организацию можно на сайте Корпорации МСП, выбрав свой регион.

**Важно:** Если банк или РГО необоснованно отказывают вам в кредитно-гарантийной поддержке, вы можете пожаловаться в Корпорацию МСП через сервис поддержки предпринимателей.
"
421,Как мошенники получают данные банковских карт через поддельные сайты?,"

Мошенники получают данные банковских карт через поддельные сайты, создавая их копии, которые выглядят как настоящие сайты банков, микрофинансовых организаций, страховых компаний, популярных онлайн-магазинов или порталов объявлений. Эти сайты-двойники используют похожее название и оформление, чтобы обмануть пользователей. 

**Как это работает:**

1.  **Создание сайта-клона:** Мошенники копируют дизайн и структуру известного сайта.
2.  **Заманивание пользователей:** Они направляют пользователей на эти сайты-клоны, например, через рекламу, фишинговые ссылки в сообщениях или электронных письмах, или через поисковые системы (где сайт-клон может выдаваться в результатах поиска как настоящий).
3.  **Сбор данных:** Когда пользователь вводит свои данные на поддельном сайте (например, данные карты, логин и пароль от онлайн-банка), эта информация попадает в руки мошенников.

**Как распознать поддельный сайт:**

*   **Адресная строка:** Внимательно проверяйте адресную строку браузера. Сайты-клоны часто имеют незначительные отличия в адресе от оригинального сайта.
*   **Наличие ""https"" и замка:** Убедитесь, что адрес сайта начинается с ""https://"" и в конце адресной строки есть значок закрытого замка. Это указывает на защищенное соединение.
*   **Поисковые системы:** При поиске сайта банка используйте поисковые системы Яндекс или Mail.ru, которые отмечают настоящие сайты банков специальной галочкой в синем кружке.
*   **Внешний вид:** Обратите внимание на оформление сайта. Мошенники часто невнимательны к деталям, поэтому на сайте могут быть ошибки или неточности.
*   **Закладки:** Сохраняйте адреса часто используемых сайтов в закладках, чтобы не набирать их вручную и избежать ошибок.

**Важно помнить:** Банк не компенсирует убытки, если вы сами предоставили мошенникам свои данные, в том числе через поддельный сайт.
"
422,Как удостовериться в легальности кредитора перед заявкой?,"

Чтобы удостовериться в легальности кредитора перед подачей заявки, необходимо выполнить несколько важных шагов:

1. **Проверка в справочнике Банка России:** Самый важный шаг – проверить, зарегистрирована ли компания в справочнике финансовых организаций на сайте Банка России ([https://fsfr.ru/](https://fsfr.ru/)). Если компании там нет, это явный признак нелегального кредитора (""черного кредитора"").  Связываться с такими организациями крайне опасно, так как они могут предлагать невыгодные условия и использовать незаконные методы взыскания долгов.

2. **Проверка на членство в СРО (для МФО и КПК):**
   * **МФО:** Убедитесь, что микрофинансовая организация состоит в саморегулируемой организации (СРО). Проверить это можно на сайтах союза «Микрофинансовый альянс» и СРО «МиР». Отсутствие в этих реестрах – тревожный сигнал.
   * **КПК:** Проверьте членство кредитного потребительского кооператива в реестре КПК (и в реестре сельскохозяйственных КПК, если это применимо). Удостоверьтесь, что в реестре указана дата приема в СРО и отсутствует дата исключения.

3. **Внимательное изучение договора:** Перед подписанием договора внимательно его прочитайте. Обратите внимание на следующие моменты:
   * **Полная стоимость займа:** Она должна быть четко указана в договоре, в квадратной рамке на первой странице в правом верхнем углу.
   * **Условия возврата:** Убедитесь, что условия возврата долга понятны и приемлемы для вас.
   * **Дополнительные услуги:** Оцените необходимость дополнительных услуг и их влияние на общую стоимость займа.
   * **Формулировки:** Если какие-либо формулировки в договоре вам непонятны, попросите сотрудника кредитной организации разъяснить их.

4. **Будьте осторожны с онлайн-займом:** При оформлении займа онлайн, обращайте внимание на наличие специального знака (синего кружка с галочкой) в поисковых системах Яндекс и Mail.ru, который подтверждает, что сайт проверен.

5. **Остерегайтесь слишком выгодных предложений:** Если вам предлагают подозрительно выгодные условия, это должно вызвать подозрения. Убедитесь, что все обещания, данные менеджером, прописаны в договоре.

**Важно помнить:** Если вы не уверены в легальности кредитора или не понимаете условия договора, лучше отказаться от займа и обратиться за консультацией к юристу или финансовому специалисту.  Взятие займа у нелегального кредитора может привести к серьезным финансовым и юридическим проблемам.
"
423,Покроет ли страховка ответственности кражу из банковской ячейки?,"
В случае кражи из банковской ячейки, страховка ответственности может покрыть ущерб, но это зависит от нескольких факторов.

Во-первых, важно, какой договор вы заключили с банком:

*   **Договор ответственного хранения:** В этом случае банк отвечает за сохранность содержимого ячейки и должен полностью компенсировать ущерб в случае кражи.
*   **Договор аренды:** Здесь ответственность за сохранность содержимого лежит на вас. Банк отвечает только за сохранность самой ячейки. Доказать, что именно было украдено из ячейки, может быть сложно без описи содержимого.

Во-вторых, необходимо изучить условия страхового полиса. Страховщики могут включать в полисы выплаты в случае кражи, но важно понимать, какие именно случаи покрываются, а какие нет.

В-третьих, если вы заключили договор аренды, и хотите быть уверенным в компенсации ущерба в случае кражи, рекомендуется отдельно застраховать имущество, хранящееся в ячейке, в сторонней страховой компании.

В любом случае, рекомендуется внимательно изучить договор с банком и страховой полис, чтобы понимать свои права и обязанности. Если у вас есть сомнения, лучше обратиться к юристу или финансовому специалисту для получения консультации по конкретному случаю."
424,Как избежать потерь при онлайн‑покупках вне официальных магазинов?,"
Чтобы избежать потерь при онлайн-покупках вне официальных магазинов, следует соблюдать ряд правил безопасности. В последнее время участились случаи мошенничества, особенно в связи с прекращением официальных продаж многих товаров в России.

**Признаки мошеннических предложений:**

*   **Слишком низкая цена или быстрая доставка:** Если предложение кажется слишком выгодным по сравнению с другими, это должно вызвать подозрения.
*   **Требование предоплаты и спешка:** Мошенники торопят с оплатой, утверждая, что есть много других желающих.
*   **Переход на другие платформы:** Продавец старается перевести общение из сервиса объявлений в мессенджер или на другой сайт.
*   **Поддельные сайты:** Сайт магазина выглядит как копия известного, но адрес и оформление отличаются.

**Как защитить себя:**

*   **Не оплачивайте по сомнительным ссылкам или QR-кодам.**
*   **Не сообщайте свои персональные данные и реквизиты карты.**
*   **Используйте наложенный платеж при доставке.**
*   **Проверяйте адрес сайта:** Убедитесь, что вы находитесь на официальной странице магазина, а не на его подделке. Адрес должен начинаться с ""https://"" и иметь значок замка.
*   **Не переходите в чаты в соцсетях и мессенджерах с площадок объявлений.**
*   **Используйте платежный сервис площадки объявлений:** Он зарезервирует деньги и переведет их продавцу только после получения товара.
*   **Составляйте договор при крупных сделках:** Укажите реквизиты продавца (фирмы или ИП, либо паспортные данные, если продавец действует как физическое лицо). Рассмотрите возможность использования аккредитива в банке или депозита нотариуса.
*   **Используйте отдельную карту для онлайн-покупок:** Установите на нее лимит трат и настройте оповещения о списаниях.
*   **Используйте виртуальную карту:** Многие банки предлагают виртуальные карты для онлайн-платежей, которые не привязаны к вашему основному счету.
*   **Не скачивайте игры и приложения из непроверенных источников.**
*   **Используйте сложные и разные пароли для разных аккаунтов.**
*   **Включите двухфакторную идентификацию, где это возможно.**
*   **Обсудите с детьми правила безопасности в интернете.**
*   **Установите программы родительского контроля.**

Если вы все же стали жертвой мошенников, обратитесь в банк и правоохранительные органы. К сожалению, банки обычно не возвращают деньги, переведенные добровольно мошенникам.

**Важно помнить:** Если у вас возникли сомнения, лучше отказаться от покупки или обратиться за консультацией к юристу или финансовому специалисту.
"
425,Что может покупать неквалифицированный инвестор без тестов с учетом ограничений на иностранные бумаги?,"
Неквалифицированный инвестор может свободно покупать без тестирования следующие инструменты:

*   **Государственные облигации России (ОФЗ и облигации регионов)**, за исключением облигаций с нефиксированным доходом.
*   **Корпоративные облигации** с высоким кредитным рейтингом.
*   **Акции российских компаний** из первого и второго котировальных списков.
*   **Акции зарубежных компаний**, входящие в расчет известных биржевых индексов из перечня Банка России.
*   **Паи всех биржевых, открытых и интервальных ПИФов**, а также закрытых паевых фондов, которые вкладывают деньги в биржевые активы.
*   **Паи любых российских БПИФов**.
*   **Паи ETF**, которые никак не связаны с недружественными странами и соответствуют одному из условий: входят в первый или второй котировальные списки российских бирж, либо ETF привязан к ведущим зарубежным биржевым индексам, и создатель фонда подписал договор с российской биржей, по которому обязуется по требованию инвесторов продавать и выкупать свои паи в любое время.
*   **Облигации со структурным доходом**, если для них не требуется квалификация инвестора (но в этом случае потребуется пройти тестирование).
*   **Структурные сделки** (но потребуется пройти тестирование по опционам или фьючерсам).

**Важно:** С 1 января 2025 года неквалифицированным инвесторам доступны бумаги иностранных эмитентов только из стран ЕАЭС. Из-за риска блокировки зарубежных активов многие брокеры ввели ограничения для неквалифицированных инвесторов, позволяя им только продавать, но не покупать зарубежные акции.

Для более сложных инструментов, не предусмотренных для всех желающих, необходимо пройти тестирование. Однако, даже после тестирования, некоторые активы, предназначенные исключительно для квалифицированных инвесторов, будут недоступны.
"
426,Зачем сравнивать условия разных банков или сервисов перед крупной тратой?,"
Сравнивать условия разных банков и сервисов перед крупной тратой крайне важно по нескольким причинам:

*   **Разные условия по вкладам:** Банки предлагают различные процентные ставки, условия начисления процентов (например, лестничная ставка, возможность снятия процентов без потери), и требования к сумме и сроку вклада. Выгодный процент не всегда доступен для всех, часто он зависит от суммы вклада и срока его действия, а также от оформления дополнительных услуг.
*   **Разные условия по кредитам:** Полная стоимость кредита (ПСК) может значительно отличаться в разных банках. Важно учитывать не только процентную ставку, но и все дополнительные платежи, такие как страховка, комиссии за обслуживание и выпуск кредитной карты.
*   **Разные условия по картам:** Условия обслуживания банковских карт (стоимость обслуживания, проценты на остаток, наличие кешбэка и его размер) могут существенно различаться.
*   **Избежание уловок:** Банки часто используют маркетинговые уловки, предлагая привлекательные условия только для определенных категорий клиентов или при выполнении определенных условий (например, получение зарплаты в этом банке, оформление дорогой страховки).
*   **Выбор наиболее выгодного предложения:** Сравнение позволяет выбрать банк или сервис, который предлагает наиболее выгодные условия для вашей конкретной ситуации.
*   **Оценка репутации:** Изучение отзывов других клиентов поможет вам оценить репутацию кредитора и узнать, насколько банк готов идти навстречу заемщикам в трудных финансовых ситуациях.
*   **Учет индивидуальных потребностей:** Разные банки могут предлагать разные программы льготных кредитов, которые могут соответствовать вашим потребностям.

Не стоит ограничиваться близостью отделения или яркой рекламой. Тщательный анализ условий в нескольких организациях поможет вам избежать переплаты и выбрать наиболее подходящий вариант. Если у вас нет времени на самостоятельный поиск, можно обратиться к кредитному брокеру, но важно помнить, что даже в этом случае необходимо внимательно изучать все условия договора и не подавать заявки во все банки сразу, чтобы не снизить свой кредитный рейтинг.
"
427,"Как избежать лишних платных сервисов при микрозайме, а также в какой срок можно от них отказаться после подписания?","
Здравствуйте!

Вы задали очень важный вопрос, так как многие заемщики сталкиваются с навязыванием ненужных платных услуг при оформлении кредитов и займов. Вот подробная информация о том, как избежать лишних расходов и что делать, если вы уже согласились на ненужные сервисы:

**Как избежать навязывания услуг:**

*   **Внимательно читайте договор:** Не спешите подписывать документы, особенно таблицу с индивидуальными условиями займа. Убедитесь, что в ней не прописаны дополнительные услуги, которые вам не нужны.
*   **Проверяйте договоры на наличие галочек:** Убедитесь, что недобросовестные компании не проставили галочки напротив дополнительных услуг автоматически.
*   **Не подписывайте отдельные договоры, если они вам не нужны:** Если вам предлагают отдельные договоры на страхование или другие услуги, не подписывайте их, если они вам не нужны.
*   **Помните, что допуслуги не должны быть условием выдачи займа:** По закону о защите прав потребителей, микрофинансовые организации (МФО) не вправе делать допуслуги обязательным условием выдачи денег или включать их в договор по умолчанию.

**Сроки и порядок отказа от услуг:**

*   **Период охлаждения:** У вас есть **30 дней** с момента подписания договора на дополнительные услуги, чтобы отказаться от них и потребовать возврат денег. Ранее этот срок составлял 14 дней, но с 21 января 2024 года он был увеличен до 30 дней.
*   **Куда подавать заявление:**
    *   Если у вас есть **индивидуальный договор** с поставщиком услуги (например, с юрфирмой или медцентром), подавайте заявление непосредственно **поставщику услуги**.
    *   Если вас **присоединили к коллективному договору**, подавайте заявление сразу **в банк или МФО**, которая оформила вам кредит.
*   **Как подать заявление:** Заявление можно составить в свободной форме. Часто это можно сделать дистанционно через сайт или мобильное приложение компании. Способы связи должны быть прописаны в вашем договоре.
*   **Какие документы приложить:**
    *   Копию паспорта.
    *   Копии договора на услугу и документов об оплате.
    *   Банковские реквизиты, если хотите получить деньги на счет.
*   **Сроки возврата денег:** Компания обязана вернуть деньги **в течение 7 рабочих дней** после получения заявления.

**Что делать, если деньги не вернули:**

1.  **Обратитесь к кредитору (банку или МФО):** Если поставщик услуги не вернул деньги в течение 7 рабочих дней, обратитесь к кредитору. Заявление можно подать не раньше чем через 30 дней после обращения к поставщику услуг, но не позже 180 дней с этой даты. Обязательно укажите дату первого обращения.
2.  **Обратитесь к финансовому уполномоченному (финансовому омбудсмену):** Если банк или МФО также не реагируют на вашу просьбу, обратитесь к финансовому омбудсмену. Он бесплатно и быстро рассматривает заявления, а его постановления обязательны для исполнения финансовыми организациями.
3.  **Подайте жалобу в Роспотребнадзор:** Если компания отказывается выплачивать вам деньги, жалуйтесь в Роспотребнадзор.
4.  **Обратитесь в саморегулируемую организацию (СРО):** Если МФО продолжает нарушать ваши права, обратитесь в СРО, в которую она входит.
5.  **Обратитесь в Роскомнадзор и Федеральную антимонопольную службу:** Если МФО продолжает слать рекламу, несмотря на ваш запрет, обратитесь в эти организации.

**Важно помнить:**

*   Сумма возврата зависит от того, была ли оказана услуга. Если услуга не была оказана, вам вернут все деньги. Если услуга начала работать, из суммы возврата вычтут оплату за те дни, которые прошли до подачи заявления об отказе.
*   После периода охлаждения вернуть деньги будет сложнее, и сумма возврата может быть меньше.
*   Банки не вправе делать подписку на дополнительные платные услуги условием кредита.

Если у вас возникнут дополнительные вопросы или вам потребуется помощь в составлении заявления, рекомендую обратиться к юристу или финансовому специалисту для получения консультации по вашему конкретному случаю.
"
428,Как отличается период охлаждения по кредитным страховкам от сроков возврата ИСЖ или НСЖ на небольшую сумму?,"
Период охлаждения по кредитным страховкам и по полисам инвестиционного (ИСЖ) или накопительного страхования жизни (НСЖ) на небольшую сумму отличается продолжительностью.

**Кредитные страховки:**

*   В течение **30 дней** можно отказаться от страховки, оформленной вместе с кредитом или займом, и вернуть деньги.

**ИСЖ или НСЖ на сумму менее 1,5 млн рублей:**

*   В случае разовой оплаты полиса - период охлаждения составляет **30 дней**.
*   В случае регулярных платежей - период охлаждения длится до внесения **третьего взноса**, но не менее **четырех недель**.

Таким образом, для кредитных страховок период охлаждения составляет ровно 30 дней, а для ИСЖ/НСЖ на небольшую сумму он может быть меньше (от 4 недель), если платежи регулярные.
"
429,Какой налоговый режим выбрать ИП для минимальной отчетности с учетом риска личным имуществом?,"
Для ИП, стремящегося к минимальной отчетности и желающего минимизировать риски, связанные с личным имуществом, можно рассмотреть несколько вариантов, но каждый имеет свои нюансы.

**1. Налог на профессиональный доход (НПД) (самозанятость):**

*   **Отчетность:** Минимальная – ФНС сама рассчитывает налог на основе данных о доходах.
*   **Риск для имущества:** Самый низкий, поскольку самозанятые не являются предпринимателями в полном смысле этого слова и не несут ответственности по долгам бизнеса своим личным имуществом (за исключением случаев, когда допущена неправомерная выплата дохода).
*   **Ограничения:** Доход не более 2,4 млн рублей в год, отсутствие сотрудников, определенные виды деятельности.

**2. Упрощенная система налогообложения (УСН):**

*   **Отчетность:** Относительно простая, но сложнее, чем у самозанятых. Необходимо сдавать декларацию один раз в год и уплачивать авансовые платежи ежеквартально.
*   **Риск для имущества:** ИП отвечает по долгам бизнеса всем своим имуществом. Однако, если выбрать УСН с налогом на доходы (6%), а не на ""доходы минус расходы"" (15%), то риски могут быть снижены, так как меньше операций и, соответственно, меньше потенциальных ошибок, которые могут привести к доначислениям и штрафам.
*   **Ограничения:** Доход не более 450 млн рублей в год, не более 130 сотрудников, ограничение по стоимости основных средств.

**3. Патентная система налогообложения (ПСН):**

*   **Отчетность:** Минимальная – не нужно сдавать декларацию, платите фиксированную сумму за патент.
*   **Риск для имущества:** Как и при УСН, ИП отвечает по долгам бизнеса всем своим имуществом.
*   **Ограничения:** Доход не более 60 млн рублей в год, не более 15 сотрудников, подходит не для всех видов деятельности.

**Рекомендации:**

*   **Если ваш доход не превышает 2,4 млн рублей в год и вы подходите под критерии самозанятости, НПД – лучший выбор.** Это самый простой вариант с минимальными рисками для личного имущества.
*   **Если ваш доход превышает 2,4 млн рублей, но не превышает 450 млн рублей, и вы готовы к немного более сложной отчетности, рассмотрите УСН с налогом на доходы (6%).**
*   **Если ваш вид деятельности подходит под ПСН, и вы уверены, что ваш доход не превысит 60 млн рублей, это может быть хорошим вариантом с минимальной отчетностью.**

**Важно:**

*   В любом случае, ИП несет ответственность по долгам бизнеса своим личным имуществом, за исключением случаев, когда используется специальный режим (например, НПД).
*   Выбор налогового режима зависит от конкретных обстоятельств вашего бизнеса.
*   Рекомендуется проконсультироваться с юристом или финансовым специалистом, чтобы выбрать оптимальный вариант, учитывая все ваши риски и возможности.

**Дополнительная информация:**

*   Подробнее о том, чем отличаются разные формы налогообложения и как выбрать подходящую для себя, можно узнать здесь.
*   Также, стоит учитывать, что налоговое законодательство может меняться, поэтому важно быть в курсе последних изменений."
430,Учитывается ли доход по обезличенным металлическим счетам при расчёте НДФЛ по вкладам?,"
Доход по обезличенным металлическим счетам (ОМС) не учитывается в сумме дохода по другим банковским счетам и вкладам. Это означает, что ОМС не влияют на расчет лимита для налога на вклады.

Однако, доход по ОМС влияет на ставку налога на инвестдоход. 

С 2021 по 2024 год ставка НДФЛ зависела от общего дохода за год: 13% при доходе до 5 млн рублей и 15% свыше этой суммы.

С 2025 года ставка налога на инвестдоход рассчитывается отдельно от других доходов: 13% для дохода до 2,4 млн рублей и 15% свыше этой суммы. К инвестдоходам относятся проценты по вкладам, выплаты по ценным бумагам, прибыль от операций с валютой и металлами, а также доход от продажи имущества.

Если вы закрыли счет ОМС раньше, чем через три года после открытия, то с разницы между ценой покупки и продажи драгоценного металла необходимо будет заплатить НДФЛ. Расчет и удержание налога производит банк.
"
431,Как правильно проверять подлинность банкнот при расчетах наличными с последующим обращением при сомнениях?,"Если у вас возникли сомнения в подлинности банкноты, вот что рекомендуется сделать:

1.  **Проверьте банкноту до того, как она окажется в вашем кошельке.** Если есть малейшие сомнения, попросите заменить купюру или откажитесь от сделки.
2.  **Не пытайтесь расплатиться подозрительной банкнотой.** Если она и правда поддельная, вам придется долго объясняться с полицией.
3.  **Отнесите сомнительную купюру в любой банк.** Экспертиза проводится бесплатно. Специалисты банка часто проводят ее сразу при вас. Если купюра повреждена, но подлежит обмену, банк выдаст вам новую.
4.  Если установить подлинность банкноты сложно, банк отправит ее на проверку в Банк России. Если деньги окажутся настоящими, банк зачислит их на указанный вами счет. Если же банкнота окажется фальшивой, ее стоимость не возмещается.

**Как самостоятельно проверить подлинность банкноты (особенно образца 2004 года и новее):**

*   **На просвет:** Убедитесь в наличии водяных знаков и защитной нити с номиналом купюры.
*   **На ощупь:** Надпись «Билет Банка России» должна быть выпуклой.
*   **При наклоне:** Разглядите скрытые символы «РР» или знак рубля на однотонных участках.
*   **Для крупных купюр (например, 5000 рублей):** Ищите переливающийся герб, дополнительный водяной знак, переливающуюся защитную нить, муаровые полосы, микроперфорацию и рельефные штрихи.

Более подробный список признаков подлинности можно найти на сайте Банка России и в мобильном приложении «Банкноты Банка России».
"
432,"Почему сделки на бирже безопаснее, чем внебиржевые?","
Сделки на бирже безопаснее, чем внебиржевые, по нескольким причинам:

*   **Прозрачность:** На бирже котировки (цены) акций и других ценных бумаг легко отследить, что позволяет избежать завышенных или заниженных цен, характерных для внебиржевой торговли.
*   **Проверка компаний:** Биржа тщательно оценивает компании-эмитенты, и акции явных мошенников там встретить вряд ли удастся. Компаниям, чьи акции торгуются на бирже, необходимо регулярно отчитываться перед биржей и Банком России, а также публиковать информацию о своей деятельности.
*   **Уровни листинга:** Биржа присваивает ценным бумагам уровни листинга, отражающие надежность компаний-эмитентов. Акции первого котировального списка – самые ликвидные и принадлежат наиболее надежным компаниям.
*   **Регулирование:** Отношения между участниками фондового рынка регулируются федеральными законами «О рынке ценных бумаг» и «Об организованных торгах».

Внебиржевая торговля, напротив, связана с повышенными рисками, так как стоимость бумаг может значительно отличаться от рыночной, а компании не проходят проверку на надежность. Кроме того, велика вероятность столкнуться с мошенниками, если обходиться без помощи лицензированных посредников.

В целом, биржа обеспечивает более надежную и прозрачную среду для торговли ценными бумагами, снижая риски для инвесторов.
"
433,Как различаются лимиты возмещения по банковским вкладам по сравнению с добровольной пенсией в НПФ?,"
Лимиты возмещения по банковским вкладам и добровольной пенсии в НПФ различаются.

**Банковские вклады:**

Агентство по страхованию вкладов (АСВ) гарантирует возмещение вкладов в банках в размере **1,4 миллиона рублей** на одного вкладчика в одном банке.

**Добровольная пенсия в НПФ:**

С 1 января 2023 года государство гарантирует сохранность отчислений на дополнительные пенсии в НПФ. АСВ выплачивает компенсации клиентам НПФ в следующих случаях:

*   **Если вы еще не начали получать пенсию:** Возмещение включает уплаченные взносы и инвестиционный доход, но максимальный размер возмещения составляет **2,8 миллиона рублей**. Вы можете получить компенсацию деньгами или перевести ее в другой НПФ по вашему выбору.
*   **Если вы уже получаете пенсию:** В случае банкротства НПФ выплаты будут продолжать осуществляться, но максимальная сумма ежемесячных платежей не будет превышать **четыре размера социальной пенсии по старости**.

Таким образом, лимит возмещения по добровольной пенсии в НПФ выше, чем по банковским вкладам (2,8 млн рублей против 1,4 млн рублей), но имеет свои особенности в зависимости от того, получаете ли вы уже выплаты или только копите. Кроме того, в случае получения пенсии, максимальная сумма выплат ограничена четырьмя социальными пенсиями по старости.

Важно отметить, что в случае банкротства НПФ, активы фонда распродаются, и если их недостаточно для покрытия всех долгов, вернуть внесенные средства в полном объеме может быть невозможно. Поэтому важно тщательно выбирать НПФ и, возможно, распределять свои сбережения по нескольким фондам, если планируете откладывать более 2,8 млн рублей."
434,Почему страховка дороже при оплате через кредит?,"Страховка может оказаться дороже при оформлении через банк, поскольку банки часто берут комиссию за свои услуги как агенты страховых компаний. То есть, вы платите не только за сам полис, но и за посредничество банка.

Однако, важно помнить, что вы не обязаны соглашаться на полис, предлагаемый банком. Вы можете самостоятельно выбрать страховую компанию с подходящими условиями и более выгодной ценой. Банк обязан принять полис от другой надежной компании с кредитным рейтингом не ниже уровня «А–».

Также стоит внимательно изучать кредитный договор, чтобы убедиться, что страховка, влияющая на процентную ставку, указана в полной стоимости кредита (ПСК). Остальные страховки и услуги не должны влиять на процентную ставку по кредиту.

В случае, если вам предложили купить несколько полисов под одной галочкой в договоре, внимательно изучите, какие именно услуги вы приобретаете, и убедитесь, что они вам действительно необходимы.

Если у вас есть сомнения или вопросы, рекомендуется обратиться к юристу или финансовому специалисту для получения консультации по вашей конкретной ситуации."
435,Какой предел льготной части кредита действует при совмещении «ипотеки от застройщика» с господдержкой?,"
При совмещении «ипотеки от застройщика» с господдержкой действует следующий предел льготной части кредита:

*   **В Москве, Санкт-Петербурге, Московской и Ленинградской областях:** максимальная сумма кредита составляет 30 млн рублей, из которых до 12 млн рублей можно получить под льготную ставку (6%). Остальную сумму банк выдаст под обычную ставку.
*   **В других регионах:** действует лимит 15 млн рублей, из которых на льготных условиях можно взять до 6 млн рублей.

Важно помнить, что в некоторых случаях заемщикам удается получить выгодное предложение и на вторую часть кредита, но это не гарантировано. Также стоит учитывать, что застройщики могут предлагать совместить льготную ипотеку с ""субсидиями от застройщика"", но такие ипотечные программы не всегда оказываются выгодными.
"
436,"Как учесть страховые платежи при планировании бюджета семьи, когда страховка на жилье обязательна?","При планировании бюджета семьи, когда страховка на жилье обязательна (например, при ипотеке), важно учесть этот платеж как обязательную статью расходов, аналогично коммунальным платежам или налогам. Вот как это можно сделать:

1.  **Определите точную сумму страхового платежа:** Узнайте точную сумму, которую необходимо выплачивать за страхование жилья за год. Обычно эта информация указана в договоре страхования или может быть получена у вашей страховой компании или в банке (если страховка связана с ипотекой).
2.  **Разделите годовую сумму на 12:** Чтобы упростить ежемесячное планирование, разделите годовую сумму страхового платежа на 12 и включите эту сумму в ваш ежемесячный бюджет. Это позволит вам равномерно распределить расходы на страхование в течение года. Заложите эту сумму в раздел «Ежегодные выплаты» или в отдельную категорию ""Страхование"".
3.  **Включите в обязательные расходы:** Рассматривайте страховой платеж как обязательный расход, от которого нельзя отказаться, чтобы не нарушать условия договора (например, ипотечного договора). В приоритете должны быть обязательные платежи, такие как ипотека, коммунальные услуги и страхование.
4.  **Предусмотрите возможный рост:** Важно помнить об инфляции и возможном увеличении стоимости страховки в будущем. Постарайтесь заложить небольшой запас в бюджет на случай, если страховые платежи вырастут.
5.  **Учтите в общих финансовых целях:** При формировании общего финансового плана семьи необходимо учитывать страховые платежи при определении доступного дохода для других целей, таких как сбережения, инвестиции или развлечения.

В контексте документов упоминается, что планирование бюджета должно учитывать интересы всех членов семьи и возможные непредвиденные расходы. Страхование жилья - это важный элемент финансовой безопасности, который может защитить семью от значительных финансовых потерь в случае непредвиденных обстоятельств. Планируя бюджет, вы заранее определяете ресурсы для покрытия страховых расходов, обеспечивая финансовую стабильность семьи.
"
437,"Почему кредитные рейтинги важны для облигаций, доступных неквалифицированным инвесторам?","
Кредитные рейтинги играют ключевую роль при выборе облигаций, особенно для начинающих инвесторов (неквалифицированных). Вот почему:

**Что показывают кредитные рейтинги:**

*   Кредитный рейтинг – это оценка способности эмитента (компании или государства, выпустившего облигацию) вовремя и в полном объеме выполнять свои обязательства по выплате процентов и возврату основной суммы долга.
*   Высокий кредитный рейтинг означает низкий риск дефолта (невыплаты долга).
*   Низкий кредитный рейтинг указывает на высокий риск дефолта.

**Какие облигации доступны неквалифицированным инвесторам и как рейтинги влияют на доступ:**

*   **Государственные облигации России (ОФЗ):** Обычно имеют высокий кредитный рейтинг и доступны всем инвесторам.
*   **Корпоративные облигации:** Неквалифицированным инвесторам доступны только корпоративные облигации с высоким кредитным рейтингом – от «А+» до «ААА». Это означает, что для начинающих инвесторов важно выбирать облигации компаний с надежной финансовой историей и низким риском банкротства.
*   **Облигации с более низким рейтингом:** Для покупки облигаций с более низким рейтингом требуется пройти специальное тестирование, которое проверяет понимание инвестором рисков, связанных с такими инструментами.

**Почему это важно:**

*   **Защита от потерь:** Выбор облигаций с высоким рейтингом помогает снизить риск потери вложенных средств.
*   **Предсказуемость дохода:** Облигации с высоким рейтингом обычно предлагают более стабильный и предсказуемый доход.
*   **Соответствие требованиям законодательства:** Законодательство ограничивает доступ неквалифицированных инвесторов к более рискованным инструментам, чтобы защитить их от потенциальных убытков.

**Важно помнить:**

*   Даже у облигаций с высоким рейтингом есть риски, хотя они и ниже, чем у облигаций с низким рейтингом.
*   Доходность облигаций и их риск тесно связаны: чем выше доходность, тем выше риск.
*   Диверсификация (вложение средств в облигации разных эмитентов) помогает снизить общий риск портфеля.

В заключение, кредитные рейтинги – это важный инструмент для оценки надежности облигаций и принятия обоснованных инвестиционных решений, особенно для начинающих инвесторов.
"
438,Чем отличается отмена операции через сервис «второй руки» от возврата ошибочного перевода?,"Отмена операции через сервис «второй руки» и возврат ошибочного перевода – это очень разные вещи.

**Сервис «второй руки»** предназначен для *предотвращения* мошеннических операций или необдуманных действий. Если вы попытаетесь сделать что-то, что подпадает под критерии проверки, установленные вами (например, перевод крупной суммы на незнакомые реквизиты), банк запросит подтверждение у вашего «доверенного лица» – вашей «второй руки». Если «вторая рука» не одобрит операцию, банк ее отменит. Это происходит *до* того, как деньги будут отправлены. Главное отличие – это превентивная мера, направленная на защиту ваших средств в момент совершения операции.  Ваша «вторая рука» имеет 12 часов на принятие решения, и может связаться с вами для уточнения ситуации.

**Возврат ошибочного перевода** – это попытка вернуть деньги, которые *уже* были отправлены, но по ошибке (неверные реквизиты, неправильная сумма и т.д.).  Возврат денег в этом случае гораздо сложнее и не всегда возможен. Если деньги ушли на чужой счет, вернуть их без согласия получателя практически невозможно. Банк может помочь в отмене операции только если она ещё не была проведена, либо если средства автоматически вернутся на ваш счет в случае некорректных реквизитов. Если деньги уже поступили на счет другого человека, вернуть их можно только через суд, доказывая, что перевод был ошибочным. В этом случае вам потребуется обратиться с письменным заявлением в банк и, возможно, в суд.

Вкратце: «вторая рука» – это *предотвращение* ошибки, а возврат ошибочного перевода – это *последствия* ошибки и попытка их исправить."
439,Как правильно проводить расчеты при продаже ипотечной квартиры?,"
Продажа ипотечной квартиры – это процесс, имеющий свои особенности, обусловленные наличием обременения в виде залога в пользу банка. Вот подробное описание возможных схем и особенностей расчетов:

**Общие положения:**

*   **Согласие банка:** Для продажи ипотечной квартиры необходимо получить разрешение банка, являющегося залогодержателем. Без этого Росреестр не зарегистрирует переход права собственности.
*   **Расчеты через банк:** Расчеты по сделке обычно проходят через банк продавца, чтобы обеспечить погашение ипотечного кредита.
*   **Риски:** Участие банка снижает риски для обеих сторон сделки, обеспечивая контроль за погашением долга и оформлением права собственности.

**Способы расчетов:**

Существует несколько способов безопасного проведения расчетов при продаже ипотечной квартиры:

1.  **Счет эскроу:** Деньги покупателя временно хранятся на специальном счете в банке до выполнения всех условий сделки (например, регистрации перехода права собственности). После выполнения условий банк переводит деньги продавцу (за вычетом погашения ипотеки).
2.  **Аккредитив:** Банк обязуется выплатить продавцу деньги после предоставления определенных документов, подтверждающих выполнение условий сделки.
3.  **Банковская ячейка:** Деньги покупателя помещаются в банковскую ячейку, доступ к которой открывается только после выполнения условий сделки.
4.  **Номинальный счет:** Используется, когда и покупатель, и продавец берут ипотечные кредиты. Банк продавца открывает счет на имя своей дочерней компании, на который покупатель и его банк переводят деньги. После перерегистрации жилья компания-посредник погашает ипотеку продавца, а банк покупателя оформляет залог на квартиру.

**Схемы продажи ипотечного жилья:**

1.  **Покупатель платит своими деньгами:**
    *   Цена продажи должна быть не меньше суммы задолженности по ипотеке.
    *   Покупатель вносит деньги на выбранный способ расчета (эскроу, номинальный счет, аккредитив, банковская ячейка).
    *   После регистрации перехода права собственности банк получает деньги на погашение кредита, а продавцу выплачивается разница.
    *   Эта схема считается наиболее простой и быстрой.

2.  **Банк переоформляет ипотечный кредит с продавца на покупателя:**
    *   Покупатель должен соответствовать требованиям банка как новый заемщик.
    *   Банк оценивает финансовое положение покупателя, но не проверяет недвижимость.
    *   Заключается соглашение о переводе долга по ипотеке на покупателя.
    *   Банк регистрирует переход права собственности и залога на покупателя.
    *   Покупатель начинает выплачивать ипотеку по новым условиям (возможно, с реструктуризацией кредита).
    *   **Риск для покупателя:** Возможность переоплаты штрафов и пени, которые были у предыдущего заемщика.

3.  **Покупатель заключает новый ипотечный договор:**
    *   Покупатель получает одобрение на ипотечный кредит в выбранном банке.
    *   Покупатель вносит первоначальный взнос (обычно не менее 20%).
    *   Банк покупателя и банк продавца согласовывают порядок расчетов.
    *   Заключается договор купли-продажи и кредитный договор с покупателем.
    *   Банк покупателя переводит деньги на погашение ипотеки продавца и оформляет залог на квартиру.
    *   Эта схема может быть сложнее, особенно если покупатель берет кредит в другом банке, чем банк продавца.

**Важные моменты:**

*   **Минимальная цена продажи:** Банк может установить минимальную цену продажи квартиры, достаточную для полного погашения кредита с учетом процентов и штрафов.
*   **Срок продажи:** Банк устанавливает срок, в течение которого продавец должен продать квартиру. Обычно это четыре месяца, но можно попробовать согласовать более длительный срок.
*   **Заявление в банк:** Если вы не можете выплачивать кредит и хотите продать ипотечную квартиру, необходимо подать заявление в банк о самостоятельной продаже недвижимости.

**В заключение:**

Продажа ипотечной квартиры требует внимательного подхода и соблюдения определенных процедур. Рекомендуется обратиться к юристу или финансовому специалисту для получения консультации по конкретной ситуации и выбора наиболее подходящей схемы расчетов.
"
440,"Почему доходность накопительной части государственной пенсии невысока, а займы вне банка обычно обходятся дороже?","Доходность накопительной части государственной пенсии невысока, потому что фонды инвестируют средства предельно осторожно, в основном в самые надежные финансовые инструменты. Это сделано для того, чтобы максимально защитить ваши сбережения от потерь. Инвестиции в более рискованные активы могли бы принести более высокую доходность, но и вероятность потерять деньги была бы выше.

Займы вне банка, как правило, обходятся дороже из-за нескольких факторов:

*   **Повышенные риски для кредитора:** Предоставление займа не через банк сопряжено с более высокими рисками для кредитора (например, невозврат средств). Чтобы компенсировать эти риски, банки и другие кредитные организации устанавливают более высокие процентные ставки.
*   **Отсутствие государственной страховки:** В отличие от банковских вкладов, которые застрахованы государством, займы вне банков, как правило, не имеют такой защиты.
*   **Операционные расходы:** Небанковские кредитные организации могут иметь более высокие операционные расходы, что также влияет на стоимость займа.

В итоге, хотя займы вне банка могут предложить более быструю процедуру получения, они часто значительно дороже из-за повышенных рисков и отсутствия гарантий.
"
441,"Какие шаги нужно сделать после несанкционированного списания с карты, включая сроки обращения?","После несанкционированного списания средств с карты необходимо выполнить следующие шаги:

1.  **Немедленно заблокировать карту.** Это можно сделать:
    *   По телефону горячей линии банка (номер указан на сайте банка и на самой карте). Рекомендуется сохранить номер горячей линии в телефоне заранее.
    *   Через мобильное приложение банка (при наличии доступа к интернету и установленном приложении).
    *   Через интернет-банк (при наличии доступа к интернету).
    *   По СМС (если банк предоставляет такую возможность, уточните кодовое слово).
    *   В отделении банка (при наличии паспорта).

2.  **Сообщить в банк по горячей линии о краже денег.**

3.  **Написать заявление о несогласии с операцией в отделении банка.**

**Сроки обращения:**

Все эти действия необходимо сделать **не позднее следующего дня** после того, как банк уведомил вас об операции, которую вы не совершали. Если банк по каким-то причинам не прислал сообщение о транзакции, и вы обнаружили незаконное списание позже, вы вправе потребовать вернуть деньги в любое время, даже через год после операции.

**Вероятность возврата средств:**

Если вы соблюдали правила использования карты (не хранили ПИН-код вместе с картой, никому не сообщали ее данные), то велик шанс вернуть украденные деньги.

Важно помнить, что соблюдение этих сроков и правил – ключевое условие для успешного возврата средств.
"
442,В каких случаях есть смысл обращаться в суд при ошибочном переводе либо участии в пирамиде?,"В случае ошибочного перевода, обращаться в суд имеет смысл, если:

*   **Получатель отказывается возвращать деньги добровольно.** Если вы попытались связаться с получателем, объяснили ситуацию, но он не соглашается вернуть переведенную сумму, подача иска в суд – один из вариантов решения проблемы. Суд может обязать получателя вернуть деньги на основании статьи 1102 Гражданского кодеса РФ (неосновательное обогащение).
*   **Сумма перевода значительная для вас.** Судебные разбирательства требуют времени и финансовых затрат (государственная пошлина, возможно, услуги юриста). Если сумма небольшая, затраты на суд могут превысить потенциальную выгоду.
*   **У вас есть доказательства ошибки.** Важно иметь доказательства того, что перевод был сделан по ошибке. Это могут быть:
    *   Номер телефона или карты вашей мамы отличается всего одной цифрой от номера незнакомца.
    *   Вы каждый месяц переводите на один и тот же счет по определенной сумме, а в этом месяце ошиблись.
    *   Детализация звонков, подтверждающая, что вы впервые позвонили получателю после совершения ошибочного перевода.

В случае участия в финансовой пирамиде, обращаться в суд имеет смысл, если:

*   **Пирамида перестала действовать и организаторы исчезли.** Судебный иск может быть направлен на взыскание ущерба с организаторов пирамиды.
*   **У вас есть документы, подтверждающие передачу денег.** Вам понадобятся договор, выписка по банковскому счету, приходный кассовый ордер, скриншоты переписки и другие доказательства.
*   **Вы нашли других пострадавших.** Коллективный иск увеличивает шансы на успех и позволяет разделить расходы на юриста.

**Важно:** В обоих случаях рекомендуется проконсультироваться с юристом или финансовым специалистом, чтобы оценить перспективы дела и выбрать наиболее эффективную стратегию."
443,Что безопаснее для сохранности активов — доверительное управление или брокерское обслуживание?,"Для Александра, который не склонен к риску, доверительное управление представляется более безопасным вариантом, чем самостоятельные инвестиции через брокера. Это связано с тем, что при доверительном управлении активы остаются в собственности клиента, и в случае банкротства управляющего их можно перевести другому управляющему или брокеру.

Однако, стоит учитывать ряд моментов, касающихся сохранности активов в обоих случаях:

**Брокерское обслуживание:**

*   **Риск использования брокером активов:** Брокер может использовать деньги и ценные бумаги клиента в своих интересах, особенно если это не банк. Это может привести к потере средств в случае банкротства брокера, так как закон не гарантирует возврат этих средств.
*   **Защита активов:** Для повышения безопасности можно открыть отдельный (сегрегированный) счет и запретить брокеру использовать активы, но это может увеличить комиссию за обслуживание. Также рекомендуется не держать деньги на брокерском счете долго и переводить их в ценные бумаги или на банковский счет, застрахованный государством.
*   **Хранение ценных бумаг:** Ценные бумаги хранятся в депозитарии на счете депо.

**Доверительное управление:**

*   **Владение активами:** Право собственности на активы всегда остается у клиента.
*   **Риск банкротства управляющего:** В случае банкротства управляющего активы можно перевести другому управляющему или брокеру.
*   **Хранение активов:** Активы хранятся на счете депо управляющего или лицевом счете у регистратора.

**Вывод:**

С точки зрения сохранности активов, доверительное управление предоставляет больше гарантий, поскольку активы остаются в собственности клиента и не могут быть использованы управляющим для его собственных целей. Однако, как при доверительном управлении, так и при брокерском обслуживании, важно тщательно выбирать посредника и следить за финансовыми новостями.

Если рассматривать, как защитить свои активы при работе с выбранным посредником, то можно прибегнуть к следующему:

*   В случае работы с брокером: заключите договор, запрещающий брокеру использовать ваши активы.
*   В случае работы с доверительным управляющим: придерживайтесь указаний управляющего и регулярно контролируйте состояние вашего инвестиционного портфеля.

Важно помнить, что любые инвестиции сопряжены с риском, и необходимо тщательно оценивать свои возможности и готовность к потерям. В конкретной ситуации, для получения консультации, Алексей может обратиться к юристу или финансовому специалисту."
444,Как кредитные каникулы отражаются на кредитной истории с учетом новых сроков хранения записей?,"
Кредитные каникулы сами по себе не портят кредитную историю. Информация о них будет отражена в кредитной истории, но это не повлияет на ваш кредитный рейтинг. 

Однако, важно помнить:

*   **Нарушение условий каникул ухудшит кредитную историю.** Если вы задерживаете даже уменьшенные платежи или вовсе перестаете их вносить, это негативно скажется на вашем кредитном рейтинге.
*   **Срок хранения информации.** Согласно новым правилам, информация о кредитных каникулах, как и о любых других кредитах и займах, будет храниться в БКИ 7 лет с момента последнего обновления информации по этому кредиту. То есть, если вы успешно завершили кредитные каникулы и продолжаете исправно вносить платежи, эта информация будет храниться 7 лет с момента закрытия каникул.

В целом, кредитные каникулы – это возможность передохнуть от финансовых обязательств, не испортив свою кредитную историю, при условии соблюдения условий, согласованных с банком.
"
445,Зачем в бизнес-плане заранее прописывать действия на случай ухудшения условий?,"
Заранее прописывать действия на случай ухудшения условий в бизнес-плане необходимо для обеспечения устойчивости бизнеса и его способности пережить кризисные периоды. Как указано в предоставленных документах, на стадии зрелости бизнес должен быть устойчив к внешним обстоятельствам, таким как рост цен на сырье или форс-мажорные ситуации.

**Вот основные причины, почему это важно:**

*   **Финансовая подушка безопасности:** Наличие финансовой подушки безопасности позволяет пережить кризис и найти выход из сложной ситуации, не допустив банкротства.
*   **Предотвращение ""смертельного приговора"":** Прогнозирование рисков и разработка планов действий помогают избежать ситуации, когда проблемы в экономике или непредвиденные обстоятельства ставят под угрозу существование компании.
*   **Поддержание устойчивости:** Даже при снижении рисков, важно держать ситуацию под контролем и быть готовым к возможным негативным сценариям.
*   **Возможность масштабирования:** Планирование действий на случай ухудшения условий позволяет более уверенно масштабировать бизнес, так как есть понимание, как компания будет реагировать на возможные трудности.

В бизнес-плане необходимо учитывать все денежные потоки, источники финансирования, ожидаемые доходы и расходы, а также разовые траты и налоги. Это позволит оценить, сколько денег потребуется на запуск проекта, когда он выйдет на самоокупаемость, через какое время удастся вернуть вложенные средства и на какую прибыль можно рассчитывать.

В случае ухудшения условий, можно использовать различные методы привлечения дополнительных средств, такие как лизинг, микрозаймы, кредиты, краудинвестинг или выпуск ценных бумаг. Выбор метода зависит от специфики бизнеса и текущей ситуации.

Кроме того, важно застраховать бизнес от различных рисков, таких как пожар, кража, мошенничество, простои производства и срыв договоров партнерами. Это позволит защитить имущество, предпринимательские риски, профессиональную ответственность и здоровье сотрудников."
446,Какие первые шаги сделать при мошенническом списании с карты?,"
Первым делом, при мошенническом списании с карты необходимо выполнить следующие шаги:

1.  **Немедленно заблокируйте карту.** Это можно сделать быстро в мобильном приложении банка или по номеру горячей линии (указан на обороте карты или на сайте банка).
2.  **Сообщите в банк по горячей линии о мошеннической операции.**
3.  **Напишите заявление о несогласии с операцией** в отделении банка.
4.  **Запросите выписку по счету** для подтверждения мошеннической операции.

Важно сделать все это **не позднее следующего дня** после получения уведомления от банка о списании, которое вы не совершали.

Если вы соблюдали правила использования карты (не хранили ПИН-код вместе с картой и никому не сообщали ее данные), у вас есть хорошие шансы вернуть украденные деньги.

Также, рекомендуется подключить СМС-оповещения по карте, чтобы оперативно получать информацию обо всех операциях и своевременно реагировать на подозрительные действия. Внимательно читайте все приходящие СМС-сообщения от банка и не переходите по ссылкам и не звоните по незнакомым номерам, если вам предлагают это сделать под предлогом отмены подозрительной операции.
"
447,Как меняется порядок ответственности созаемщика против поручителя при смерти участника СВО?,"В случае смерти участника СВО, порядок ответственности созаемщика и поручителя различается.

**Поручитель:**

Если участник СВО погиб или стал инвалидом I группы в ходе СВО, все его кредиты и займы, а также поручительства, оформленные после 24 февраля 2022 года, списываются. Это означает, что поручитель освобождается от обязательств по кредиту, даже если в договоре было условие о солидарной ответственности. Если же поручительство было дано до 24 февраля 2022 года, то оно не прекращается, и поручитель продолжает нести ответственность по долгу в пределах стоимости наследства.

**Созаемщик:**

Если созаемщик - член семьи участника СВО (супруг, родители, дети), то он также освобождается от обязательств по кредиту в случае гибели или инвалидности участника СВО. Совершеннолетние дети, родители и усыновители не считаются членами семьи участника СВО, но если они выступают созаемщиками по его кредитам, их обязательства тоже прекращаются.

Таким образом, в случае смерти участника СВО, созаемщик, являющийся членом его семьи, и поручитель, по поручительству оформленному после 24 февраля 2022 года, освобождаются от ответственности по кредиту. В остальных случаях ответственность может сохраняться в пределах стоимости наследства.
"
448,Как созаемщик влияет на условия ипотеки по сравнению с поручителем?,"Созаемщик и поручитель – это разные статусы с различным влиянием на условия ипотеки.

**Созаемщик** – это, по сути, второй заемщик. Банк рассматривает его финансовое положение (доход, кредитную историю, место работы) наравне с основным заемщиком. Чем лучше финансовые показатели созаемщика, тем выше вероятность получить ипотеку на более выгодных условиях:

*   **Сумма кредита:** Банк может одобрить большую сумму кредита, учитывая доходы обоих заемщиков.
*   **Процентная ставка:** Хороший доход и кредитная история созаемщика могут способствовать снижению процентной ставки по ипотеке.
*   **Срок кредита:** Возможность получить кредит на более длительный срок.

Однако, важно помнить, что любые изменения условий ипотеки (например, реструктуризация, ипотечные каникулы) требуют согласия *обоих* заемщиков.

**Поручитель**, в отличие от созаемщика, не является заемщиком. Его финансовое положение влияет на решение банка о выдаче ипотеки лишь косвенно – банк проверяет поручителя на предмет его платежеспособности, чтобы убедиться, что он сможет выплатить долг в случае, если основной заемщик не сможет этого сделать.  Доходы и кредитная история поручителя *обычно* не влияют на сумму кредита или процентную ставку.

**В итоге:**

Созаемщик оказывает *прямое* влияние на условия ипотеки, в то время как поручитель – лишь *гарантирует* ее погашение. Привлечение созаемщика может быть выгоднее, если у него хорошая финансовая репутация, но требует согласования всех решений.
"
449,Почему многие страны перешли к инфляционному таргетированию и какую цель по инфляции выбрал Банк России?,"Многие страны перешли к инфляционному таргетированию, потому что это позволяет контролировать инфляцию и создавать предсказуемые экономические условия. Когда центральный банк заявляет о конкретной цели по росту цен, люди и компании лучше понимают, что ожидать в будущем, и могут планировать свои действия соответственно. Это способствует долгосрочным инвестициям и развитию экономики.

Банк России выбрал цель поддерживать инфляцию вблизи **4%**. Этот уровень считается оптимальным для российской экономики, обеспечивающим одновременно ценовую стабильность и условия для роста производства. Важно, что Банк России стремится достичь этой цели, не нанося ущерб другим аспектам экономики, таким как устойчивая финансовая система и экономический рост.
"
450,Как зафиксировать курс валюты для будущей закупки без покупки валюты сразу?,"
Для бизнеса, который планирует будущие закупки в иностранной валюте, но не хочет покупать ее сразу, существуют инструменты для фиксации курса валюты и защиты от валютных рисков. Вот некоторые из них:

*   **Валютный форвард:** Это соглашение с банком о покупке или продаже определенной суммы иностранной валюты по заранее оговоренному курсу в определенную дату в будущем. Таким образом, вы фиксируете курс, не приобретая валюту немедленно. Это наиболее распространенный способ хеджирования валютных рисков.
*   **Валютный опцион:** Это право, но не обязанность, купить или продать валюту по определенному курсу в течение определенного периода времени. Опцион позволяет зафиксировать курс, но дает возможность отказаться от сделки, если курс станет для вас выгодным. За это право нужно заплатить премию.
*   **Фьючерсный контракт:** Это соглашение о покупке или продаже валюты на бирже в определенную дату в будущем по цене, установленной сегодня. Фьючерсы требуют внесения маржи (обеспечения) и подходят для более крупных сделок.

**Как это работает на примере Ирины, которая закупает товары за юани и получает выручку в рублях?**

Ирина может заключить с банком валютный форвард на покупку необходимой суммы юаней в будущем по текущему курсу. Таким образом, даже если курс рубля к юаню изменится к моменту закупки, Ирина заплатит за товары по зафиксированной цене.

**Важные моменты:**

*   При заключении таких сделок банк или брокер возьмет комиссию за свои услуги.
*   Необходимо внимательно изучить условия договора, чтобы понимать все риски и обязательства.
*   Для выбора оптимального инструмента хеджирования рекомендуется проконсультироваться с финансовым специалистом или юристом, специализирующимся на валютных операциях.

В вашем случае, поскольку вы хотите зафиксировать курс для будущей закупки, валютный форвард, скорее всего, будет наиболее подходящим инструментом. Он позволяет зафиксировать курс валюты на определенную дату, не требуя немедленной покупки валюты.

**Рекомендация:**

Обратитесь в свой банк или к брокеру, предлагающему валютные операции, и обсудите с ними ваши потребности. Они помогут вам выбрать оптимальный инструмент и заключить соответствующий договор. Также, для более детального анализа и индивидуальных рекомендаций, рекомендуется обратиться к финансовому консультанту."
451,Когда крупнейшие банки предоставят доступ к цифровому рублю по сравнению со статусом подключения банков к СБП?,"
Крупнейшие банки предоставят доступ к цифровому рублю с 1 сентября 2026 года.

В то время как подключение банков к Системе быстрых платежей (СБП) происходит постепенно, и все крупнейшие российские банки уже присоединились к ней. То есть, СБП уже сейчас доступна клиентам многих банков, а цифровой рубль станет доступен с 1 сентября 2026 года.

Таким образом, СБП уже функционирует, а цифровой рубль будет внедряться позднее, начиная с указанной даты.
"
452,Как работает период охлаждения для допуслуг к кредитам по сравнению с полисами ИСЖ?,"
Период охлаждения предоставляет вам право отказаться от страховки и вернуть деньги, но его продолжительность и условия различаются в зависимости от типа страховки и момента ее приобретения.

**Для допуслуг к кредитам (например, страхование жизни и здоровья, GAP-страхование):**

*   **Общий период охлаждения:** 30 дней с момента покупки полиса.
*   **Возврат средств:** В течение этого периода вы можете расторгнуть договор и получить назад большую часть уплаченных средств (за исключением платы за дни действия страховки).
*   **Досрочное погашение кредита:** Если вы досрочно погасили кредит, то при определенных условиях (полис оформлен после 1 сентября 2020 года и влияет на условия кредита, или это страхование жизни и здоровья, приобретенное после 31 марта 2023 года) вы можете вернуть часть денег за неиспользованную страховку даже после окончания периода охлаждения. Однако, банки часто предлагают подключение к коллективным договорам страхования, где комиссия банка не возвращается при досрочном погашении.

**Для полисов инвестиционного и накопительного страхования жизни (ИСЖ и НСЖ):**

*   **Период охлаждения:** Обычно длиннее, чем для стандартных страховок, особенно если вы оплачивали страховку сразу. Он может составлять до 30 дней. Если оплата производится регулярно, период охлаждения длится до третьего взноса, но не менее четырех недель.
*   **Возврат средств:** В течение периода охлаждения вы можете отказаться от полиса и вернуть большую часть уплаченных средств.
*   **Тестирование клиентов:** С октября 2024 года банки обязаны проводить тестирование клиентов перед продажей полисов ИСЖ, чтобы убедиться, что они понимают риски. Если тестирование не было проведено, вы можете отказаться от полиса в течение года и вернуть все взносы.
*   **Досрочное расторжение:** При досрочном расторжении договора ИСЖ вам вернут только выкупную сумму, которая может быть меньше внесенных средств.

**Ключевые отличия:**

*   **Продолжительность периода охлаждения:** Обычно короче для допуслуг к кредитам, чем для ИСЖ и НСЖ.
*   **Возможность возврата средств после окончания периода охлаждения:** Для допуслуг к кредитам при досрочном погашении кредита возможен частичный возврат средств, в то время как для ИСЖ и НСЖ возврат при досрочном расторжении обычно ограничен выкупной суммой.
*   **Тестирование клиентов:** Обязательно для ИСЖ с октября 2024 года, но не требуется для допуслуг к кредитам.

В любом случае, внимательно читайте условия договора страхования и не стесняйтесь задавать вопросы сотрудникам банка или страховой компании. Если у вас возникли сомнения или вы считаете, что вас ввели в заблуждение, обратитесь за консультацией к юристу или финансовому специалисту."
453,Чем отличаются по риску и доходности банковский вклад и инвестиции в ценные бумаги для пассивного дохода?,"Банковский вклад и инвестиции в ценные бумаги существенно различаются по уровню риска и потенциальной доходности.

**Банковский вклад:**

*   **Риск:** Считается наименее рискованным способом получения пассивного дохода. Вклады застрахованы государством в пределах 1,4 млн рублей, что гарантирует возврат ваших средств в случае банкротства банка.
*   **Доходность:** Обычно невысокая, часто едва ли опережает уровень инфляции. Чтобы получать ощутимый доход, требуется значительная сумма вклада.

**Инвестиции в ценные бумаги:**

*   **Риск:** Гораздо выше, чем у банковского вклада. Инвестиции в ценные бумаги не попадают под систему страхования вкладов, поэтому существует вероятность потери части или всей суммы вложений. Доходность не гарантирована, и колебания рынка могут привести к убыткам. Чем выше потенциальная доходность, тем выше риск.
*   **Доходность:** Может быть значительно выше, чем по банковским вкладам, но это не гарантировано. Доход формируется за счет дивидендов по акциям и роста стоимости акций или облигаций.

**Сравнение:**

| Характеристика      | Банковский вклад | Инвестиции в ценные бумаги |
| ------------------- | --------------- | -------------------------- |
| Риск                | Низкий          | Высокий                    |
| Доходность          | Невысокая       | Потенциально высокая       |
| Гарантия возврата | Есть            | Нет                        |
| Страхование        | Есть            | Нет                        |

**Вывод:**

Если ваша основная цель - сохранить накопления и получить стабильный, пусть и небольшой, доход, то банковский вклад - более подходящий вариант. 

Если вы готовы пойти на риск ради потенциально более высокой доходности, и у вас есть финансовая подушка безопасности, то инвестиции в ценные бумаги могут быть рассмотрены. Важно помнить, что инвестировать стоит только ту сумму, которую вы готовы потерять.

**Важно:** Перед принятием решения об инвестициях в ценные бумаги рекомендуется проконсультироваться с финансовым специалистом, чтобы оценить свои риски и выбрать подходящие инструменты.
"
454,Кто не сможет получить социальный налоговый вычет?,"Социальный налоговый вычет не смогут получить люди, не являющиеся налоговыми резидентами России – те, кто проживает в стране менее 183 дней в году и не платит НДФЛ. Также вычет недоступен тем, у кого нет официального дохода, облагаемого НДФЛ.

Индивидуальные предприниматели (ИП) могут рассчитывать на вычет только в случае использования общего режима налогообложения. ИП, применяющие специальные налоговые режимы, и самозанятые не могут оформить социальный вычет, так как они платят другие налоги вместо НДФЛ.

Важно помнить, что большинство видов налоговых вычетов можно запросить только по расходам, произведенным в течение последних трех лет.

**Лимиты социального вычета:**

*   С 2024 года вы можете освободить от уплаты НДФЛ до 150 000 рублей своих расходов на обучение, лечение, спорт и фитнес, добровольное страхование жизни (сроком от 5 лет) и благотворительность. Это позволяет вернуть до 19 500 рублей (150 000 * 13%).
*   До 2024 года лимит составлял 120 000 рублей, что позволяло вернуть до 15 600 рублей (120 000 * 13%).
*   Расходы на образование детей рассчитываются отдельно – лимит увеличился с 50 000 до 110 000 рублей на ребенка, максимальный возврат составляет 14 300 рублей на каждого ребенка.

**Важно:** Общий лимит в 150 000 рублей действует для всех социальных расходов вместе. Выплаты сверх этого лимита возможны только для благотворительности, обучения детей и дорогостоящего лечения.

Если у вас есть конкретная ситуация, требующая детального анализа, рекомендуется обратиться к юристу или финансовому специалисту."
455,"Почему пенсионеры, а также бывшие жертвы пирамид становятся мишенью повторных афер?","

Пенсионеры и люди, ранее пострадавшие от финансовых пирамид, становятся мишенью для повторных афер по нескольким причинам:

*   **Уязвимость:** Пенсионеры часто обладают накоплениями и могут быть менее осведомлены о современных схемах мошенничества, что делает их легкой добычей.
*   **Психологическое воздействие:** Мошенники используют психологические приемы, играя на страхах (например, здоровье, как в случае с фальшивыми звонками из поликлиник) или надеждах (обещания быстрого обогащения, возврата потерянных средств).
*   **Базы данных:** Мошенники ведут базы данных людей, которые уже попадались на их уловки. Это позволяет им повторно связываться с жертвами, предлагая ""компенсации"" или ""помощь"" в возврате денег, а на самом деле выманивая новые средства под предлогом оплаты ""услуг"" или ""комиссий"".
*   **Доверчивость:** Люди, однажды поверившие в обещания легких денег, более склонны поддаваться на новые уловки, надеясь отыграться или вернуть утраченное.
*   **Изощренность мошенников:** Мошенники используют все более сложные схемы, представляясь адвокатами, сотрудниками банков или государственных органов, подделывая документы для большей убедительности.

В целом, мошенники эксплуатируют уязвимость, доверчивость и психологические особенности определенных групп населения, чтобы получить незаконную прибыль.

**Важно помнить:** Если вам предлагают вернуть деньги, вложенные в финансовые пирамиды, или помочь с другими финансовыми вопросами за комиссию, это, скорее всего, мошенники. Обратитесь в полицию или к юристу для получения квалифицированной помощи. Не переводите деньги незнакомым лицам и всегда перепроверяйте информацию.
"
456,Как распознать фишинговый сайт при оплате онлайн?,"Чтобы распознать фишинговый сайт при оплате онлайн, необходимо внимательно проверять несколько ключевых моментов:

**1. Адрес сайта:**

*   **Внимательно изучите адресную строку браузера.** Убедитесь, что адрес сайта соответствует ожидаемому и не содержит опечаток или лишних символов. Мошенники часто используют домены, очень похожие на оригинальные, с небольшими изменениями. Всегда лучше использовать закладки для часто посещаемых сайтов.
*   **Проверьте наличие ""https"" и значка замка.** Перед адресом сайта должно стоять ""https://"", а в адресной строке должен отображаться значок закрытого замка. Это означает, что соединение зашифровано и ваши данные будут передаваться в безопасном режиме. Однако, наличие ""https"" и замка не гарантирует, что сайт является подлинным, так как мошенники тоже могут получать сертификаты безопасности.

**2. Дизайн сайта:**

*   **Обратите внимание на качество дизайна.** Фишинговые сайты часто выглядят небрежно, с ошибками в верстке, грамматическими и стилистическими ошибками, неработающими ссылками или устаревшей информацией.
*   **Сравните с оригиналом.** Если вы уже знакомы с оригинальным сайтом, сравните его с подозрительным. Обратите внимание на логотипы, цветовую схему, расположение элементов и т.д.

**3. Дополнительные меры:**

*   **Не переходите по ссылкам из подозрительных писем или сообщений.** Лучше вводить адрес сайта вручную или использовать закладки.
*   **Будьте осторожны с предложениями, которые кажутся слишком хорошими, чтобы быть правдой.** Мошенники часто используют акции и скидки для привлечения жертв.
*   **Используйте отдельную карту или виртуальную карту для онлайн-покупок.** Это позволит ограничить потенциальные убытки в случае мошенничества.
*   **Подключите СМС-оповещения об операциях по карте,** чтобы оперативно узнавать о происходящем.
*   **При вводе данных карты ищите логотипы систем безопасных платежей** (MasterCard SecureCode, Visa Secure, Mir Accept).
*   **Проверяйте сертификат безопасности сайта,** нажав на значок замка в адресной строке. Убедитесь, что сертификат выдан надежной организацией и срок его действия не истек.

Если у вас возникли сомнения в подлинности сайта, лучше воздержаться от совершения покупок или ввода личных данных. В случае возникновения проблем обратитесь в банк или правоохранительные органы.

**Важно помнить:** В случае, если вы все-таки стали жертвой мошенников, немедленно заблокируйте свою карту и обратитесь в банк для оспаривания операции. Также рекомендуется обратиться в полицию.
"
457,"Как оспорить кредит, оформленный мошенниками на мое имя?","Если на ваше имя оформили кредит или заем мошенники, вот что вам необходимо предпринять:

**1. Немедленно обратитесь к кредитору:**

*   Напишите заявление в банк, МФО или КПК, где на вас оформлен кредит. Укажите, что вы договор не заключали и деньги не получали, подчеркните, что подпись в договоре подделана или идентификация прошла не вами.
*   Приложите копию справки из полиции, если был украден паспорт.
*   Потребуйте провести внутреннее расследование и прекратить требовать с вас долг по недействительному договору. Как правило, после вашего заявления кредитор приостанавливает звонки и начинает проверку.
*   В ходе расследования кредитор изучит записи с камер, сканы документов, переписку и телефонные записи.

**2. Пожалуйтесь в Банк России:**

*   Если вы считаете, что кредитор не провел расследование должным образом и не учел доказательства вашей непричастности (например, вы предоставили справку из полиции об утере паспорта или подтверждение того, что в день заключения договора вы были за границей), напишите жалобу в Банк России.
*   Банк России запросит у кредитора отчет о проведенной проверке. Важно помнить, что Банк России не может обязать кредитора списать долг, это может сделать только суд.

**3. Обратитесь в полицию:**

*   Обязательно напишите заявление в полицию о мошенничестве, так как получение кредита на чужое имя является преступлением.
*   Предоставьте полиции заверенные копии всех документов по кредиту (договор, приложения, копию паспорта и других удостоверений), а также справку об утере паспорта, если он был украден.
*   Попросите реквизиты счета, на который были переведены деньги, и данные сотрудника, оформившего договор.

**Что делать, если кредитор отказывается списывать долг?**

Если кредитор отказывается признавать долг недействительным, вам придется обратиться в суд.  Предоставьте суду все имеющиеся у вас доказательства – договор, документы из полиции, результаты экспертиз (например, графологической экспертизы подписи).

**Если в кредитной истории ошибка:**

Если в вашей кредитной истории появилась ошибочная информация (например, кредит не закрыт или оформлен на вас заем, о котором вы не знаете), обратитесь с заявлением в банк или МФО с требованием исправить ошибку. Они обязаны проверить информацию и передать правильные данные в бюро кредитных историй (БКИ). Вы также можете самостоятельно обратиться в БКИ.

**Самозапрет на кредиты:**

Чтобы минимизировать риск мошеннических действий, рекомендуется установить самозапрет на кредиты и займы. В этом случае банки и МФО будут отклонять все кредитные заявки, оформленные на ваше имя.

**Важно помнить:**

*   В случае нарушения кредитором установленных законом процедур (например, выдачи денег до истечения периода охлаждения) обращайтесь в полицию и требуйте возбудить уголовное дело.
*   При возникновении сложных ситуаций рекомендуется обратиться к юристу или финансовому специалисту для получения конкретной консультации.
"
458,Почему при санкциях против брокера с депозитарной лицензией замораживаются иностранные активы клиентов?,"
В результате санкций против брокера или доверительного управляющего с депозитарной лицензией иностранные активы клиентов замораживаются, потому что ограничения распространяются и на депозитарную деятельность этих компаний. Иностранные бумаги, которые хранятся в таких депозитариях, оказываются заморожены. Клиенты не могут продать или перевести эти бумаги, а также получать дивиденды и купоны по ним.

По сути, заморозка происходит из-за блокировки связей между российскими и зарубежными депозитариями. Это означает, что невозможно проводить операции с иностранными ценными бумагами через эти депозитарии.

Единственный способ избавиться от зарубежных бумаг в такой ситуации – продать их самому брокеру, управляющему или другому клиенту этого же посредника, у которого открыт счет в том же депозитарии. Однако, не факт, что найдется покупатель, кроме вас.

Банк России предпринял меры, чтобы спасти активы людей, и рекомендовал брокерам и управляющим перевести активы клиентов в другие депозитарии. Однако, из-за сжатых сроков, некоторые компании перевели всех своих клиентов к другим посредникам разом, что потребовало от инвесторов заключения новых договоров для доступа к своим деньгам и бумагам.

Важно помнить, что финансовые эксперты не рекомендуют паниковать и поспешно продавать активы в периоды нестабильности на рынке.
"
459,"Как действовать, если сомневаетесь в легальности финансовой организации?","Если вы сомневаетесь в легальности финансовой организации, вот что можно сделать:

1. **Проверьте, зарегистрирована ли организация в реестре Банка России.** Банк России контролирует работу брокеров, инвестиционных консультантов, кредитных потребительских кооперативов и других финансовых компаний. Если организации нет в реестре, она работает нелегально. Важно помнить, что не все компании обязаны быть в реестре Банка России, но если она предлагает финансовые услуги, это важный шаг для проверки.
2. **Убедитесь, что компания отсутствует в списке сомнительных организаций на сайте Банка России.** Банк России публикует информацию о компаниях и интернет-проектах с признаками финансовых пирамид.
3. **Проверьте данные компании в ЕГРЮЛ (Едином государственном реестре юридических лиц) на сайте Федеральной налоговой службы (ФНС).** Обратите внимание на дату регистрации, размер уставного капитала и основной вид деятельности. Слишком свежая регистрация, небольшой капитал и несоответствие вида деятельности предлагаемым услугам – тревожные сигналы.
4. **Проанализируйте отзывы в Интернете.** Остерегайтесь множества однотипных положительных отзывов, они могут быть поддельными.
5. **Внимательно изучите документы.** Сверьте название, реквизиты, обязательства компании и условия их неисполнения, указанные в договоре, с информацией на сайте организации и в реестрах. Любые расхождения должны вызвать подозрение.
6. **Проверьте, входит ли микрофинансовая организация в государственный реестр МФО.** Убедитесь, что сайт организации помечен синим кружочком с галочкой в поисковых системах «Яндекс» и Mail.ru.

**Важно:** Не торопитесь с принятием решения и не поддавайтесь на уговоры поскорее подписать договор. При необходимости проконсультируйтесь с юристом или финансовым специалистом.

Если вы стали жертвой мошенничества, немедленно обращайтесь в **полицию и прокуратуру**. Это поможет вам попытаться вернуть свои деньги через суд.
"
460,Закроет ли банк карту или счет автоматически после полного погашения кредита?,"
Нет, банк не закроет автоматически ни кредитный счет, ни карту после полного погашения кредита. Как правило, банк открывает отдельный счет для расчетов по кредиту и не обязан его закрывать после погашения долга, так как вы можете захотеть продолжать им пользоваться.

Часто к такому счету привязана дебетовая карта, которую можно использовать для различных целей, например, для безопасных онлайн-покупок. Однако, после погашения кредита банк может начать взимать комиссии за обслуживание счета и карты. 

Если счет и карта вам больше не нужны, необходимо подать в банк заявление о закрытии счета и аннулировании карты. В противном случае, из-за списания комиссий может возникнуть новый долг.

**Как правильно закрыть карту и счет:**

1.  **Приведите баланс к нулю:** Уточните в банке о возможных списаниях и закройте счет, сняв все деньги или погасив долг.
2.  **Отключите платные услуги:** Откажитесь от СМС-оповещений, страховок и других платных услуг.
3.  **Напишите заявление и сдайте карту:** Напишите заявление о закрытии счета, получите копию, и сдайте карту в банк (если это требуется).
4.  **Возьмите справку о закрытии:** Получите справку о закрытии счета с печатью банка.

Сохраняйте все документы, связанные с закрытием счета, на случай возникновения каких-либо вопросов в будущем.
"
461,Как узнать обо всех оформленных на вас кредитах?,"
Здравствуйте! Чтобы узнать, какие кредиты и займы оформлены на ваше имя, а также суммы долга, проценты, штрафы и сроки, вам необходимо запросить свою кредитную историю.

**Вот как это можно сделать:**

1.  **Узнайте, в каких бюро кредитных историй (БКИ) хранится ваша кредитная история.** Самый простой способ – через портал Госуслуг (вкладка «Прочее», раздел «Налоги и финансы», подраздел «Сведения о бюро кредитных историй»). Там вы получите список всех БКИ, в которых есть информация о ваших кредитах.
2.  **Запросите кредитный отчет в каждом БКИ.** Вы можете сделать это дистанционно через сайты БКИ (ссылки на которые вы найдете на портале Госуслуг) или авторизоваться через Госуслуги.
3.  **Получите бесплатные кредитные отчеты.** По закону вы имеете право бесплатно получать кредитные отчеты из каждого БКИ дважды в год.

**Что вы узнаете из кредитной истории:**

*   Полный список кредитов и займов, оформленных на ваше имя.
*   Суммы долга по каждому кредиту.
*   Размеры процентов и штрафных пеней.
*   Даты оформления кредитов и займов.
*   Информацию о просрочках платежей.
*   Информацию о том, были ли вы созаемщиком или поручителем по чужим кредитам.

**Важные моменты:**

*   Информация в БКИ обновляется не сразу, поэтому рекомендуется проверять кредитную историю повторно через месяц после первого запроса.
*   Если вы обнаружите в кредитной истории кредиты или займы, которые вы не брали, необходимо оспорить эту информацию, обратившись к кредитору и в БКИ.
*   Убедитесь, что из вашей кредитной истории удалена информация о долгах, которые были списаны кредитором или судом. При необходимости, предоставьте в БКИ соответствующие документы (справку из финансовой организации или решение суда).

**Полезные ресурсы:**

*   Портал Госуслуг: [https://www.gosuslugi.ru/](https://www.gosuslugi.ru/)
*   Статья о кредитной истории: (ссылка на статью, если она была предоставлена в контексте, иначе укажите, что информация о статье есть в контексте)

В случае возникновения сложных ситуаций или необходимости в юридической консультации, рекомендуется обратиться к юристу или финансовому специалисту.
"
462,Как соотносится автоматическое начисление налога на АУСН с порядком списания долгов со счетов ИП?,"Автоматизированная УСН (АУСН) предполагает, что налоговая инспекция (ФНС) самостоятельно рассчитывает сумму налога на основе данных, полученных из банка, в котором у ИП открыт расчетный счет, из онлайн-касс и из личного кабинета налогоплательщика.  Налог рассчитывается ежемесячно.

Что касается списания долгов по налогу со счетов ИП, то порядок следующий:

1. **ФНС рассчитывает налог:** Налоговая инспекция рассчитывает сумму налога к уплате на основе данных о движении денежных средств по счету ИП.
2. **Уведомление об уплате:** ИП получает уведомление с указанием суммы налога к уплате.
3. **Автоматическое списание:** Если у ИП достаточно средств на расчетном счете в уполномоченном банке, ФНС автоматически списывает сумму налога со счета в установленный срок.

Таким образом, автоматическое начисление налога на АУСН напрямую связано с возможностью автоматического списания денежных средств со счета ИП для погашения налоговой задолженности. Это упрощает процесс уплаты налога и снижает риск возникновения просрочек.

Важно отметить, что ИП должен следить за состоянием своего счета и убеждаться, что на нем достаточно средств для своевременной уплаты налога. Если средств недостаточно, необходимо пополнить счет до установленного срока, чтобы избежать начисления пеней и штрафов."
463,"Какие принципы финансовой дисциплины помогают избежать перерасхода, долгов?","
Для поддержания финансовой дисциплины и избежания перерасхода и долгов, рекомендуется придерживаться следующих принципов, основанных на предоставленной информации:

1.  **Финансовое планирование:**
    *   **Учет доходов и расходов:** Тщательно отслеживайте, сколько вы зарабатываете и на что тратите деньги.
    *   **Постановка целей:** Определите четкие финансовые цели (например, первоначальный взнос на квартиру, машину, образование).
    *   **Расчет сбережений:** Рассчитайте, сколько вам нужно откладывать ежемесячно для достижения этих целей, учитывая ваш доход и расходы.
    *   **Учет инфляции:** При долгосрочном планировании учитывайте инфляцию, чтобы ваши накопления не обесценились.
    *   **Гибкость:** Будьте готовы скорректировать свои цели или сроки, если ваш бюджет не позволяет откладывать запланированную сумму.

2.  **Оптимизация бюджета:**
    *   **Анализ расходов:** Проанализируйте свои расходы за последние 2-3 месяца, чтобы понять, на что уходит больше всего денег.
    *   **Отказ от необязательных покупок:** Определите, от каких покупок можно отказаться, чтобы сэкономить деньги.

3.  **Разумное потребление:**
    *   **Осознанность:** Тратьте деньги осознанно, избегая импульсивных покупок.
    *   **Оценка потребностей:** Покупайте только то, без чего действительно не обойтись.
    *   **Защита от маркетинга:** Будьте внимательны к маркетинговым уловкам и не поддавайтесь им.

4.  **Избежание долгов:**
    *   **Осторожное использование кредитных карт и рассрочек:** Используйте кредитные карты с беспроцентным периодом и рассрочки только в случае крайней необходимости.
    *   **Контроль за датами платежей:** Внимательно следите за датами платежей по кредитам и рассрочкам, чтобы избежать просрочек.
    *   **Оценка долговой нагрузки:** Не берите на себя слишком много долгов, чтобы не тратить всю будущую зарплату на их погашение.

5.  **Создание резерва:**
    *   **Резервный фонд:** Предусмотрите резерв на непредвиденные расходы или небольшие слабости, чтобы избежать соблазна потратить деньги, отложенные на достижение ваших целей.

6.  **Выбор надежных инструментов хранения:**
    *   **Надежные банки:** Храните деньги в надежном банке, чтобы защитить их от инфляции и соблазна потратить.
    *   **Срочные вклады и облигации:** Рассмотрите возможность использования срочных вкладов или государственных облигаций, которые трудно и невыгодно ""раскупоривать"" раньше времени.

В заключение, финансовая дисциплина – это комплексный подход, включающий планирование, контроль расходов, разумное потребление и избежание долгов. Если у вас возникнут конкретные вопросы, связанные с вашим финансовым положением, рекомендуется обратиться к финансовому консультанту или юристу."
464,Какие признаки выдают телефонную мошенническую атаку?,"
Признаки телефонной мошеннической атаки могут быть следующими:

*   **Инициация контакта мошенником:** Вам звонят, присылают SMS-сообщение, электронное письмо или ссылку в мессенджере. Независимо от того, кем представляется звонящий (сотрудник банка, полиции, родственник и т.д.), это должно насторожить, так как мошенник является инициатором контакта и, вероятно, что-то от вас хочет.
*   **Подмена номера:** Мошенники могут подменять номер телефона, с которого звонят, чтобы он выглядел как номер банка или другого доверенного лица.
*   **Торопливость и давление:** Мошенники торопят вас, не дают времени на размышления, требуют немедленно перевести деньги или сообщить конфиденциальную информацию. Они могут запугивать вас, говоря о возможных негативных последствиях, если вы не выполните их требования.
*   **Запрос конфиденциальной информации:** Мошенники могут просить сообщить данные вашей банковской карты, ПИН-код, одноразовый пароль из SMS-сообщения или другие личные данные.
*   **Неожиданные сообщения от родственников:** Вам приходит сообщение от родственника с незнакомого номера, в котором он просит срочно о помощи.
*   **Сообщения от ""банка"" о блокировке карты:** Вы получаете SMS-сообщение о блокировке карты и просьбой перезвонить по указанному номеру.
*   **Звонки из госучреждений с предложением компенсации:** Вам звонят и представляются сотрудниками государственных учреждений, предлагая компенсацию и просят оплатить комиссию или предоставить личные данные.
*   **Неправдоподобные истории:** Мошенники могут рассказывать сложные и запутанные истории, чтобы вызвать у вас доверие и заставить вас совершить нужные им действия.

**Что делать, если вы подозреваете мошенничество:**

*   **Положите трубку:** Прервите разговор с незнакомым абонентом, если у вас возникли подозрения.
*   **Перезвоните в банк самостоятельно:** Наберите номер горячей линии банка, указанный на обратной стороне вашей банковской карты или на официальном сайте банка.
*   **Проверьте информацию:** Не переходите по ссылкам в SMS-сообщениях или электронных письмах, а также не звоните по указанным в них номерам телефонов.
*   **Посоветуйтесь с близкими:** Обсудите ситуацию с родственниками или друзьями, чтобы получить объективную оценку.
*   **Обратитесь к юристу или финансовому специалисту:** Если вы стали жертвой мошенничества, обратитесь за помощью к профессионалам.
"
465,Какие инструменты помогают сократить расходы на праздники?,"Для сокращения расходов на праздники можно использовать несколько полезных инструментов и стратегий:

*   **Планирование бюджета:** Заранее определите максимальную сумму, которую вы готовы потратить на Новый год, и разделите ее по статьям расходов (подарки, стол, празднование).
*   **Сервисы финансового планирования/Учет расходов:** Используйте мобильные приложения или таблицы (Excel, записная книжка) для отслеживания доходов и расходов. Это поможет понять, куда уходят деньги и от чего можно отказаться.
*   **Сравнение цен:**  Не совершайте импульсивных покупок. Сравнивайте цены в разных магазинах (небольших, сетевых, в интернете), чтобы найти наиболее выгодные предложения. Разница в цене может достигать 50-100%.
*   **Совместное празднование:** Отмечайте Новый год дома с семьей или друзьями, деля расходы на стол или предлагая каждому участнику принести свое угощение.
*   **Экономия на подарках:** Вместо покупки множества недорогих сувениров, лучше подарить один, но более значимый подарок, и определить получателя с помощью лотереи (например, ""Тайный Санта"").
*   **Анализ прошлых расходов:** Проанализируйте свои траты за прошлый год, чтобы понять, на что ушло больше всего денег, и избежать подобных перерасходов в будущем.

Кроме того, полезно заранее покупать товары до начала предпраздничного ажиотажа и роста цен."
466,"Какой реестр проверяют по МФО, а какой по коллекторскому агентству?","
Для проверки микрофинансовой организации (МФО) необходимо проверять **государственный реестр МФО**. Этот реестр позволяет убедиться, что организация имеет право законно предоставлять финансовые услуги.

Для проверки коллекторского агентства необходимо проверять **реестр Федеральной службы судебных приставов (ФССП)**. Этот реестр подтверждает, что агентство имеет право заниматься взысканием долгов.

В обоих случаях важно обращать внимание не только на название организации, но и на ее ОГРН, ИНН и адрес, чтобы избежать мошенничества. Также, при поиске в интернете, обращайте внимание на специальную маркировку (синий кружок с галочкой) в поисковых системах Яндекс и Mail.ru, которая указывает на то, что сайт организации проверен и безопасен.
"
467,Как совмещать накопления на долгосрочные цели с контролем повседневных трат?,"Чтобы совмещать накопления на долгосрочные цели с контролем повседневных трат, необходимо комплексно подойти к финансовому планированию. Вот несколько шагов, которые помогут вам в этом:

**1. Учет доходов и расходов:**

*   Начните вести таблицу учета доходов и расходов, записывая даже самые мелкие траты. Это поможет понять, куда уходят ваши деньги.
*   Распределяйте расходы по категориям (квартплата, продукты, развлечения и т.д.) для удобства анализа.

**2. Анализ и оптимизация расходов:**

*   Проанализируйте свои расходы за несколько месяцев, чтобы выявить повторяющиеся траты и определить, от каких необязательных покупок можно отказаться.
*   Оптимизируйте бюджет, чтобы высвободить средства для накоплений.

**3. Постановка финансовых целей:**

*   Сформулируйте четкие финансовые цели (например, покупка машины, квартиры, образование детей, накопления на пенсию).
*   Определите срок достижения каждой цели.
*   Расставьте приоритеты между целями, чтобы знать, какие можно отодвинуть или отменить в случае финансовых трудностей.

**4. Составление финансового плана:**

*   Учтите в плане свои ежемесячные траты и доходы.
*   Определите сумму, которую вы будете откладывать на каждую цель ежемесячно.
*   Рассмотрите различные варианты достижения целей (накопление, кредит).
*   Учтите в плане сумму, которую будете откладывать на сбережения, будущую пенсию и страховку.

**5. Учет внешних факторов:**

*   **Инфляция:** Учитывайте инфляцию при планировании долгосрочных накоплений. Рассмотрите возможность хранения денег в надежном банке или инвестициях, чтобы защитить их от обесценивания.
*   **Соблазны:** Будьте готовы к возможным соблазнам потратить накопления. Выбирайте варианты хранения, которые трудно и невыгодно ""раскупоривать"" раньше времени (например, срочные вклады).
*   **Дисбаланс в доходах и расходах:** Учитывайте риск изменения финансовой ситуации. Будьте готовы корректировать план, если ваши доходы временно сократятся или расходы возрастут.

**Пример:**

Допустим, вы хотите накопить на первоначальный взнос по ипотеке в размере 300 000 рублей за 3 года, при ежемесячном доходе 50 000 рублей. Согласно приведенному в документах примеру, вам нужно будет откладывать 8300 рублей в месяц. Важно проанализировать свой бюджет и убедиться, что вы можете позволить себе такую сумму, не ущемляя себя в необходимом. Если это невозможно, рассмотрите возможность увеличения срока накоплений или корректировки суммы первоначального взноса.

**Важно помнить:**

*   Финансовый план – это не статичный документ. Его необходимо регулярно пересматривать и корректировать в зависимости от изменения вашей финансовой ситуации и приоритетов.
*   Дисциплина и последовательность – ключевые факторы успеха в достижении финансовых целей.

Если у вас возникнут сложности с составлением финансового плана или выбором оптимальных инструментов для накоплений, рекомендуется обратиться к финансовому консультанту или юристу. Они смогут предоставить вам индивидуальные рекомендации с учетом вашей конкретной ситуации."
468,Как защищены деньги на аккредитиве по сравнению со счетом эскроу при сделке в ипотеке?,"При сделке в ипотеке, деньги на аккредитиве и счете эскроу защищены по-разному.

**Счет эскроу** имеет значительное преимущество в плане защиты средств. Деньги, находящиеся на счете эскроу, который используется для сделок с недвижимостью, **застрахованы государственной системой страхования вкладов на сумму до 10 млн рублей**. Это означает, что если у банка, где открыт счет эскроу, произойдет отзыв лицензии, вы сможете вернуть свои средства в течение непродолжительного времени (обычно нескольких недель) в пределах страховой суммы. Важно помнить, что расширенная сумма возмещения (до 10 млн рублей) действует ограниченный период: с момента поступления документов в Росреестр и до 3 рабочих дней после регистрации прав покупателя.  После этого лимит страховой выплаты снижается до стандартного – 1,4 млн рублей.

**Деньги на аккредитиве** же **не защищены** государственной системой страхования вкладов. Если банк, открывший аккредитив, лишится лицензии, вернуть средства будет возможно только в ходе длительной и сложной процедуры банкротства или ликвидации банка, и нет гарантии полного возмещения. Это создает существенный риск потери накоплений, особенно при крупной сумме сделки.

Таким образом, с точки зрения защиты средств, **счет эскроу является более безопасным вариантом** при сделке в ипотеке.

В целом, при выборе между аккредитивом и эскроу следует тщательно взвесить все риски и преимущества. Если для вас приоритетна безопасность средств, рекомендуется отдать предпочтение счету эскроу.
"
469,Как снизить риск личных выплат при суброгации после ДТП?,"
Чтобы снизить риск личных выплат при суброгации после ДТП, следует учитывать несколько важных моментов:

**1. Полис ДСАГО (добровольное страхование автогражданской ответственности):**

*   Это наиболее эффективный способ защиты от исков по суброгации. ДСАГО покрывает ущерб, причиненный вами другим участникам ДТП, даже если он превышает лимит по ОСАГО. Вы можете выбрать лимит покрытия до 30 миллионов рублей.

**2. Правила оформления ДТП (особенно при европротоколе):**

*   **Европротокол с фотофиксацией:** Если вы оформляете ДТП по европротоколу (то есть без вызова сотрудников ГИБДД), обязательно используйте приложение для фотофиксации (например, ""Помощник ОСАГО"", ""Госуслуги Авто"" или приложение вашей страховой компании). Это позволит вам получить максимальное страховое возмещение в 400 000 рублей.
*   **Европротокол без фотофиксации:** Если вы не сделали фотофиксацию, лимит возмещения снижается до 100 000 рублей, что увеличивает вероятность того, что вам придется доплачивать из своего кармана.
*   **Разногласия:** Если у вас есть разногласия с другим водителем, лучше вызвать сотрудников ГИБДД, чтобы они зафиксировали обстоятельства ДТП. В этом случае лимит возмещения по европротоколу снизится до 200 000 рублей.

**3. Соблюдение правил ОСАГО:**

*   **Сообщайте об изменениях:** Не забывайте сообщать своему страховщику обо всех изменениях данных, указанных при оформлении полиса ОСАГО.

**4. Дополнительные меры:**

*   **Свидетели:** Если есть свидетели ДТП, попросите их предоставить письменные показания и контактные данные.
*   **Фотографии:** Сделайте фотографии места ДТП, расположения автомобилей, повреждений и осколков.

**Что делать, если страховой выплаты не хватает?**

Если сумма ущерба превышает лимит по ОСАГО, вам придется доплачивать разницу из своего кармана. В этом случае вы можете:

*   Попросить страховщика выплатить компенсацию деньгами и самостоятельно организовать ремонт.
*   Обратиться в суд на виновника ДТП, чтобы взыскать с него разницу между фактическими расходами и страховым возмещением.

**Важно:** Если вы не уверены в своих действиях или у вас возникли споры со страховой компанией или другим участником ДТП, рекомендуется обратиться за консультацией к юристу или финансовому специалисту.
"
470,Доступна ли одновременная льгота на взносах вместе с льготой на доход по ИИС разных типов?,"Да, с 2024 года появилась возможность получать одновременно две налоговые льготы по ИИС: вычет на взнос и вычет на доход. Эта возможность доступна владельцам индивидуальных инвестиционных счетов третьего типа (ИИС-3).

Ранее, до 2024 года, владельцы ИИС могли выбрать только одну льготу: либо вычет на взнос по ИИС-1, либо вычет на доход по ИИС-2. 

Владельцы ИИС-1 и ИИС-2 могут продолжать пользоваться ими по прежним правилам или трансформировать их в ИИС-3, чтобы получить обе налоговые льготы.

Важно помнить, что для получения вычета на взнос необходим официальный заработок, с которого уплачивается НДФЛ, а для вычета на доход – официальный доход не требуется. Также, для сохранения льгот по ИИС необходимо не выводить деньги со счета в течение определенного срока (например, минимум 5 лет для ИИС-3).
"
471,Кто вправе запрашивать информацию о ценных бумагах умершего?,"Для начала, информация о счетах и вкладах человека является банковской тайной, и даже после смерти владельца банки не имеют права раскрывать её всем желающим. Регистраторы и депозитарии, хранящие информацию о владельцах ценных бумаг, также не могут её разглашать.

Запрос информации о счетах и вкладах покойного может сделать только нотариус, ведущий наследственное дело, или лицо, указанное в завещательном распоряжении. 

Если у вас нет списка активов умершего и он не указал вас наследником в договоре с брокером, разыскать акции удастся только через нотариуса. Необходимо открыть наследственное дело, и нотариус по вашему требованию сможет запрашивать информацию об активах умершего в различных финансовых организациях, включая брокеров, регистраторов и депозитариев. 

Чтобы ускорить процесс, предоставьте нотариусу все имеющиеся финансовые документы умершего (договоры с банками, негосударственными пенсионными фондами, страховыми компаниями, финансовыми организациями на рынке ценных бумаг, выписки и отчеты по счетам).

Если вы не знаете, в каких организациях у умершего были счета, попросите нотариуса сделать запрос в Федеральную налоговую службу, там хранятся сведения о брокерских счетах. Также стоит направить запросы в крупные банки и финансовые компании, особенно те, где у умершего уже был открыт счет или вклад.

Если вы знаете, какие акции покупал наследодатель, нотариус может начать их розыск у регистратора, ведущего реестр владельцев этих акций. Информацию о регистраторе можно найти на сайте эмитента – компании, выпустившей акции.
"
472,Как отменить навязанную допуслугу к онлайн‑займу под 0%?,"
Вы столкнулись с ситуацией, когда вам была навязана ненужная допуслуга к онлайн-займу. Вот что можно сделать, основываясь на предоставленной информации:

**1. Период охлаждения:**

*   По закону, у вас есть **30 дней** с момента оформления договора на отмену сервисов и возврат денег (ранее было 14 дней, но с 21 января 2024 года срок увеличен).
*   В вашем случае, поскольку это онлайн-заем, важно помнить о хитростях, которые используют кредиторы (см. документ ""Отказ от допуслуги маскируется под отказ от кредита""). Убедитесь, что вы не случайно согласились на услугу, перепутав кнопку отказа от услуги с отказом от самого займа.

**2. Порядок действий для отказа:**

*   **Подайте заявление поставщику услуги.** Это может быть, например, компания, предоставляющая юридические консультации, техпомощь или телемедицину. Обычно заявление можно подать через сайт или мобильное приложение компании. Способы связи должны быть прописаны в вашем договоре.
*   **Приложите к заявлению:**
    *   Копию паспорта.
    *   Копию договора на услугу.
    *   Свои банковские реквизиты для возврата денег.
*   **Обратите внимание:** Банки и МФО обязаны включать цену всех платных сервисов в полную стоимость кредита (ПСК) и напоминать о праве отказаться от них. ПСК в процентах и рублях указывается в рамке на первой странице договора.

**3. Сроки возврата и дальнейшие действия:**

*   **Возврат денег:** Поставщик услуги должен вернуть деньги в течение **7 рабочих дней**.
*   **Если деньги не вернули:**
    *   Сначала обратитесь к кредитору (банку или МФО), который продал вам допуслугу. Подать заявление можно не раньше чем через 30 дней после обращения к поставщику услуг и не позже 180 дней с даты этого обращения. Обязательно укажите дату первого обращения к поставщику.
    *   Если и кредитор не реагирует в течение месяца, обращайтесь к **финансовому омбудсмену**. Он рассматривает заявления бесплатно, и его решения обязательны для финансовых организаций.

**4. Если период охлаждения пропущен:**

*   Если вы пропустили 30-дневный период охлаждения, вы все равно можете отказаться от ненужных услуг, обратившись напрямую к компании, предоставляющей эти услуги. Однако, в этом случае сумма возврата, скорее всего, будет пропорциональна оставшемуся сроку действия подписки.
*   Если компания откажется выплачивать деньги, обращайтесь в **Роспотребнадзор**.

**Важные моменты:**

*   Внимательно изучите кредитный договор и все дополнительные соглашения.
*   Если вам отказывают в отказе от услуги или не возвращают деньги, сохраняйте все документы и переписку, это может понадобиться для обращения к финансовому омбудсмену или в Роспотребнадзор.
*   Если у вас нет персонального договора на услуги, а вас присоединили к коллективному, то нужно сразу обращаться к кредитору.

**Рекомендация:**

В сложных случаях, особенно если сумма значительная или кредитор отказывается выполнять ваши требования, рекомендуется обратиться за консультацией к **юристу или финансовому специалисту**. Они смогут оценить вашу ситуацию и дать конкретные рекомендации."
473,Как избежать ущерба кредитной истории при риске просрочки по краткосрочному займу?,"
Если вы не успеваете вернуть долг вовремя, вот что можно сделать, чтобы избежать серьезных последствий для вашей кредитной истории:

1.  **Свяжитесь с кредитором (МФО или банком).** Попробуйте договориться об увеличении срока займа. Многие МФО предлагают возможность пролонгации займа, иногда даже через мобильное приложение.
2.  **Учитывайте начисление процентов.** При пролонгации вам начислят проценты за все время пользования деньгами, включая увеличенный срок. Итоговая сумма к возврату увеличится.
3.  **Не надейтесь на то, что кредитор ""забудет"" о долге.** Кредиторы обязаны уведомлять вас о просрочках, и даже если уведомление не дошло, информация о просрочке будет передана в бюро кредитных историй, что негативно повлияет на ваш кредитный рейтинг.
4.  **Особое внимание к краткосрочным займам.** Если у вас краткосрочный заем (менее двух месяцев), кредитор может потребовать вернуть всю сумму сразу после 10 дней просрочки.
5.  **Избегайте переплаты.** Даже небольшая просрочка по займу с нулевой ставкой может привести к начислению процентов за весь срок займа.
6.  **Проверяйте свою кредитную историю.** После погашения долга возьмите в банке справку о его закрытии и через несколько недель проверьте свою кредитную историю, чтобы убедиться, что информация в бюро кредитных историй верна.

**Важно:** Просрочки по кредитам приводят к начислению пени и штрафов, увеличению долга и ухудшению кредитной истории. В случае серьезных просрочек кредитор имеет право подать на вас в суд.

Если у вас возникли трудности с погашением долга, и вы не уверены, как лучше поступить, рекомендуется обратиться за консультацией к юристу или финансовому специалисту. Они смогут оценить вашу конкретную ситуацию и дать вам профессиональный совет."
474,"Кто контролирует работу брокеров, депозитариев и управляющих ПИФов?","
Контроль за работой всех профессиональных участников фондового рынка, включая брокеров, депозитариев и управляющих ПИФов, осуществляет **регулятор** – государственная организация. В России эту функцию выполняет **Банк России**.

Банк России выдает всем профессиональным участникам рынка специальные лицензии. Важно выбирать посредников, имеющих лицензию, так как в противном случае регулятор не сможет защитить ваши права в случае нарушений. Если ваши права будут нарушены нелегальными посредниками, вам придется обращаться в полицию, прокуратуру и суд.

Также Банк России контролирует работу финансовых маркетплейсов, где можно сравнить предложения разных финансовых компаний и приобрести паи ПИФов. Список аккредитованных маркетплейсов можно найти в реестре регулятора.

Работа ПИФов и управляющих компаний также находится под строгим надзором Банка России.
"
475,Как сочетать УСН с патентом при тестировании нового направления с учетом личного риска ИП?,"
Вы рассматриваете интересную стратегию – сочетание УСН и патента для тестирования нового направления бизнеса, минимизируя личные риски. Вот подробный разбор этой возможности, основанный на предоставленной информации:

**Возможность сочетания УСН и патента**

Да, УСН и патентную систему налогообложения (ПСН) можно использовать одновременно, но с важным условием: **по разным видам деятельности**. Это означает, что для вашего основного бизнеса вы можете применять УСН, а для нового, тестируемого направления – патент.

**Преимущества такого подхода для тестирования нового направления:**

*   **Ограничение рисков:** Патент позволяет вам ""ограничить"" финансовые риски при запуске нового направления. Вы платите налог авансом, исходя из потенциально возможного дохода, а не из фактической прибыли. Если новое направление окажется нерентабельным, ваши потери будут ограничены стоимостью патента.
*   **Простота учета:** ПСН предполагает упрощенный учет и отчетность. Вам не нужно вести сложные бухгалтерские записи для нового направления, что особенно полезно на этапе тестирования.
*   **Гибкость:** Вы можете приобрести патент на короткий срок (от 1 до 12 месяцев), чтобы быстро оценить перспективы нового направления и принять решение о его дальнейшем развитии.
*   **Сохранение преимуществ УСН:** Ваш основной бизнес продолжает работать по УСН, сохраняя все ее преимущества (например, возможность выбора объекта налогообложения – доходы или доходы минус расходы).

**Как это работает на практике:**

1.  **Определите вид деятельности для патента:** Убедитесь, что новый вид деятельности подпадает под перечень видов деятельности, для которых можно приобрести патент.
2.  **Оцените потенциальный доход:** Узнайте, какой потенциально возможный доход установлен местными властями для выбранного вида деятельности. Это определит стоимость патента.
3.  **Приобретите патент:** Оформите патент на выбранный вид деятельности на желаемый срок.
4.  **Ведение учета:** Ведите раздельный учет доходов и расходов для нового направления, облагаемого по патенту, и для основного бизнеса, облагаемого по УСН.
5.  **Сдача отчетности:** По УСН вы будете сдавать годовую декларацию и уплачивать авансовые платежи по налогу. По патенту вам не нужно сдавать декларацию, вы просто уплатили налог авансом при его приобретении.

**Важные моменты, которые следует учитывать:**

*   **Лимит доходов по патенту:** Если общий доход по всем видам деятельности (включая доходы по патенту) превысит 60 млн рублей, вы можете потерять право на использование патента до конца следующего года.
*   **Ограничения по численности сотрудников:** На патентной системе налогообложения можно работать, если у вас не более 15 сотрудников.
*   **Совместимость с другими системами:** УСН и патент – это разные системы налогообложения. Важно четко разделять деятельность, облагаемую по каждой из них, и вести соответствующий учет.

**Рекомендации:**

*   **Проконсультируйтесь с бухгалтером:** Прежде чем принимать решение о сочетании УСН и патента, проконсультируйтесь с опытным бухгалтером. Он поможет вам оценить все риски и преимущества такого подхода в вашей конкретной ситуации.
*   **Тщательно проанализируйте рынок:** Прежде чем запускать новое направление, проведите тщательный анализ рынка и оцените его потенциальную прибыльность.
*   **Разработайте бизнес-план:** Составьте подробный бизнес-план для нового направления, чтобы четко понимать, какие расходы и доходы ожидаются.

**В заключение:**

Сочетание УСН и патента – это разумный способ протестировать новое направление бизнеса с минимальными рисками. Однако важно тщательно проанализировать все факторы и проконсультироваться со специалистами, чтобы принять взвешенное решение.

**Оговорка:** Я - искусственный интеллект и не могу давать юридические или финансовые консультации. Эта информация предоставлена только в информационных целях. Для получения конкретных рекомендаций, учитывающих вашу индивидуальную ситуацию, обратитесь к юристу или финансовому специалисту."
476,Какой способ контроля поможет вовремя заметить мошеннические списания по карте?,"
Для того чтобы вовремя заметить мошеннические списания по карте, лучше всего подключить **СМС-оповещения**. Это позволит вам сразу же получать информацию обо всех операциях по карте, включая покупки, которые вы не совершали. 

Также, для оперативного контроля, можно использовать:

*   **Письма по электронной почте:** Стандартный и обычно бесплатный вариант, но требует регулярной проверки.
*   **Push-уведомления** через мобильное приложение банка: Бесплатный и удобный способ, но требует постоянного подключения к интернету.
*   **Мобильное приложение или онлайн-банк:** Позволяют отслеживать операции и получать выписки по счету.

В любом случае, важно внимательно проверять все уведомления и при обнаружении подозрительной активности немедленно звонить в банк по номеру, указанному на обратной стороне карты, и просить заблокировать карту.

Не стоит переходить по ссылкам в подозрительных СМС или звонить по незнакомым номерам, представляющимся службой безопасности банка, так как это может быть мошенничество.
"
477,В каких ситуациях возможно упрощенное внесудебное банкротство должника?,"
Упрощенное внесудебное банкротство возможно, если вы задолжали кредиторам от 25 000 до 1 000 000 рублей (без учета штрафов, пеней и процентов за просрочку платежа) и одновременно соблюдается одно из следующих условий:

1.  **Безуспешное взыскание долга:** Судебные приставы уже пытались взыскать с вас долг, но не обнаружили имущества, за счет которого можно было бы погасить задолженность. Исполнительное производство было окончено, и кредиторы не инициировали новое.
2.  **Длительный срок взыскания:** Кредиторы уже более семи лет пытаются взыскать долг через исполнительный лист, но не смогли его погасить.
3.  **Низкий доход и отсутствие имущества:** Вы получаете пенсию или пособие по рождению/воспитанию ребенка, у вас нет имущества, которое можно взыскать, а взыскание долга продолжается более года.
4.  **Участие в СВО:** Вы являетесь участником или ветераном СВО, исполнительное производство длится не менее года, но долг не погашен и у вас нет имущества для взыскания.

Важно помнить, что внесудебное банкротство не освобождает от всех долгов. Например, не подлежат списанию долги по алиментам, возмещению вреда жизни и здоровью, компенсации ущерба имуществу и морального вреда.

Процедура внесудебного банкротства занимает 6 месяцев и проводится через Многофункциональный центр (МФЦ).
"
478,Как проверить легальность ломбарда либо брокера?,"
Чтобы проверить легальность ломбарда или брокера, необходимо выполнить следующие шаги:

**Для ломбарда:**

1.  **Проверка в реестре Банка России:** Самый важный шаг – убедиться, что ломбард зарегистрирован в реестре Банка России. Это можно сделать на сайте Банка России. Если организации нет в реестре, это означает, что она не имеет права выдавать займы, и обращаться к ней опасно.
2.  **Сопоставление данных:** Сравните информацию из реестра Банка России (название, адрес, контактные данные, сайт) с данными, указанными в документах ломбарда и на его сайте.
3.  **Обратите внимание на документы:** Настоящий ломбард обязан выдать вам залоговый билет. Если вам предлагают подписать договор комиссии, купли-продажи или любой другой документ вместо залогового билета, это признак мошенничества.
4.  **Проверка в поисковой выдаче:** В поисковой выдаче «Яндекса» настоящие ломбарды помечены синим кружком с галочкой и надписью «ЦБ РФ».

**Для брокера:**

1.  **Проверка лицензии:** Убедитесь, что у брокера есть лицензия профессионального участника рынка ценных бумаг. Проверить наличие лицензии можно в справочнике Банка России.
2.  **Совпадение названий:** Убедитесь, что название компании в реестре точно совпадает с названием, указанным в договоре. Остерегайтесь предложений подписать договор с «партнерской» иностранной компанией.
3.  **Членство в СРО:** Убедитесь, что брокер состоит в Национальной ассоциации участников фондового рынка (НАУФОР).
4.  **Финансовые показатели:** Обратите внимание на размер брокера. Большие объемы торгов могут указывать на надежность компании.
5.  **Репутация:** Изучите сайт брокера, почитайте отзывы клиентов и поищите информацию о компании в финансовых новостях.
6.  **Пометка в поисковых системах:** В поисковых системах «Яндекс» и Mail.ru официальные сайты финансовых посредников с лицензией Банка России помечаются галочкой в синем кружке.

**Общие рекомендации:**

*   Будьте осторожны с предложениями, которые кажутся слишком хорошими, чтобы быть правдой.
*   Внимательно читайте все документы перед подписанием.
*   Если у вас возникли сомнения, обратитесь за консультацией к юристу или финансовому специалисту.
*   При обнаружении подозрительной деятельности сообщите об этом в Банк России или в полицию.
"
479,Как соотносится переплата по займам под 0% при просрочке с законным лимитом по краткосрочным кредитам?,"
Если вы не вернете заем вовремя, даже если он был выдан под 0%, это может обойтись вам дорого. Вот что нужно знать:

**Переплата при просрочке займа под 0% и законные лимиты:**

*   **Законные ограничения:** Для потребительских ссуд сроком до года максимальная переплата (включая проценты, штрафы, пени и другие сборы) не может превышать 1,3 суммы займа (с июля 2023 года). Ранее, с 2020 года, этот лимит был 1,5 суммы займа. Для займов свыше года предельной переплаты нет.
*   **Займы под 0%:** Займы под 0% обычно выдаются новым клиентам на небольшие суммы (до 10-30 тысяч рублей) и на короткий срок (до 30 дней). Главное условие – своевременное погашение.
*   **Просрочка:** Если вы просрочите платеж по займу, который изначально был под 0%, к вам будут применяться стандартные штрафы и пени, как и по любым другим займам. Это может значительно увеличить сумму к возврату и привести к тому, что переплата превысит допустимые лимиты, если просрочка будет существенной.
*   **Неустойка:** Размер неустойки ограничен законом – не более 0,1% от суммы займа за каждый день просрочки. Если МФО продолжает начислять проценты в период просрочки, общая сумма штрафов и пени не может превышать 20% годовых.
*   **Последствия просрочки:** Помимо финансовых потерь, просрочка платежа негативно влияет на вашу кредитную историю. Кредитор может передать информацию о просрочке в бюро кредитных историй, что затруднит получение кредитов в будущем. Также кредитор имеет право подать на вас в суд.

**Важно:**

*   Внимательно читайте договор займа, даже если ставка 0%. Обратите внимание на условия просрочки и размер штрафов.
*   Если вы понимаете, что не сможете вернуть долг вовремя, свяжитесь с МФО и обсудите возможные варианты (например, реструктуризацию долга).
*   Если у вас возникли вопросы или спорные ситуации с МФО, обратитесь к юристу или финансовому консультанту.

**В заключение:** Займ под 0% – это привлекательное предложение, но важно помнить о рисках, связанных с просрочкой платежа. Своевременное погашение – залог того, что вы вернете только ту сумму, которую взяли в долг."
480,"Как поступить, если пришло сообщение об ошибочном переводе с просьбой вернуть деньги?","
Вам пришло сообщение об ошибочном переводе с просьбой вернуть деньги? Вот что рекомендуется сделать, основываясь на предоставленной информации:

**1. Убедитесь, что деньги действительно поступили на ваш счет.**

К сожалению, мошенники часто рассылают фальшивые сообщения о переводах, чтобы обмануть людей и заставить их перевести деньги на свои счета. Не спешите выполнять просьбу отправителя, пока не убедитесь, что перевод действительно был совершен.

**2. Проверьте, точно ли это ошибка.**

Прежде чем возвращать деньги, убедитесь, что это действительно ошибочный перевод. Возможно, деньги были отправлены вам по праву – например, возврат долга или перерасчет от управляющей компании. Изучите историю операций в вашем банковском приложении или личном кабинете на сайте банка. Попробуйте связаться с отправителем, если его имя или организация вам знакомы, чтобы уточнить назначение платежа. Если самостоятельно определить отправителя не удалось, обратитесь в банк – возможно, они смогут предоставить дополнительную информацию.

**3. Если деньги пришли по ошибке, и вы намерены их вернуть:**

*   **Проверьте наличие кнопки ""Отправить обратно""** в вашем банковском приложении. Некоторые банки предоставляют такую функцию для упрощения возврата ошибочных переводов.
*   **Обратитесь в банк.** Если в приложении нет такой кнопки, свяжитесь с банком по телефону горячей линии или через чат поддержки и попросите вернуть деньги отправителю. Банк обязан выполнить ваше поручение, даже если перевод был совершен через Систему быстрых платежей (СБП), зная только номер телефона и банк отправителя.
*   **Возвращайте деньги на тот же счет, с которого они пришли.** Это очень важно, чтобы не стать соучастником мошеннической схемы. Мошенники могут просить вернуть деньги на другой счет, чтобы отмыть украденные средства.

**Важно помнить:**

*   Получение чужих денег считается неосновательным обогащением, но за это не предусмотрено наказание. Однако владелец денег может подать на вас в суд.
*   Банк не обязан возвращать деньги, которые вы получили по ошибке, но должен помочь вам осуществить обратный перевод.
*   Если банк отказывается пересылать деньги обратно, вы можете обратиться с жалобой в регулятора.

В заключение, будьте бдительны и осторожны при получении сообщений об ошибочных переводах. Всегда проверяйте информацию и следуйте рекомендациям вашего банка.
"
481,Как безопасно оформить ОСАГО онлайн через финансовую платформу?,"Оформление ОСАГО онлайн через финансовую платформу – удобный способ, но требует внимания к безопасности. Вот несколько важных моментов, которые следует учитывать:

**1. Проверка платформы:**

*   Убедитесь, что финансовая платформа, через которую вы собираетесь приобрести ОСАГО, входит в **реестр Банка России**. Это гарантирует, что платформа работает легально и соответствует требованиям регулятора.
*   Ищите **официальные адреса** маркетплейсов в реестре финансовых платформ Банка России, чтобы не попасть на сайт-двойник (фишинговую страницу).

**2. Проверка страховщика:**

*   Найдите информацию о страховщике на сайте Банка России и проверьте его **лицензию и официальные контакты**.
*   Если вы используете услуги **страхового агента или брокера**, убедитесь, что они имеют право продавать полисы от выбранной вами страховой компании. Эту информацию можно проверить на сайте страховой компании или в реестре Банка России для страховых брокеров.

**3. Внимательность при заполнении данных:**

*   Тщательно заполняйте и **перепроверяйте все данные** в полисе, чтобы избежать ошибок. Неточности могут привести к регрессным требованиям со стороны страховой компании в случае ДТП.
*   Предоставляйте страховщику **верные данные** о себе и своем автомобиле.

**4. Безопасность онлайн-платежей:**

*   Убедитесь, что сайт использует **безопасное соединение** (https:// в адресной строке).
*   Используйте **надежные пароли** и не сообщайте их третьим лицам.
*   Остерегайтесь **подозрительных ссылок** и писем, которые могут содержать вредоносное программное обеспечение.

**Преимущества использования финансовых маркетплейсов для покупки ОСАГО:**

*   **Простота выбора:** возможность фильтровать и сравнивать предложения разных страховых компаний по цене и другим параметрам.
*   **Доступность:** возможность купить полис онлайн круглосуточно.
*   **Безопасность:** финансовые платформы обязаны защищать ваши данные и обеспечивать безопасность платежей.
*   **Удобство:** некоторые платформы позволяют решить несколько финансовых вопросов в одном месте.

Если после покупки полиса вы обнаружили ошибку, немедленно свяжитесь со страховой компанией для ее исправления.

В случае возникновения проблем или сомнений, рекомендуется обратиться к юристу или финансовому специалисту для получения консультации.



"
482,Нужно ли банку считать ПДН при оформлении кредитных каникул для мобилизованного?,"Нет, при оформлении кредитных каникул для мобилизованного банку не нужно рассчитывать показатель долговой нагрузки (ПДН). Согласно предоставленной информации, определение ПДН не требуется при оформлении ипотечных или кредитных каникул, а также отсрочки выплат для мобилизованных.

В случае мобилизации, подать заявление о кредитных каникулах можно любым способом, указанным в договоре (через мобильное приложение, личный кабинет на сайте или по электронной почте), или позвонив на горячую линию. Заявление может подать как сам мобилизованный, так и доверенное лицо (доверенность заверять не обязательно). Подтверждающие документы можно предоставить позже, в течение 180 дней после демобилизации или окончания участия в СВО.
"
483,Какие онлайн‑сервисы МСП помогут на старте: где сделать бизнес‑план и где подать заявку на льготную поддержку?,"На сайте Корпорации МСП можно найти множество полезных онлайн-сервисов, которые помогут вам на старте бизнеса:

*   **Информация о мерах поддержки:** Вы можете узнать, какие меры поддержки действуют в вашем регионе и отрасли.
*   **Подача заявки на льготное кредитование или заем:** На сайте доступна возможность подать заявку на льготные финансовые инструменты.
*   **Поиск помещения для бизнеса:** Можно подобрать помещение для бизнеса с невысокой арендной платой.
*   **Бесплатное обучение:**  Предлагаются курсы для начинающих предпринимателей и персональные консультации по развитию бизнеса.

Что касается составления бизнес-плана, в материалах упоминается, что помощь в его подготовке могут оказать в центрах «Мой бизнес» в каждом регионе.

Для более подробной информации и получения конкретных рекомендаций, особенно в отношении составления бизнес-плана, рекомендую обратиться в ближайший центр «Мой бизнес». Там вам помогут адаптировать информацию под ваш конкретный случай. Также, вы можете посетить сайт МСП.РФ для получения более полных сведений."
484,Как изменился размер соцвычета на спорт в 2024 по сравнению с 2022?,"
В 2022 году максимальная сумма расходов на спорт и фитнес, с которых рассчитывался вычет, составляла 120 000 рублей в год, что позволяло вернуть до 15 600 рублей (120 000 х 13%).

С 2024 года лимит социального вычета увеличился до 150 000 рублей в год. Таким образом, максимальная сумма возврата по всем социальным расходам, включая спорт, выросла до 19 500 рублей (150 000 х 13%).

Важно помнить, что этот лимит в 150 000 рублей является общим для всех социальных расходов (лечение, обучение, страхование, спорт). Расходы на обучение детей и дорогостоящее лечение не входят в этот лимит и могут быть компенсированы сверх него.
"
485,"Что стоит сделать перед оформлением ипотеки, чтобы учесть обязательные расходы по кредиту?","
Прежде чем оформлять ипотеку, важно тщательно все спланировать и учесть все возможные расходы. Вот что стоит сделать:

**1. Оцените свои финансовые возможности:**

*   **Сумма кредита и первоначальный взнос:** Определите, какую сумму вы хотите взять в кредит и сколько у вас есть собственных средств для первоначального взноса. Обычно это 30% от стоимости недвижимости, но может варьироваться.
*   **Ежемесячный доход и расходы:** Оцените свой текущий и будущий доход, а также все регулярные расходы. Убедитесь, что ежемесячные платежи по ипотеке не будут превышать половину вашего дохода. Используйте кредитный калькулятор для расчета примерного размера платежей.
*   **Способ погашения:** Рассмотрите варианты дифференцированного и аннуитетного графиков погашения и выберите наиболее подходящий для вас.

**2. Учтите дополнительные расходы:**

*   **Государственная пошлина:** Необходимо оплатить государственную пошлину за регистрацию ипотеки в Росреестре.
*   **Оценка недвижимости:** Потребуется оплатить услуги оценщика для определения рыночной стоимости недвижимости.
*   **Страхование:**
    *   **Страхование залога:** Обязательное страхование недвижимости в пользу банка.
    *   **Страхование жизни и здоровья:** Банк может предложить оформить страхование жизни и здоровья заемщика, что может снизить процентную ставку по кредиту.
*   **Другие расходы:** Учитывайте возможные расходы на услуги нотариуса, юридическое сопровождение сделки и другие сопутствующие затраты.

**3. Оцените риски:**

*   **Потеря дохода:** Подумайте, что вы будете делать, если потеряете работу или ваш доход снизится. Создайте финансовую подушку безопасности.
*   **Валютный риск:** Если ваш доход в одной валюте, а кредит в другой, учитывайте возможность изменения обменного курса.
*   **Повреждение недвижимости:** Застрахуйте недвижимость от пожара и других рисков.

**4. Выберите банк и недвижимость:**

*   **Сравните предложения разных банков:** Обратите внимание на процентные ставки, условия кредитования, требования к заемщику и дополнительные расходы.
*   **Выберите недвижимость:** Убедитесь, что выбранная недвижимость соответствует вашим потребностям и финансовым возможностям.

**5. Подготовьте документы:**

*   Соберите пакет документов, необходимых для оформления ипотеки (паспорт, трудовая книжка, справка о доходах, документы на недвижимость и т.д.).

**Помните:** Ипотека – это серьезное финансовое обязательство. Важно тщательно все обдумать и взвесить все ""за"" и ""против"", прежде чем принимать окончательное решение. Если у вас возникнут вопросы, требующие юридической или финансовой экспертизы, рекомендуется обратиться к соответствующим специалистам.
"
486,"Где проверять легальность банков, страховщиков, платежных агрегаторов?","

Для проверки легальности финансовых организаций существуют следующие ресурсы:

*   **Банк России:** На сайте Банка России есть справочники, где можно проверить, входит ли организация в реестр банков, страховых компаний, микрофинансовых организаций (МФО), брокеров и других финансовых институтов.
*   **Государственный реестр МФО:** Для проверки МФО необходимо убедиться, что компания включена в государственный реестр МФО. Также стоит обращать внимание на ОГРН, ИНН и адрес кредитора, чтобы избежать двойников-нелегалов.
*   **Маркировка поисковых систем:** Сайты легальных финансовых организаций в поисковых системах «Яндекс» и Mail.ru обычно отмечены специальной маркировкой – синим кружочком с галочкой. Отсутствие галочки может указывать на нелегальную деятельность.
*   **Сайт страховой компании:** Проверить страховых агентов можно на сайте страховой компании, а страховых брокеров – в реестре Банка России.
*   **Реестр финансовых платформ:** При покупке страховки через маркетплейсы, убедитесь, что адрес сайта указан в реестре финансовых платформ.

**Общие рекомендации для защиты от мошенников:**

*   Проверяйте лицензию организации.
*   Не оставляйте свои персональные данные на сомнительных сайтах.
*   Не переводите деньги на счета, которые вам предлагают незнакомые люди.
*   Обращайте внимание на адрес сайта и его соответствие официальному сайту организации.
*   Если у вас возникли сомнения, позвоните в организацию по телефону, указанному на официальном сайте, и уточните информацию.

Если вы столкнулись с подозрительной деятельностью финансовой организации, вы можете обратиться в Банк России с жалобой. Также, в случае обмана, следует обратиться в полицию."
487,Чем отличается вклад от инвестиций по защите средств?,"
Вклад и инвестиции существенно отличаются по уровню защиты средств.

**Вклады (банковские депозиты)**:

*   **Надежность:** Вклады в банках – наиболее надежный способ хранения средств, поскольку они застрахованы государством через систему страхования вкладов (АСВ) в пределах 1,4 млн рублей. Это означает, что даже в случае банкротства банка, вы получите свои деньги обратно (в пределах указанной суммы).
*   **Гарантированный доход:** Проценты по вкладам фиксированы и известны заранее.
*   **Ограничения:** Доходность по вкладам обычно ниже, чем потенциальная доходность по инвестициям.

**Инвестиции (ИСЖ, структурные облигации, МФО и т.д.)**:

*   **Риск:** Инвестиции связаны с риском потери части или всей суммы вложений.  Падения стоимости активов происходят чаще, чем банкротства банков.
*   **Потенциально более высокая доходность:** Инвестиции могут принести более высокую доходность, чем вклады, но это не гарантировано.
*   **Отсутствие государственной страховки:**  Инвестиции, как правило, не защищены государственной системой страхования вкладов.  Например, вложения в МФО не застрахованы государством. Даже если МФК застрахована, сумма страховки обычно невелика и может не покрыть ваши убытки.
*   **Разные договоры:** При комбинированных продуктах (например, вклад + страхование жизни + инвестиции) вы подписываете несколько договоров с разными организациями (банк, страховая компания, брокер/доверительный управляющий). Важно понимать, какая часть ваших денег вложена в какой продукт и какие риски связаны с каждым из них.

**Важно помнить:**

*   Прежде чем инвестировать, необходимо создать ""финансовую подушку безопасности"" – иметь сумму, равную 3-6 месячным доходам, на депозите или накопительном счете.
*   Инвестиции – это не игра в казино, а результат хорошо продуманных действий.
*   Не стоит доверять предложениям ""уникальных"" и ""высокодоходных"" инструментов без тщательного анализа рисков.

В случае инвестиций в МФК, минимальная сумма вложений для физических лиц составляет 1,5 млн рублей, что говорит о необходимости серьезной оценки рисков.

Если вы рассматриваете инвестиции, рекомендуется проконсультироваться с финансовым специалистом или юристом, чтобы оценить свои риски и выбрать наиболее подходящий инструмент."
488,Нужно ли заемщику менять платежи при санации банка либо при отзыве лицензии?,"При санации банка условия по вашим вкладам и кредитам, включая сроки и процентные ставки, остаются прежними. Вам не нужно менять платежи, и вы, скорее всего, даже не заметите, что банку проводят санацию.

Однако, при отзыве лицензии у вашего банка, вы обязаны продолжать гасить долг. Но реквизиты для платежей изменятся. Новые реквизиты обычно появляются на сайте Агентства по страхованию вкладов (АСВ).  Вам необходимо будет вносить платежи по новым реквизитам другому банку, организации или АСВ, к которым перейдут все кредитные договоры старого банка. 

В любом случае, важно сохранять квитанции обо всех переводах. 
Для оплаты у вас есть несколько вариантов:
*   Специальный платежный портал АСВ (с комиссией 1% от суммы платежа, но не менее 50 рублей).
*   Офисы банков-агентов (без комиссии).
*   Любой действующий банк (может взиматься комиссия).

Не прерывайте платежи, так как просрочки могут негативно повлиять на вашу кредитную историю.
"
489,Как учитывать инфляцию в семейном финансовом плане?,"
Здравствуйте!

Чтобы эффективно составить семейный финансовый план, важно учитывать множество факторов. Вот что рекомендуется, основываясь на предоставленной информации:

**1. Учет интересов всех членов семьи:**

*   В финансовом планировании необходимо учитывать потребности каждого члена семьи. Это поможет избежать конфликтов и обеспечит общую заинтересованность в достижении финансовых целей.

**2. Страховая защита:**

*   Не пренебрегайте страхованием жизни, особенно если в семье есть кормильцы. Страховка поможет смягчить финансовые последствия утраты трудоспособности или потери кормильца.

**3. Пенсионные накопления:**

*   Не полагайтесь только на государственную пенсию. Начните формировать собственные пенсионные накопления, чтобы обеспечить себе достойный уровень жизни в будущем.

**4. Сбережения:**

*   Создайте финансовую «подушку безопасности» для покрытия непредвиденных расходов или потери работы. Открытие вклада в банке – надежный способ сохранить и приумножить сбережения, так как депозиты застрахованы государством. Рассмотрите возможность использования индивидуального инвестиционного счета (ИИС) для получения налоговых вычетов, но помните о рисках.

**5. Учет инфляции:**

*   Инфляция снижает покупательную способность денег. При планировании бюджета учитывайте возможные потери из-за роста цен.
*   **Как посчитать свою инфляцию:**
    *   Составьте список своих расходов за месяц (продукты, одежда, транспорт, ЖКХ и т.д.).
    *   Повторяйте этот список ежемесячно в течение года.
    *   Сравните расходы за текущий месяц с расходами за прошлый год, чтобы определить свой личный индекс роста цен.
    *   Используйте калькуляторы инфляции в интернете для упрощения расчетов.

**6. Формирование активов и избавление от пассивов:**

*   Разделите свои покупки и имущество на активы (приносящие доход) и пассивы (уменьшающие доход). Старайтесь увеличивать количество активов и уменьшать количество пассивов.

**7. Упрощение учета:**

*   Используйте программы-планировщики для ведения бюджета и распределения финансов. Они помогут отслеживать доходы и расходы, планировать крупные покупки и наглядно видеть, на что тратятся деньги.

**8. Планирование и постановка целей:**

*   Определите свои финансовые цели (например, первоначальный взнос на квартиру) и рассчитайте, сколько денег нужно накопить и за какой срок.
*   Учитывайте возможные риски: инфляцию, соблазны, изменения в доходах и расходах.

**9. Гибкость плана:**

*   Не воспринимайте план как догму. Мир меняется, и ваши приоритеты могут измениться. Регулярно пересматривайте и корректируйте свой план.

**Важно помнить:**

*   Экономия не означает ограничений. Планируйте покупки заранее, ищите выгодные предложения и акции.
*   Не стоит бояться вносить изменения в план, если это необходимо.

Если у вас есть конкретные вопросы, связанные с вашей финансовой ситуацией, я рекомендую обратиться к финансовому консультанту или юристу для получения профессиональной помощи. Они смогут разработать индивидуальный план, учитывающий ваши потребности и цели."
490,Почему банковский вклад безопаснее инвестиций в ПИФы?,"Банковский вклад безопаснее инвестиций в ПИФы по нескольким ключевым причинам:

*   **Страхование вкладов:** Вклады в банках застрахованы государством на сумму до 1,4 миллиона рублей. Это означает, что даже если банк потеряет лицензию, вы вернете свои деньги в пределах этой суммы. Инвестиции в ПИФы страхованию не подлежат.
*   **Гарантированный доход (в некоторых случаях):** По некоторым банковским вкладам доход фиксирован и гарантирован банком. При инвестициях в ПИФы доход не гарантирован – он зависит от рыночной ситуации и успешности работы управляющей компании. Вы можете как заработать, так и понести убытки.
*   **Отсутствие риска заморозки активов:** Вклады хранятся в рублях или валюте банка, и не подвержены риску заморозки, как это может произойти с иностранными активами в составе ПИФов из-за политической или санкционной ситуации.
*   **Простота и понятность:** Вклады обычно точнее и понятнее в плане условий, чем ПИФы, которые могут иметь сложные правила и комиссии.

В то же время, ПИФы, в отличие от банковских вкладов, предлагают потенциально более высокую доходность, но сопряжены с более высоким риском. Операции с ПИФами не застрахованы государственной системой страхования вкладов, а доходность по ним не гарантирована.
"
491,Какие ПИФы подходят для краткосрочной стратегии?,"Для краткосрочной инвестиционной стратегии, когда деньги могут понадобиться в любой момент, лучше всего подходят **открытые или биржевые ПИФы**. Это связано с тем, что паи этих фондов можно продать в любой рабочий день, что обеспечивает высокую ликвидность.

При выборе ПИФа для краткосрочной стратегии стоит обратить внимание на следующие моменты:

*   **Состав активов:** Для краткосрочных вложений предпочтительны ПИФы, инвестирующие в **ликвидные активы**, такие как акции крупных компаний, облигации федерального займа (ОФЗ) и другие государственные ценные бумаги.
*   **Доходность:** Важно изучить доходность ПИФа за последние 3-5 лет, но помните, что прошлые результаты не гарантируют будущих.
*   **Расходы:** Обратите внимание на размер вознаграждения управляющей компании (УК) и другие расходы, которые могут снизить вашу доходность.
*   **Стоимость чистых активов (СЧА):** Сравните СЧА разных ПИФов, чтобы оценить их эффективность и надежность.
*   **Управляющая компания (УК):** Изучите репутацию УК, ее лицензию и рейтинги, присвоенные рейтинговыми агентствами.

В целом, для краткосрочной стратегии лучше выбирать ПИФы с **консервативным или умеренным уровнем риска**, чтобы минимизировать вероятность потерь.

**Дополнительно:**

*   На сайте Национальной ассоциации участников фондового рынка (НАУФОР) можно найти информацию о различных ПИФах, сравнить их доходность и расходы, а также узнать о управляющих компаниях.
*   При выборе ПИФа через маркетплейс убедитесь, что он зарегистрирован в реестре финансовых платформ Банка России.

**Важно помнить:** Инвестиции всегда связаны с риском, и даже краткосрочные вложения могут привести к потере части или всей суммы. Перед принятием решения об инвестициях рекомендуется проконсультироваться с финансовым специалистом."
492,В чем различие условий вычетов по ИИС-1/ИИС-2?,"Различия между условиями вычетов по ИИС-1 и ИИС-2 заключаются в том, какой вид вычета они предоставляют:

*   **ИИС-1** позволяет получить **вычет на взносы**. Это означает, что вы можете вернуть часть внесенных на счет денег (до 400 000 рублей в год), но не больше суммы уплаченного за год НДФЛ. Для получения этого вычета необходимо иметь официальный доход, с которого удерживается НДФЛ.
*   **ИИС-2** предоставляет **вычет на доход**. В этом случае вы освобождаетесь от уплаты НДФЛ с прибыли, полученной от операций на ИИС. Наличие официального дохода для получения этого вычета не требуется.

Важно отметить, что до конца 2023 года нужно было выбирать между ИИС-1 и ИИС-2. С 2024 года разрешены только счета ИИС-3, которые предоставляют право на оба вида вычетов одновременно. Вы можете продолжать пользоваться уже открытыми счетами ИИС-1 или ИИС-2, либо трансформировать их в ИИС-3.

Также стоит помнить, что для получения налоговых вычетов по ИИС-1 и ИИС-2 необходимо, чтобы счет был открыт не менее трех лет. При закрытии счета до истечения этого срока вы потеряете право на налоговый вычет.
"
493,Какие страховки реально обязательны по закону?,"
По закону обязательными являются следующие виды страхования:

*   **Обязательное медицинское страхование (ОМС)**: позволяет бесплатно лечиться в поликлиниках и стационарах.
*   **Государственное пенсионное страхование**: гарантирует доход в старости.
*   **Страхование автогражданской ответственности (ОСАГО)**: необходимо всем водителям. При ДТП вместо виновника аварии деньги пострадавшему выплатит страховая компания.
*   **Страхование заложенной недвижимости при ипотеке**: защищает и заемщика, и банк — если жилье пострадает от пожара, наводления или других серьезных происшествий, страховки хватит на ремонт или покрытие долга по кредиту.
*   **Страхование ответственности перед клиентами** (для определенных видов бизнеса, например, нотариусов, оценщиков, турфирм, ломбардов).

Важно помнить, что компании, занимающиеся обязательным страхованием автогражданской ответственности (ОСАГО), обязаны продавать полисы всем желающим.

Также, банк может потребовать страхование имущества, которое является залогом по кредиту (например, жилья или автомобиля), но это не всегда является прямым требованием закона, а скорее условием предоставления кредита.
"
494,"Где монеты зачислят без комиссии, а где пополнение обойдется дороже?","
Согласно предоставленной информации:

*   **Зачисление монет без комиссии:** Монеты любого номинала можно зачислить на счет или вклад в банке без комиссии. Если менеджер отказывается, вы имеете право пожаловаться в Банк России.
*   **Пополнение телефона:** Пополнение через терминалы оплаты сотовой связи принимают монеты от 50 копеек, но комиссия будет от 8% и выше. Для небольших сумм может быть фиксированная комиссия (например, 6 рублей при пополнении менее 50 рублей).
*   **Обмен монет в банке:** Некоторые банки обменивают монеты на купюры, но могут взимать комиссию до 3%.
*   **Пополнение электронного кошелька:**
    *   Через СБП (Систему быстрых платежей) – бесплатно до 100 000 рублей в месяц. При превышении лимита – 0,5% от суммы, но не более 1500 рублей за операцию.
    *   Другие способы (с карты, с баланса телефона, с другого кошелька, через терминал) – комиссия может достигать 10% от суммы.

В целом, пополнение через СБП (в пределах лимита) и зачисление монет на счет в банке – самые выгодные варианты. Пополнение телефона и обмен монет в банке, как правило, обойдутся дороже.
"
495,Как проверить страховую компанию перед покупкой автостраховки?,"Проверка страховой компании перед покупкой автостраховки – важный шаг, чтобы избежать проблем в будущем. Вот основные критерии, которым следует уделить внимание:

**1. Лицензия:**

*   Убедитесь, что у страховой компании есть действующая лицензия на осуществление деятельности по страхованию автомобилей (автокаско или ОСАГО, в зависимости от того, что вы планируете покупать). 
*   Проверить наличие лицензии и вид разрешенной деятельности можно на сайте Банка России ([www.cbr.ru](http://www.cbr.ru)).

**2. Надежность:**

*   Банк России рассчитывает для страховщиков показатель финансовой устойчивости – отношение собственного капитала компании к сумме ее обязательств. 
*   Чем выше этот показатель, тем устойчивее финансовое положение компании и тем больше вероятность, что она сможет выполнить свои обязательства перед вами. Этот показатель также можно посмотреть на сайте Банка России.

**3. Репутация:**

*   Поищите отзывы о страховой компании в интернете. Обратите внимание на количество негативных отзывов, особенно на жалобы, связанные с трудностями при оформлении полиса или получении выплаты.
*   Оценивайте отзывы критически, но если вы видите закономерность в жалобах, это должно вас насторожить.

**4. Удобство обслуживания:**

*   Изучите сайт страховой компании: насколько он удобен и понятен, легко ли найти нужную информацию.
*   Наличие мобильного приложения может быть дополнительным плюсом.
*   Попробуйте связаться с компанией по телефону: насколько быстро вам отвечают и насколько компетентны сотрудники.
*   Узнайте, какие услуги доступны дистанционно: возможность внести изменения в полис, подать документы на выплату онлайн.
*   Если вам важно личное общение, узнайте, удобно ли расположены офисы компании.

**5. Дополнительные проверки при покупке полиса (особенно ОСАГО):**

*   **Проверка полиса на сайте НСИС:** После оформления полиса ОСАГО убедитесь, что он отображается на сайте Национального союза страховщиков ([https://www.nsis.ru/](https://www.nsis.ru/)). Если полиса нет в системе, это может быть признаком мошенничества.
*   **QR-код:** На бумажном бланке и в распечатке электронного полиса должен быть QR-код. Считайте его с помощью приложения на смартфоне и проверьте соответствие информации в полисе.
* **Проверка посредников:** Если вы покупаете полис через страхового агента или брокера, убедитесь, что у них есть полномочия на продажу полисов конкретной страховой компании. Проверить их можно на сайте или по телефону горячей линии страховщика.
* **Адрес продавца:** Удостоверьтесь, что адрес сайта компании, у которой вы покупаете полис, соответствует официальному адресу, указанному в реестрах Банка России.

**Важно помнить:**

*   Внимательно читайте правила страхования и условия договора перед его подписанием. Не стесняйтесь задавать вопросы, если что-то непонятно.
*   Уточните, в каких случаях вы получите выплату и какие условия должны быть соблюдены.
*   Обратите внимание на сроки возмещения ущерба.
*   Внимательно заполняйте и перепроверяйте данные в полисе. При обнаружении ошибок немедленно свяжитесь со страховой компанией.

Если у вас возникнут сомнения или сложные вопросы, рекомендуется обратиться за консультацией к юристу или финансовому специалисту.
"
496,В каких случаях банк обязан вернуть клиенту деньги при мошенническом переводе и при несанкционированной операции по карте?,"
Банк обязан вернуть клиенту деньги в следующих случаях:

**При мошенническом переводе (с 25 июля):**

*   Если банк не проверил номер карты или счета получателя на наличие в базе мошеннических реквизитов перед проведением перевода.
*   Если банк не остановил операцию на два дня и не уведомил клиента о подозрительности счета, на который осуществляется перевод.
*   Если клиент подаст заявление в банк в течение 30 календарных дней после перевода.

**При несанкционированной операции по карте (краже денег с карты):**

*   Если вы сообщили банку о краже денег с карты не позднее следующего дня после того, как банк вас уведомил о подозрительной операции.
*   Если вы не нарушали правила безопасности при использовании карты (не сообщали данные карты мошенникам, не хранили ПИН-код вместе с картой и т.д.).
*   Если банк не уведомил вас об операции, несмотря на свою обязанность это делать (например, не прислал СМС-оповещение). В этом случае банк обязан возместить потери даже при обнаружении кражи через длительное время.

**В обоих случаях важно:**

*   Как можно скорее сообщить в банк о случившемся и заблокировать карту.
*   Написать заявление в банк с требованием вернуть деньги и сохранить копию с отметкой о приеме.
*   Обратиться в правоохранительные органы с заявлением о хищении.

Если банк отказывается возвращать деньги, необходимо потребовать письменный отказ с обоснованием. В случае неудовлетворительного ответа, рекомендуется обратиться в суд.

**Важно помнить:** Если вы сами предоставили мошенникам данные карты или ПИН-код, банк, скорее всего, откажется возвращать деньги.
"
497,В каких случаях банк вправе приостанавливать операции бизнеса?,"Банки могут приостанавливать операции бизнеса в следующих случаях:

**1. Защита от мошенников:**

*   Если реквизиты получателя платежа есть в базе счетов, замеченных в мошеннических схемах, банк обязан заблокировать перевод на два дня и уведомить вас.
*   Если банк заподозрит необычную или подозрительную операцию (например, перевод на крупную сумму или новому контрагенту), он может приостановить ее на срок до двух дней для проверки.

**Что делать?** Сообщите вашему бизнес-партнеру о блокировке, чтобы он проверил свои реквизиты. Подтвердите или отмените платеж в банке.

**2. Неуплата налогов:**

*   По распоряжению налоговой инспекции банк может приостановить операции по всем вашим бизнес-счетам.
*   Налоговая инспекция обязана заранее уведомить вас о причинах приостановки.

**Что делать?** Устраните нарушения (подайте декларацию, оплатите налоги). После этого подайте в ФНС документы, подтверждающие исправление ситуации.

**3. Подозрение в отмывании преступных доходов (по закону № 115-ФЗ):**

*   Если банк увидит признаки возможного нарушения закона о противодействии отмыванию доходов и финансированию терроризма, он может отказать в проведении операции и потребовать объяснений.
*   Признаки могут включать крупные переводы за рубеж без указания назначения платежа, частые снятия крупных сумм после зачисления, операции, не соответствующие обычной деятельности компании.
*   Банк может ограничить доступ к ДБО или заблокировать корпоративную карту.

**Что делать?** Предоставьте банку документы, подтверждающие законность операции. Если банк отказывается пересматривать решение, обратитесь в Межведомственную комиссию.

В крайних случаях банк может заблокировать все счета, оставив возможность только для перечисления зарплат и налогов.

**Важно:** Банк обязан уведомить вас о причинах приостановки операции. Если вы считаете блокировку необоснованной, вы имеете право оспорить ее. В сложных случаях рекомендуется обратиться к юристу или финансовому специалисту для консультации.
"
498,Чем защита денег на банковских счетах отличается от вложений в НСЖ при проблемах у организации?,"Защита денег на банковских счетах и вложения в Негосударственный жилищный фонд (НСЖ) при проблемах у организации существенно отличаются.

**Защита денег на банковских счетах:**

*   **Страхование вкладов:** Ваша сумма на счете или вкладе застрахована государством через Агентство по страхованию вкладов (АСВ) в пределах 1,4 млн рублей (в некоторых случаях до 10 млн рублей, как описано выше).
*   **Компенсация:** Если банк теряет лицензию, АСВ выплачивает вам компенсацию в пределах застрахованной суммы.
*   **Процедура:** Вам необходимо обратиться в АСВ с заявлением для получения компенсации.

**Вложения в НСЖ:**

*   К сожалению, в предоставленных документах нет информации о вложениях в НСЖ. В данном случае, необходимо будет обратиться к юристу или финансовому специалисту, чтобы получить исчерпывающую информацию о защите ваших интересов при проблемах у организации, управляющей НСЖ.
*   Защита вложений в НСЖ регулируется другими нормативными актами, и порядок возврата средств может отличаться.
*   Зачастую, в случае банкротства организации, управляющей НСЖ, вернуть вложения в полном объеме может быть затруднительно.

**В заключение:**

Защита банковских вкладов гарантирована государством посредством системы страхования вкладов. В то время как в случае НСЖ, ситуация может быть более сложной и требует индивидуального рассмотрения с привлечением специалистов.
"
499,Что проверяют банки по бизнес-плану по сравнению с краудинвестингом?,"
Банки и краудинвестинговые платформы по-разному подходят к оценке бизнес-плана, хотя оба стремятся минимизировать свои риски.

**Банки** проверяют бизнес-план очень тщательно, уделяя особое внимание:

*   **Детальным расчетам:** Банкам важно видеть четкий план выхода бизнеса на самоокупаемость и погашение долга, с конкретными цифрами и обоснованиями.
*   **Реалистичности:** Банки оценивают, насколько реалистичны прогнозы и планы предпринимателя.
*   **Направлению средств:** Банки хотят знать, куда будут потрачены заемные деньги и как это повлияет на способность предпринимателя вернуть долг.
*   **Платежеспособности и надежности:** Банки оценивают общую финансовую устойчивость заемщика и экономическую ситуацию.

**Краудинвестинговые платформы** менее придирчивы, чем банки, но все же проверяют:

*   **Реальность бизнеса:** Платформы должны убедиться, что бизнес не является фиктивным.
*   **Потенциал заработка для инвесторов:** Платформы оценивают, есть ли у инвесторов шанс получить прибыль от вложенных средств.
*   **Наличие базовых документов:** Обычно требуются выписка из ЕГРЮЛ/ЕГРИП, данные о движении средств по счету, финансовая отчетность.
*   **Бизнес-стратегия:** Платформы просят предоставить описание бизнес-стратегии и детальный бизнес-план, чтобы убедиться в серьезности намерений предпринимателя.

В целом, банки более консервативны и требуют более детальной и обоснованной информации, в то время как краудинвестинговые платформы более гибкие, но также нуждаются в убедительных доказательствах жизнеспособности бизнеса.

Если у вас возникли проблемы с краудинвестинговой площадкой, вы можете обратиться в Банк России через интернет-приемную или мобильное приложение «ЦБ онлайн».

Если вам отказали в кредите, не отчаивайтесь. Критерии оценки надежности и платежеспособности у разных банков могут отличаться. Важно избегать ошибок в бизнес-плане и представить детальные и реалистичные расчеты.
"
500,Чем отличается банковское финансирование с госгарантией от краудлендинга?,"
Банковское финансирование с государственной гарантией и краудлендинг – это два разных способа получения финансирования, каждый со своими особенностями.

**Банковское финансирование с государственной гарантией** предполагает, что государство берет на себя часть рисков по вашему кредиту в банке. Это может облегчить получение кредита, особенно для тех, кому банк изначально может отказать. Условия кредитования (сумма, срок, процентная ставка) определяются банком, но с учетом государственной гарантии они могут быть более выгодными, чем без нее. При этом банк проводит тщательную проверку вашей компании и требует предоставления полного пакета документов.

**Краудлендинг**, как описано в предоставленных документах, – это заем от множества частных лиц и нефинансовых компаний через специальные инвестиционные платформы.  Ключевые отличия:

*   **Источник финансирования:** Банк (с государственной гарантией) vs. множество частных инвесторов.
*   **Процентные ставки:** Обычно в краудлендинге процентные ставки выше, чем в банке (в среднем 25% годовых).
*   **Формальности:** В краудлендинге формальностей меньше, и процесс получения денег может быть быстрее.
*   **Требования к заемщику:** Инвестиционные платформы проверяют предпринимателей не так придирчиво, как банки, но все же требуют подтверждения реальности бизнеса и предоставления документов (выписка из ЕГРЮЛ/ЕГРИП, данные из банка, финансовая отчетность, бизнес-план). Для краудлендинга обычно требуется, чтобы компания существовала не менее 10-12 месяцев, регулярно получала деньги на свой банковский счет и имела хорошую кредитную историю.

**В итоге:**

*   Если вам нужны более выгодные условия и вы готовы предоставить банку полный пакет документов, а также ваша компания соответствует требованиям, банковское финансирование с государственной гарантией может быть предпочтительным вариантом.
*   Если вам нужны деньги быстро, и вы готовы заплатить более высокую процентную ставку, а также ваша компания соответствует минимальным требованиям краудлендинговых платформ, краудлендинг может быть хорошим выбором.

Для принятия обоснованного решения, учитывающего конкретно вашу ситуацию, рекомендуется обратиться к финансовому специалисту."
